step,skill,xp,current,xpLevel,freeXP,freeLevel,membersXP,membersLevel
0,0,0,0,1,0,1,0,1
1,0,0,1,1,0,1,0,1
2,0,0,2,1,0,1,0,1
3,0,1,3,1,1,1,1,1
4,0,199999999,4,99,199999999,99,199999999,99
5,0,200000000,5,99,200000000,99,200000000,99
6,0,200000000,6,99,200000000,99,200000000,99
7,0,200000000,7,99,200000000,99,200000000,99
8,0,82,8,1,82,1,82,1
9,0,83,9,2,83,2,83,2
10,0,84,10,2,84,2,84,2
11,0,173,11,2,173,2,173,2
12,0,174,12,3,174,3,174,3
13,0,175,13,3,175,3,175,3
14,0,275,14,3,275,3,275,3
15,0,276,15,4,276,4,276,4
16,0,277,16,4,277,4,277,4
17,0,387,17,4,387,4,387,4
18,0,388,18,5,388,5,388,5
19,0,389,19,5,389,5,389,5
20,0,511,20,5,511,5,511,5
21,0,512,21,6,512,6,512,6
22,0,513,22,6,513,6,513,6
23,0,649,23,6,649,6,649,6
24,0,650,24,7,650,7,650,7
25,0,651,25,7,651,7,651,7
26,0,800,26,7,800,7,800,7
27,0,801,27,8,801,8,801,8
28,0,802,28,8,802,8,802,8
29,0,968,29,8,968,8,968,8
30,0,969,30,9,969,9,969,9
31,0,970,31,9,970,9,970,9
32,0,1153,32,9,1153,9,1153,9
33,0,1154,33,10,1154,10,1154,10
34,0,1155,34,10,1155,10,1155,10
35,0,1357,35,10,1357,10,1357,10
36,0,1358,36,11,1358,11,1358,11
37,0,1359,37,11,1359,11,1359,11
38,0,1583,38,11,1583,11,1583,11
39,0,1584,39,12,1584,12,1584,12
40,0,1585,40,12,1585,12,1585,12
41,0,1832,41,12,1832,12,1832,12
42,0,1833,42,13,1833,13,1833,13
43,0,1834,43,13,1834,13,1834,13
44,0,2106,44,13,2106,13,2106,13
45,0,2107,45,14,2107,14,2107,14
46,0,2108,46,14,2108,14,2108,14
47,0,2410,47,14,2410,14,2410,14
48,0,2411,48,15,2411,15,2411,15
49,0,2412,49,15,2412,15,2412,15
50,0,2745,50,15,2745,15,2745,15
51,0,2746,51,16,2746,16,2746,16
52,0,2747,52,16,2747,16,2747,16
53,0,3114,53,16,3114,16,3114,16
54,0,3115,54,17,3115,17,3115,17
55,0,3116,55,17,3116,17,3116,17
56,0,3522,56,17,3522,17,3522,17
57,0,3523,57,18,3523,18,3523,18
58,0,3524,58,18,3524,18,3524,18
59,0,3972,59,18,3972,18,3972,18
60,0,3973,60,19,3973,19,3973,19
61,0,3974,61,19,3974,19,3974,19
62,0,4469,62,19,4469,19,4469,19
63,0,4470,63,20,4470,20,4470,20
64,0,4471,64,20,4471,20,4471,20
65,0,5017,65,20,5017,20,5017,20
66,0,5018,66,21,5018,21,5018,21
67,0,5019,67,21,5019,21,5019,21
68,0,5623,68,21,5623,21,5623,21
69,0,5624,69,22,5624,22,5624,22
70,0,5625,70,22,5625,22,5625,22
71,0,6290,71,22,6290,22,6290,22
72,0,6291,72,23,6291,23,6291,23
73,0,6292,73,23,6292,23,6292,23
74,0,7027,74,23,7027,23,7027,23
75,0,7028,75,24,7028,24,7028,24
76,0,7029,76,24,7029,24,7029,24
77,0,7841,77,24,7841,24,7841,24
78,0,7842,78,25,7842,25,7842,25
79,0,7843,79,25,7843,25,7843,25
80,0,8739,80,25,8739,25,8739,25
81,0,8740,81,26,8740,26,8740,26
82,0,8741,82,26,8741,26,8741,26
83,0,9729,83,26,9729,26,9729,26
84,0,9730,84,27,9730,27,9730,27
85,0,9731,85,27,9731,27,9731,27
86,0,10823,86,27,10823,27,10823,27
87,0,10824,87,28,10824,28,10824,28
88,0,10825,88,28,10825,28,10825,28
89,0,12030,89,28,12030,28,12030,28
90,0,12031,90,29,12031,29,12031,29
91,0,12032,91,29,12032,29,12032,29
92,0,13362,92,29,13362,29,13362,29
93,0,13363,93,30,13363,30,13363,30
94,0,13364,94,30,13364,30,13364,30
95,0,14832,95,30,14832,30,14832,30
96,0,14833,96,31,14833,31,14833,31
97,0,14834,97,31,14834,31,14834,31
98,0,16455,98,31,16455,31,16455,31
99,0,16456,99,32,16456,32,16456,32
100,0,16457,100,32,16457,32,16457,32
101,0,18246,101,32,18246,32,18246,32
102,0,18247,102,33,18247,33,18247,33
103,0,18248,103,33,18248,33,18248,33
104,0,20223,104,33,20223,33,20223,33
105,0,20224,105,34,20224,34,20224,34
106,0,20225,106,34,20225,34,20225,34
107,0,22405,107,34,22405,34,22405,34
108,0,22406,108,35,22406,35,22406,35
109,0,22407,109,35,22407,35,22407,35
110,0,24814,110,35,24814,35,24814,35
111,0,24815,111,36,24815,36,24815,36
112,0,24816,112,36,24816,36,24816,36
113,0,27472,113,36,27472,36,27472,36
114,0,27473,114,37,27473,37,27473,37
115,0,27474,115,37,27474,37,27474,37
116,0,30407,116,37,30407,37,30407,37
117,0,30408,117,38,30408,38,30408,38
118,0,30409,118,38,30409,38,30409,38
119,0,33647,119,38,33647,38,33647,38
120,0,33648,120,39,33648,39,33648,39
121,0,33649,121,39,33649,39,33649,39
122,0,37223,122,39,37223,39,37223,39
123,0,37224,123,40,37224,40,37224,40
124,0,37225,124,40,37225,40,37225,40
125,0,41170,125,40,41170,40,41170,40
126,0,41171,126,41,41171,41,41171,41
127,0,41172,127,41,41172,41,41172,41
128,0,45528,128,41,45528,41,45528,41
129,0,45529,129,42,45529,42,45529,42
130,0,45530,130,42,45530,42,45530,42
131,0,50338,131,42,50338,42,50338,42
132,0,50339,132,43,50339,43,50339,43
133,0,50340,133,43,50340,43,50340,43
134,0,55648,134,43,55648,43,55648,43
135,0,55649,135,44,55649,44,55649,44
136,0,55650,136,44,55650,44,55650,44
137,0,61511,137,44,61511,44,61511,44
138,0,61512,138,45,61512,45,61512,45
139,0,61513,139,45,61513,45,61513,45
140,0,67982,140,45,67982,45,67982,45
141,0,67983,141,46,67983,46,67983,46
142,0,67984,142,46,67984,46,67984,46
143,0,75126,143,46,75126,46,75126,46
144,0,75127,144,47,75127,47,75127,47
145,0,75128,145,47,75128,47,75128,47
146,0,83013,146,47,83013,47,83013,47
147,0,83014,147,48,83014,48,83014,48
148,0,83015,148,48,83015,48,83015,48
149,0,91720,149,48,91720,48,91720,48
150,0,91721,150,49,91721,49,91721,49
151,0,91722,151,49,91722,49,91722,49
152,0,101332,152,49,101332,49,101332,49
153,0,101333,153,50,101333,50,101333,50
154,0,101334,154,50,101334,50,101334,50
155,0,111944,155,50,111944,50,111944,50
156,0,111945,156,51,111945,51,111945,51
157,0,111946,157,51,111946,51,111946,51
158,0,123659,158,51,123659,51,123659,51
159,0,123660,159,52,123660,52,123660,52
160,0,123661,160,52,123661,52,123661,52
161,0,136593,161,52,136593,52,136593,52
162,0,136594,162,53,136594,53,136594,53
163,0,136595,163,53,136595,53,136595,53
164,0,150871,164,53,150871,53,150871,53
165,0,150872,165,54,150872,54,150872,54
166,0,150873,166,54,150873,54,150873,54
167,0,166635,167,54,166635,54,166635,54
168,0,166636,168,55,166636,55,166636,55
169,0,166637,169,55,166637,55,166637,55
170,0,184039,170,55,184039,55,184039,55
171,0,184040,171,56,184040,56,184040,56
172,0,184041,172,56,184041,56,184041,56
173,0,203253,173,56,203253,56,203253,56
174,0,203254,174,57,203254,57,203254,57
175,0,203255,175,57,203255,57,203255,57
176,0,224465,176,57,224465,57,224465,57
177,0,224466,177,58,224466,58,224466,58
178,0,224467,178,58,224467,58,224467,58
179,0,247885,179,58,247885,58,247885,58
180,0,247886,180,59,247886,59,247886,59
181,0,247887,181,59,247887,59,247887,59
182,0,273741,182,59,273741,59,273741,59
183,0,273742,183,60,273742,60,273742,60
184,0,273743,184,60,273743,60,273743,60
185,0,302287,185,60,302287,60,302287,60
186,0,302288,186,61,302288,61,302288,61
187,0,302289,187,61,302289,61,302289,61
188,0,333803,188,61,333803,61,333803,61
189,0,333804,189,62,333804,62,333804,62
190,0,333805,190,62,333805,62,333805,62
191,0,368598,191,62,368598,62,368598,62
192,0,368599,192,63,368599,63,368599,63
193,0,368600,193,63,368600,63,368600,63
194,0,407014,194,63,407014,63,407014,63
195,0,407015,195,64,407015,64,407015,64
196,0,407016,196,64,407016,64,407016,64
197,0,449427,197,64,449427,64,449427,64
198,0,449428,198,65,449428,65,449428,65
199,0,449429,199,65,449429,65,449429,65
200,0,496253,200,65,496253,65,496253,65
201,0,496254,201,66,496254,66,496254,66
202,0,496255,202,66,496255,66,496255,66
203,0,547952,203,66,547952,66,547952,66
204,0,547953,204,67,547953,67,547953,67
205,0,547954,205,67,547954,67,547954,67
206,0,605031,206,67,605031,67,605031,67
207,0,605032,207,68,605032,68,605032,68
208,0,605033,208,68,605033,68,605033,68
209,0,668050,209,68,668050,68,668050,68
210,0,668051,210,69,668051,69,668051,69
211,0,668052,211,69,668052,69,668052,69
212,0,737626,212,69,737626,69,737626,69
213,0,737627,213,70,737627,70,737627,70
214,0,737628,214,70,737628,70,737628,70
215,0,814444,215,70,814444,70,814444,70
216,0,814445,216,71,814445,71,814445,71
217,0,814446,217,71,814446,71,814446,71
218,0,899256,218,71,899256,71,899256,71
219,0,899257,219,72,899257,72,899257,72
220,0,899258,220,72,899258,72,899258,72
221,0,992894,221,72,992894,72,992894,72
222,0,992895,222,73,992895,73,992895,73
223,0,992896,223,73,992896,73,992896,73
224,0,1096277,224,73,1096277,73,1096277,73
225,0,1096278,225,74,1096278,74,1096278,74
226,0,1096279,226,74,1096279,74,1096279,74
227,0,1210420,227,74,1210420,74,1210420,74
228,0,1210421,228,75,1210421,75,1210421,75
229,0,1210422,229,75,1210422,75,1210422,75
230,0,1336442,230,75,1336442,75,1336442,75
231,0,1336443,231,76,1336443,76,1336443,76
232,0,1336444,232,76,1336444,76,1336444,76
233,0,1475580,233,76,1475580,76,1475580,76
234,0,1475581,234,77,1475581,77,1475581,77
235,0,1475582,235,77,1475582,77,1475582,77
236,0,1629199,236,77,1629199,77,1629199,77
237,0,1629200,237,78,1629200,78,1629200,78
238,0,1629201,238,78,1629201,78,1629201,78
239,0,1798807,239,78,1798807,78,1798807,78
240,0,1798808,240,79,1798808,79,1798808,79
241,0,1798809,241,79,1798809,79,1798809,79
242,0,1986067,242,79,1986067,79,1986067,79
243,0,1986068,243,80,1986068,80,1986068,80
244,0,1986069,244,80,1986069,80,1986069,80
245,0,2192817,245,80,2192817,80,2192817,80
246,0,2192818,246,81,2192818,81,2192818,81
247,0,2192819,247,81,2192819,81,2192819,81
248,0,2421086,248,81,2421086,81,2421086,81
249,0,2421087,249,82,2421087,82,2421087,82
250,0,2421088,250,82,2421088,82,2421088,82
251,0,2673113,251,82,2673113,82,2673113,82
252,0,2673114,252,83,2673114,83,2673114,83
253,0,2673115,253,83,2673115,83,2673115,83
254,0,2951372,254,83,2951372,83,2951372,83
255,0,2951373,255,84,2951373,84,2951373,84
256,0,2951374,0,84,2951374,84,2951374,84
257,0,3258593,1,84,3258593,84,3258593,84
258,0,3258594,2,85,3258594,85,3258594,85
259,0,3258595,3,85,3258595,85,3258595,85
260,0,3597791,4,85,3597791,85,3597791,85
261,0,3597792,5,86,3597792,86,3597792,86
262,0,3597793,6,86,3597793,86,3597793,86
263,0,3972293,7,86,3972293,86,3972293,86
264,0,3972294,8,87,3972294,87,3972294,87
265,0,3972295,9,87,3972295,87,3972295,87
266,0,4385775,10,87,4385775,87,4385775,87
267,0,4385776,11,88,4385776,88,4385776,88
268,0,4385777,12,88,4385777,88,4385777,88
269,0,4842294,13,88,4842294,88,4842294,88
270,0,4842295,14,89,4842295,89,4842295,89
271,0,4842296,15,89,4842296,89,4842296,89
272,0,5346331,16,89,5346331,89,5346331,89
273,0,5346332,17,90,5346332,90,5346332,90
274,0,5346333,18,90,5346333,90,5346333,90
275,0,5902830,19,90,5902830,90,5902830,90
276,0,5902831,20,91,5902831,91,5902831,91
277,0,5902832,21,91,5902832,91,5902832,91
278,0,6517252,22,91,6517252,91,6517252,91
279,0,6517253,23,92,6517253,92,6517253,92
280,0,6517254,24,92,6517254,92,6517254,92
281,0,7195628,25,92,7195628,92,7195628,92
282,0,7195629,26,93,7195629,93,7195629,93
283,0,7195630,27,93,7195630,93,7195630,93
284,0,7944613,28,93,7944613,93,7944613,93
285,0,7944614,29,94,7944614,94,7944614,94
286,0,7944615,30,94,7944615,94,7944615,94
287,0,8771557,31,94,8771557,94,8771557,94
288,0,8771558,32,95,8771558,95,8771558,95
289,0,8771559,33,95,8771559,95,8771559,95
290,0,9684576,34,95,9684576,95,9684576,95
291,0,9684577,35,96,9684577,96,9684577,96
292,0,9684578,36,96,9684578,96,9684578,96
293,0,10692628,37,96,10692628,96,10692628,96
294,0,10692629,38,97,10692629,97,10692629,97
295,0,10692630,39,97,10692630,97,10692630,97
296,0,11805605,40,97,11805605,97,11805605,97
297,0,11805606,41,98,11805606,98,11805606,98
298,0,11805607,42,98,11805607,98,11805607,98
299,0,13034430,43,98,13034430,98,13034430,98
300,0,13034431,44,99,13034431,99,13034431,99
301,0,13034432,45,99,13034432,99,13034432,99
302,0,14391159,46,99,14391159,99,14391159,99
303,0,14391160,47,99,14391160,99,14391160,99
304,0,14391161,48,99,14391161,99,14391161,99
305,0,15889108,49,99,15889108,99,15889108,99
306,0,15889109,50,99,15889109,99,15889109,99
307,0,15889110,51,99,15889110,99,15889110,99
308,0,17542975,52,99,17542975,99,17542975,99
309,0,17542976,53,99,17542976,99,17542976,99
310,0,17542977,54,99,17542977,99,17542977,99
311,0,19368991,55,99,19368991,99,19368991,99
312,0,19368992,56,99,19368992,99,19368992,99
313,0,19368993,57,99,19368993,99,19368993,99
314,0,21385072,58,99,21385072,99,21385072,99
315,0,21385073,59,99,21385073,99,21385073,99
316,0,21385074,60,99,21385074,99,21385074,99
317,0,23611005,61,99,23611005,99,23611005,99
318,0,23611006,62,99,23611006,99,23611006,99
319,0,23611007,63,99,23611007,99,23611007,99
320,0,26068631,64,99,26068631,99,26068631,99
321,0,26068632,65,99,26068632,99,26068632,99
322,0,26068633,66,99,26068633,99,26068633,99
323,0,28782068,67,99,28782068,99,28782068,99
324,0,28782069,68,99,28782069,99,28782069,99
325,0,28782070,69,99,28782070,99,28782070,99
326,0,31777942,70,99,31777942,99,31777942,99
327,0,31777943,71,99,31777943,99,31777943,99
328,0,31777944,72,99,31777944,99,31777944,99
329,0,35085653,73,99,35085653,99,35085653,99
330,0,35085654,74,99,35085654,99,35085654,99
331,0,35085655,75,99,35085655,99,35085655,99
332,0,38737660,76,99,38737660,99,38737660,99
333,0,38737661,77,99,38737661,99,38737661,99
334,0,38737662,78,99,38737662,99,38737662,99
335,0,42769800,79,99,42769800,99,42769800,99
336,0,42769801,80,99,42769801,99,42769801,99
337,0,42769802,81,99,42769802,99,42769802,99
338,0,47221640,82,99,47221640,99,47221640,99
339,0,47221641,83,99,47221641,99,47221641,99
340,0,47221642,84,99,47221642,99,47221642,99
341,0,52136868,85,99,52136868,99,52136868,99
342,0,52136869,86,99,52136869,99,52136869,99
343,0,52136870,87,99,52136870,99,52136870,99
344,0,57563717,88,99,57563717,99,57563717,99
345,0,57563718,89,99,57563718,99,57563718,99
346,0,57563719,90,99,57563719,99,57563719,99
347,0,63555442,91,99,63555442,99,63555442,99
348,0,63555443,92,99,63555443,99,63555443,99
349,0,63555444,93,99,63555444,99,63555444,99
350,0,70170839,94,99,70170839,99,70170839,99
351,0,70170840,95,99,70170840,99,70170840,99
352,0,70170841,96,99,70170841,99,70170841,99
353,0,77474827,97,99,77474827,99,77474827,99
354,0,77474828,98,99,77474828,99,77474828,99
355,0,77474829,99,99,77474829,99,77474829,99
356,0,85539081,100,99,85539081,99,85539081,99
357,0,85539082,101,99,85539082,99,85539082,99
358,0,85539083,102,99,85539083,99,85539083,99
359,0,94442736,103,99,94442736,99,94442736,99
360,0,94442737,104,99,94442737,99,94442737,99
361,0,94442738,105,99,94442738,99,94442738,99
362,0,104273166,106,99,104273166,99,104273166,99
363,0,104273167,107,99,104273167,99,104273167,99
364,0,104273168,108,99,104273168,99,104273168,99
365,0,115126837,109,99,115126837,99,115126837,99
366,0,115126838,110,99,115126838,99,115126838,99
367,0,115126839,111,99,115126839,99,115126839,99
368,1,0,112,1,0,1,0,1
369,1,0,113,1,0,1,0,1
370,1,0,114,1,0,1,0,1
371,1,1,115,1,1,1,1,1
372,1,199999999,116,99,199999999,99,199999999,99
373,1,200000000,117,99,200000000,99,200000000,99
374,1,200000000,118,99,200000000,99,200000000,99
375,1,200000000,119,99,200000000,99,200000000,99
376,1,82,120,1,82,1,82,1
377,1,83,121,2,83,2,83,2
378,1,84,122,2,84,2,84,2
379,1,173,123,2,173,2,173,2
380,1,174,124,3,174,3,174,3
381,1,175,125,3,175,3,175,3
382,1,275,126,3,275,3,275,3
383,1,276,127,4,276,4,276,4
384,1,277,128,4,277,4,277,4
385,1,387,129,4,387,4,387,4
386,1,388,130,5,388,5,388,5
387,1,389,131,5,389,5,389,5
388,1,511,132,5,511,5,511,5
389,1,512,133,6,512,6,512,6
390,1,513,134,6,513,6,513,6
391,1,649,135,6,649,6,649,6
392,1,650,136,7,650,7,650,7
393,1,651,137,7,651,7,651,7
394,1,800,138,7,800,7,800,7
395,1,801,139,8,801,8,801,8
396,1,802,140,8,802,8,802,8
397,1,968,141,8,968,8,968,8
398,1,969,142,9,969,9,969,9
399,1,970,143,9,970,9,970,9
400,1,1153,144,9,1153,9,1153,9
401,1,1154,145,10,1154,10,1154,10
402,1,1155,146,10,1155,10,1155,10
403,1,1357,147,10,1357,10,1357,10
404,1,1358,148,11,1358,11,1358,11
405,1,1359,149,11,1359,11,1359,11
406,1,1583,150,11,1583,11,1583,11
407,1,1584,151,12,1584,12,1584,12
408,1,1585,152,12,1585,12,1585,12
409,1,1832,153,12,1832,12,1832,12
410,1,1833,154,13,1833,13,1833,13
411,1,1834,155,13,1834,13,1834,13
412,1,2106,156,13,2106,13,2106,13
413,1,2107,157,14,2107,14,2107,14
414,1,2108,158,14,2108,14,2108,14
415,1,2410,159,14,2410,14,2410,14
416,1,2411,160,15,2411,15,2411,15
417,1,2412,161,15,2412,15,2412,15
418,1,2745,162,15,2745,15,2745,15
419,1,2746,163,16,2746,16,2746,16
420,1,2747,164,16,2747,16,2747,16
421,1,3114,165,16,3114,16,3114,16
422,1,3115,166,17,3115,17,3115,17
423,1,3116,167,17,3116,17,3116,17
424,1,3522,168,17,3522,17,3522,17
425,1,3523,169,18,3523,18,3523,18
426,1,3524,170,18,3524,18,3524,18
427,1,3972,171,18,3972,18,3972,18
428,1,3973,172,19,3973,19,3973,19
429,1,3974,173,19,3974,19,3974,19
430,1,4469,174,19,4469,19,4469,19
431,1,4470,175,20,4470,20,4470,20
432,1,4471,176,20,4471,20,4471,20
433,1,5017,177,20,5017,20,5017,20
434,1,5018,178,21,5018,21,5018,21
435,1,5019,179,21,5019,21,5019,21
436,1,5623,180,21,5623,21,5623,21
437,1,5624,181,22,5624,22,5624,22
438,1,5625,182,22,5625,22,5625,22
439,1,6290,183,22,6290,22,6290,22
440,1,6291,184,23,6291,23,6291,23
441,1,6292,185,23,6292,23,6292,23
442,1,7027,186,23,7027,23,7027,23
443,1,7028,187,24,7028,24,7028,24
444,1,7029,188,24,7029,24,7029,24
445,1,7841,189,24,7841,24,7841,24
446,1,7842,190,25,7842,25,7842,25
447,1,7843,191,25,7843,25,7843,25
448,1,8739,192,25,8739,25,8739,25
449,1,8740,193,26,8740,26,8740,26
450,1,8741,194,26,8741,26,8741,26
451,1,9729,195,26,9729,26,9729,26
452,1,9730,196,27,9730,27,9730,27
453,1,9731,197,27,9731,27,9731,27
454,1,10823,198,27,10823,27,10823,27
455,1,10824,199,28,10824,28,10824,28
456,1,10825,200,28,10825,28,10825,28
457,1,12030,201,28,12030,28,12030,28
458,1,12031,202,29,12031,29,12031,29
459,1,12032,203,29,12032,29,12032,29
460,1,13362,204,29,13362,29,13362,29
461,1,13363,205,30,13363,30,13363,30
462,1,13364,206,30,13364,30,13364,30
463,1,14832,207,30,14832,30,14832,30
464,1,14833,208,31,14833,31,14833,31
465,1,14834,209,31,14834,31,14834,31
466,1,16455,210,31,16455,31,16455,31
467,1,16456,211,32,16456,32,16456,32
468,1,16457,212,32,16457,32,16457,32
469,1,18246,213,32,18246,32,18246,32
470,1,18247,214,33,18247,33,18247,33
471,1,18248,215,33,18248,33,18248,33
472,1,20223,216,33,20223,33,20223,33
473,1,20224,217,34,20224,34,20224,34
474,1,20225,218,34,20225,34,20225,34
475,1,22405,219,34,22405,34,22405,34
476,1,22406,220,35,22406,35,22406,35
477,1,22407,221,35,22407,35,22407,35
478,1,24814,222,35,24814,35,24814,35
479,1,24815,223,36,24815,36,24815,36
480,1,24816,224,36,24816,36,24816,36
481,1,27472,225,36,27472,36,27472,36
482,1,27473,226,37,27473,37,27473,37
483,1,27474,227,37,27474,37,27474,37
484,1,30407,228,37,30407,37,30407,37
485,1,30408,229,38,30408,38,30408,38
486,1,30409,230,38,30409,38,30409,38
487,1,33647,231,38,33647,38,33647,38
488,1,33648,232,39,33648,39,33648,39
489,1,33649,233,39,33649,39,33649,39
490,1,37223,234,39,37223,39,37223,39
491,1,37224,235,40,37224,40,37224,40
492,1,37225,236,40,37225,40,37225,40
493,1,41170,237,40,41170,40,41170,40
494,1,41171,238,41,41171,41,41171,41
495,1,41172,239,41,41172,41,41172,41
496,1,45528,240,41,45528,41,45528,41
497,1,45529,241,42,45529,42,45529,42
498,1,45530,242,42,45530,42,45530,42
499,1,50338,243,42,50338,42,50338,42
500,1,50339,244,43,50339,43,50339,43
501,1,50340,245,43,50340,43,50340,43
502,1,55648,246,43,55648,43,55648,43
503,1,55649,247,44,55649,44,55649,44
504,1,55650,248,44,55650,44,55650,44
505,1,61511,249,44,61511,44,61511,44
506,1,61512,250,45,61512,45,61512,45
507,1,61513,251,45,61513,45,61513,45
508,1,67982,252,45,67982,45,67982,45
509,1,67983,253,46,67983,46,67983,46
510,1,67984,254,46,67984,46,67984,46
511,1,75126,255,46,75126,46,75126,46
512,1,75127,0,47,75127,47,75127,47
513,1,75128,1,47,75128,47,75128,47
514,1,83013,2,47,83013,47,83013,47
515,1,83014,3,48,83014,48,83014,48
516,1,83015,4,48,83015,48,83015,48
517,1,91720,5,48,91720,48,91720,48
518,1,91721,6,49,91721,49,91721,49
519,1,91722,7,49,91722,49,91722,49
520,1,101332,8,49,101332,49,101332,49
521,1,101333,9,50,101333,50,101333,50
522,1,101334,10,50,101334,50,101334,50
523,1,111944,11,50,111944,50,111944,50
524,1,111945,12,51,111945,51,111945,51
525,1,111946,13,51,111946,51,111946,51
526,1,123659,14,51,123659,51,123659,51
527,1,123660,15,52,123660,52,123660,52
528,1,123661,16,52,123661,52,123661,52
529,1,136593,17,52,136593,52,136593,52
530,1,136594,18,53,136594,53,136594,53
531,1,136595,19,53,136595,53,136595,53
532,1,150871,20,53,150871,53,150871,53
533,1,150872,21,54,150872,54,150872,54
534,1,150873,22,54,150873,54,150873,54
535,1,166635,23,54,166635,54,166635,54
536,1,166636,24,55,166636,55,166636,55
537,1,166637,25,55,166637,55,166637,55
538,1,184039,26,55,184039,55,184039,55
539,1,184040,27,56,184040,56,184040,56
540,1,184041,28,56,184041,56,184041,56
541,1,203253,29,56,203253,56,203253,56
542,1,203254,30,57,203254,57,203254,57
543,1,203255,31,57,203255,57,203255,57
544,1,224465,32,57,224465,57,224465,57
545,1,224466,33,58,224466,58,224466,58
546,1,224467,34,58,224467,58,224467,58
547,1,247885,35,58,247885,58,247885,58
548,1,247886,36,59,247886,59,247886,59
549,1,247887,37,59,247887,59,247887,59
550,1,273741,38,59,273741,59,273741,59
551,1,273742,39,60,273742,60,273742,60
552,1,273743,40,60,273743,60,273743,60
553,1,302287,41,60,302287,60,302287,60
554,1,302288,42,61,302288,61,302288,61
555,1,302289,43,61,302289,61,302289,61
556,1,333803,44,61,333803,61,333803,61
557,1,333804,45,62,333804,62,333804,62
558,1,333805,46,62,333805,62,333805,62
559,1,368598,47,62,368598,62,368598,62
560,1,368599,48,63,368599,63,368599,63
561,1,368600,49,63,368600,63,368600,63
562,1,407014,50,63,407014,63,407014,63
563,1,407015,51,64,407015,64,407015,64
564,1,407016,52,64,407016,64,407016,64
565,1,449427,53,64,449427,64,449427,64
566,1,449428,54,65,449428,65,449428,65
567,1,449429,55,65,449429,65,449429,65
568,1,496253,56,65,496253,65,496253,65
569,1,496254,57,66,496254,66,496254,66
570,1,496255,58,66,496255,66,496255,66
571,1,547952,59,66,547952,66,547952,66
572,1,547953,60,67,547953,67,547953,67
573,1,547954,61,67,547954,67,547954,67
574,1,605031,62,67,605031,67,605031,67
575,1,605032,63,68,605032,68,605032,68
576,1,605033,64,68,605033,68,605033,68
577,1,668050,65,68,668050,68,668050,68
578,1,668051,66,69,668051,69,668051,69
579,1,668052,67,69,668052,69,668052,69
580,1,737626,68,69,737626,69,737626,69
581,1,737627,69,70,737627,70,737627,70
582,1,737628,70,70,737628,70,737628,70
583,1,814444,71,70,814444,70,814444,70
584,1,814445,72,71,814445,71,814445,71
585,1,814446,73,71,814446,71,814446,71
586,1,899256,74,71,899256,71,899256,71
587,1,899257,75,72,899257,72,899257,72
588,1,899258,76,72,899258,72,899258,72
589,1,992894,77,72,992894,72,992894,72
590,1,992895,78,73,992895,73,992895,73
591,1,992896,79,73,992896,73,992896,73
592,1,1096277,80,73,1096277,73,1096277,73
593,1,1096278,81,74,1096278,74,1096278,74
594,1,1096279,82,74,1096279,74,1096279,74
595,1,1210420,83,74,1210420,74,1210420,74
596,1,1210421,84,75,1210421,75,1210421,75
597,1,1210422,85,75,1210422,75,1210422,75
598,1,1336442,86,75,1336442,75,1336442,75
599,1,1336443,87,76,1336443,76,1336443,76
600,1,1336444,88,76,1336444,76,1336444,76
601,1,1475580,89,76,1475580,76,1475580,76
602,1,1475581,90,77,1475581,77,1475581,77
603,1,1475582,91,77,1475582,77,1475582,77
604,1,1629199,92,77,1629199,77,1629199,77
605,1,1629200,93,78,1629200,78,1629200,78
606,1,1629201,94,78,1629201,78,1629201,78
607,1,1798807,95,78,1798807,78,1798807,78
608,1,1798808,96,79,1798808,79,1798808,79
609,1,1798809,97,79,1798809,79,1798809,79
610,1,1986067,98,79,1986067,79,1986067,79
611,1,1986068,99,80,1986068,80,1986068,80
612,1,1986069,100,80,1986069,80,1986069,80
613,1,2192817,101,80,2192817,80,2192817,80
614,1,2192818,102,81,2192818,81,2192818,81
615,1,2192819,103,81,2192819,81,2192819,81
616,1,2421086,104,81,2421086,81,2421086,81
617,1,2421087,105,82,2421087,82,2421087,82
618,1,2421088,106,82,2421088,82,2421088,82
619,1,2673113,107,82,2673113,82,2673113,82
620,1,2673114,108,83,2673114,83,2673114,83
621,1,2673115,109,83,2673115,83,2673115,83
622,1,2951372,110,83,2951372,83,2951372,83
623,1,2951373,111,84,2951373,84,2951373,84
624,1,2951374,112,84,2951374,84,2951374,84
625,1,3258593,113,84,3258593,84,3258593,84
626,1,3258594,114,85,3258594,85,3258594,85
627,1,3258595,115,85,3258595,85,3258595,85
628,1,3597791,116,85,3597791,85,3597791,85
629,1,3597792,117,86,3597792,86,3597792,86
630,1,3597793,118,86,3597793,86,3597793,86
631,1,3972293,119,86,3972293,86,3972293,86
632,1,3972294,120,87,3972294,87,3972294,87
633,1,3972295,121,87,3972295,87,3972295,87
634,1,4385775,122,87,4385775,87,4385775,87
635,1,4385776,123,88,4385776,88,4385776,88
636,1,4385777,124,88,4385777,88,4385777,88
637,1,4842294,125,88,4842294,88,4842294,88
638,1,4842295,126,89,4842295,89,4842295,89
639,1,4842296,127,89,4842296,89,4842296,89
640,1,5346331,128,89,5346331,89,5346331,89
641,1,5346332,129,90,5346332,90,5346332,90
642,1,5346333,130,90,5346333,90,5346333,90
643,1,5902830,131,90,5902830,90,5902830,90
644,1,5902831,132,91,5902831,91,5902831,91
645,1,5902832,133,91,5902832,91,5902832,91
646,1,6517252,134,91,6517252,91,6517252,91
647,1,6517253,135,92,6517253,92,6517253,92
648,1,6517254,136,92,6517254,92,6517254,92
649,1,7195628,137,92,7195628,92,7195628,92
650,1,7195629,138,93,7195629,93,7195629,93
651,1,7195630,139,93,7195630,93,7195630,93
652,1,7944613,140,93,7944613,93,7944613,93
653,1,7944614,141,94,7944614,94,7944614,94
654,1,7944615,142,94,7944615,94,7944615,94
655,1,8771557,143,94,8771557,94,8771557,94
656,1,8771558,144,95,8771558,95,8771558,95
657,1,8771559,145,95,8771559,95,8771559,95
658,1,9684576,146,95,9684576,95,9684576,95
659,1,9684577,147,96,9684577,96,9684577,96
660,1,9684578,148,96,9684578,96,9684578,96
661,1,10692628,149,96,10692628,96,10692628,96
662,1,10692629,150,97,10692629,97,10692629,97
663,1,10692630,151,97,10692630,97,10692630,97
664,1,11805605,152,97,11805605,97,11805605,97
665,1,11805606,153,98,11805606,98,11805606,98
666,1,11805607,154,98,11805607,98,11805607,98
667,1,13034430,155,98,13034430,98,13034430,98
668,1,13034431,156,99,13034431,99,13034431,99
669,1,13034432,157,99,13034432,99,13034432,99
670,1,14391159,158,99,14391159,99,14391159,99
671,1,14391160,159,99,14391160,99,14391160,99
672,1,14391161,160,99,14391161,99,14391161,99
673,1,15889108,161,99,15889108,99,15889108,99
674,1,15889109,162,99,15889109,99,15889109,99
675,1,15889110,163,99,15889110,99,15889110,99
676,1,17542975,164,99,17542975,99,17542975,99
677,1,17542976,165,99,17542976,99,17542976,99
678,1,17542977,166,99,17542977,99,17542977,99
679,1,19368991,167,99,19368991,99,19368991,99
680,1,19368992,168,99,19368992,99,19368992,99
681,1,19368993,169,99,19368993,99,19368993,99
682,1,21385072,170,99,21385072,99,21385072,99
683,1,21385073,171,99,21385073,99,21385073,99
684,1,21385074,172,99,21385074,99,21385074,99
685,1,23611005,173,99,23611005,99,23611005,99
686,1,23611006,174,99,23611006,99,23611006,99
687,1,23611007,175,99,23611007,99,23611007,99
688,1,26068631,176,99,26068631,99,26068631,99
689,1,26068632,177,99,26068632,99,26068632,99
690,1,26068633,178,99,26068633,99,26068633,99
691,1,28782068,179,99,28782068,99,28782068,99
692,1,28782069,180,99,28782069,99,28782069,99
693,1,28782070,181,99,28782070,99,28782070,99
694,1,31777942,182,99,31777942,99,31777942,99
695,1,31777943,183,99,31777943,99,31777943,99
696,1,31777944,184,99,31777944,99,31777944,99
697,1,35085653,185,99,35085653,99,35085653,99
698,1,35085654,186,99,35085654,99,35085654,99
699,1,35085655,187,99,35085655,99,35085655,99
700,1,38737660,188,99,38737660,99,38737660,99
701,1,38737661,189,99,38737661,99,38737661,99
702,1,38737662,190,99,38737662,99,38737662,99
703,1,42769800,191,99,42769800,99,42769800,99
704,1,42769801,192,99,42769801,99,42769801,99
705,1,42769802,193,99,42769802,99,42769802,99
706,1,47221640,194,99,47221640,99,47221640,99
707,1,47221641,195,99,47221641,99,47221641,99
708,1,47221642,196,99,47221642,99,47221642,99
709,1,52136868,197,99,52136868,99,52136868,99
710,1,52136869,198,99,52136869,99,52136869,99
711,1,52136870,199,99,52136870,99,52136870,99
712,1,57563717,200,99,57563717,99,57563717,99
713,1,57563718,201,99,57563718,99,57563718,99
714,1,57563719,202,99,57563719,99,57563719,99
715,1,63555442,203,99,63555442,99,63555442,99
716,1,63555443,204,99,63555443,99,63555443,99
717,1,63555444,205,99,63555444,99,63555444,99
718,1,70170839,206,99,70170839,99,70170839,99
719,1,70170840,207,99,70170840,99,70170840,99
720,1,70170841,208,99,70170841,99,70170841,99
721,1,77474827,209,99,77474827,99,77474827,99
722,1,77474828,210,99,77474828,99,77474828,99
723,1,77474829,211,99,77474829,99,77474829,99
724,1,85539081,212,99,85539081,99,85539081,99
725,1,85539082,213,99,85539082,99,85539082,99
726,1,85539083,214,99,85539083,99,85539083,99
727,1,94442736,215,99,94442736,99,94442736,99
728,1,94442737,216,99,94442737,99,94442737,99
729,1,94442738,217,99,94442738,99,94442738,99
730,1,104273166,218,99,104273166,99,104273166,99
731,1,104273167,219,99,104273167,99,104273167,99
732,1,104273168,220,99,104273168,99,104273168,99
733,1,115126837,221,99,115126837,99,115126837,99
734,1,115126838,222,99,115126838,99,115126838,99
735,1,115126839,223,99,115126839,99,115126839,99
736,2,0,224,1,0,1,0,1
737,2,0,225,1,0,1,0,1
738,2,0,226,1,0,1,0,1
739,2,1,227,1,1,1,1,1
740,2,199999999,228,99,199999999,99,199999999,99
741,2,200000000,229,99,200000000,99,200000000,99
742,2,200000000,230,99,200000000,99,200000000,99
743,2,200000000,231,99,200000000,99,200000000,99
744,2,82,232,1,82,1,82,1
745,2,83,233,2,83,2,83,2
746,2,84,234,2,84,2,84,2
747,2,173,235,2,173,2,173,2
748,2,174,236,3,174,3,174,3
749,2,175,237,3,175,3,175,3
750,2,275,238,3,275,3,275,3
751,2,276,239,4,276,4,276,4
752,2,277,240,4,277,4,277,4
753,2,387,241,4,387,4,387,4
754,2,388,242,5,388,5,388,5
755,2,389,243,5,389,5,389,5
756,2,511,244,5,511,5,511,5
757,2,512,245,6,512,6,512,6
758,2,513,246,6,513,6,513,6
759,2,649,247,6,649,6,649,6
760,2,650,248,7,650,7,650,7
761,2,651,249,7,651,7,651,7
762,2,800,250,7,800,7,800,7
763,2,801,251,8,801,8,801,8
764,2,802,252,8,802,8,802,8
765,2,968,253,8,968,8,968,8
766,2,969,254,9,969,9,969,9
767,2,970,255,9,970,9,970,9
768,2,1153,0,9,1153,9,1153,9
769,2,1154,1,10,1154,10,1154,10
770,2,1155,2,10,1155,10,1155,10
771,2,1357,3,10,1357,10,1357,10
772,2,1358,4,11,1358,11,1358,11
773,2,1359,5,11,1359,11,1359,11
774,2,1583,6,11,1583,11,1583,11
775,2,1584,7,12,1584,12,1584,12
776,2,1585,8,12,1585,12,1585,12
777,2,1832,9,12,1832,12,1832,12
778,2,1833,10,13,1833,13,1833,13
779,2,1834,11,13,1834,13,1834,13
780,2,2106,12,13,2106,13,2106,13
781,2,2107,13,14,2107,14,2107,14
782,2,2108,14,14,2108,14,2108,14
783,2,2410,15,14,2410,14,2410,14
784,2,2411,16,15,2411,15,2411,15
785,2,2412,17,15,2412,15,2412,15
786,2,2745,18,15,2745,15,2745,15
787,2,2746,19,16,2746,16,2746,16
788,2,2747,20,16,2747,16,2747,16
789,2,3114,21,16,3114,16,3114,16
790,2,3115,22,17,3115,17,3115,17
791,2,3116,23,17,3116,17,3116,17
792,2,3522,24,17,3522,17,3522,17
793,2,3523,25,18,3523,18,3523,18
794,2,3524,26,18,3524,18,3524,18
795,2,3972,27,18,3972,18,3972,18
796,2,3973,28,19,3973,19,3973,19
797,2,3974,29,19,3974,19,3974,19
798,2,4469,30,19,4469,19,4469,19
799,2,4470,31,20,4470,20,4470,20
800,2,4471,32,20,4471,20,4471,20
801,2,5017,33,20,5017,20,5017,20
802,2,5018,34,21,5018,21,5018,21
803,2,5019,35,21,5019,21,5019,21
804,2,5623,36,21,5623,21,5623,21
805,2,5624,37,22,5624,22,5624,22
806,2,5625,38,22,5625,22,5625,22
807,2,6290,39,22,6290,22,6290,22
808,2,6291,40,23,6291,23,6291,23
809,2,6292,41,23,6292,23,6292,23
810,2,7027,42,23,7027,23,7027,23
811,2,7028,43,24,7028,24,7028,24
812,2,7029,44,24,7029,24,7029,24
813,2,7841,45,24,7841,24,7841,24
814,2,7842,46,25,7842,25,7842,25
815,2,7843,47,25,7843,25,7843,25
816,2,8739,48,25,8739,25,8739,25
817,2,8740,49,26,8740,26,8740,26
818,2,8741,50,26,8741,26,8741,26
819,2,9729,51,26,9729,26,9729,26
820,2,9730,52,27,9730,27,9730,27
821,2,9731,53,27,9731,27,9731,27
822,2,10823,54,27,10823,27,10823,27
823,2,10824,55,28,10824,28,10824,28
824,2,10825,56,28,10825,28,10825,28
825,2,12030,57,28,12030,28,12030,28
826,2,12031,58,29,12031,29,12031,29
827,2,12032,59,29,12032,29,12032,29
828,2,13362,60,29,13362,29,13362,29
829,2,13363,61,30,13363,30,13363,30
830,2,13364,62,30,13364,30,13364,30
831,2,14832,63,30,14832,30,14832,30
832,2,14833,64,31,14833,31,14833,31
833,2,14834,65,31,14834,31,14834,31
834,2,16455,66,31,16455,31,16455,31
835,2,16456,67,32,16456,32,16456,32
836,2,16457,68,32,16457,32,16457,32
837,2,18246,69,32,18246,32,18246,32
838,2,18247,70,33,18247,33,18247,33
839,2,18248,71,33,18248,33,18248,33
840,2,20223,72,33,20223,33,20223,33
841,2,20224,73,34,20224,34,20224,34
842,2,20225,74,34,20225,34,20225,34
843,2,22405,75,34,22405,34,22405,34
844,2,22406,76,35,22406,35,22406,35
845,2,22407,77,35,22407,35,22407,35
846,2,24814,78,35,24814,35,24814,35
847,2,24815,79,36,24815,36,24815,36
848,2,24816,80,36,24816,36,24816,36
849,2,27472,81,36,27472,36,27472,36
850,2,27473,82,37,27473,37,27473,37
851,2,27474,83,37,27474,37,27474,37
852,2,30407,84,37,30407,37,30407,37
853,2,30408,85,38,30408,38,30408,38
854,2,30409,86,38,30409,38,30409,38
855,2,33647,87,38,33647,38,33647,38
856,2,33648,88,39,33648,39,33648,39
857,2,33649,89,39,33649,39,33649,39
858,2,37223,90,39,37223,39,37223,39
859,2,37224,91,40,37224,40,37224,40
860,2,37225,92,40,37225,40,37225,40
861,2,41170,93,40,41170,40,41170,40
862,2,41171,94,41,41171,41,41171,41
863,2,41172,95,41,41172,41,41172,41
864,2,45528,96,41,45528,41,45528,41
865,2,45529,97,42,45529,42,45529,42
866,2,45530,98,42,45530,42,45530,42
867,2,50338,99,42,50338,42,50338,42
868,2,50339,100,43,50339,43,50339,43
869,2,50340,101,43,50340,43,50340,43
870,2,55648,102,43,55648,43,55648,43
871,2,55649,103,44,55649,44,55649,44
872,2,55650,104,44,55650,44,55650,44
873,2,61511,105,44,61511,44,61511,44
874,2,61512,106,45,61512,45,61512,45
875,2,61513,107,45,61513,45,61513,45
876,2,67982,108,45,67982,45,67982,45
877,2,67983,109,46,67983,46,67983,46
878,2,67984,110,46,67984,46,67984,46
879,2,75126,111,46,75126,46,75126,46
880,2,75127,112,47,75127,47,75127,47
881,2,75128,113,47,75128,47,75128,47
882,2,83013,114,47,83013,47,83013,47
883,2,83014,115,48,83014,48,83014,48
884,2,83015,116,48,83015,48,83015,48
885,2,91720,117,48,91720,48,91720,48
886,2,91721,118,49,91721,49,91721,49
887,2,91722,119,49,91722,49,91722,49
888,2,101332,120,49,101332,49,101332,49
889,2,101333,121,50,101333,50,101333,50
890,2,101334,122,50,101334,50,101334,50
891,2,111944,123,50,111944,50,111944,50
892,2,111945,124,51,111945,51,111945,51
893,2,111946,125,51,111946,51,111946,51
894,2,123659,126,51,123659,51,123659,51
895,2,123660,127,52,123660,52,123660,52
896,2,123661,128,52,123661,52,123661,52
897,2,136593,129,52,136593,52,136593,52
898,2,136594,130,53,136594,53,136594,53
899,2,136595,131,53,136595,53,136595,53
900,2,150871,132,53,150871,53,150871,53
901,2,150872,133,54,150872,54,150872,54
902,2,150873,134,54,150873,54,150873,54
903,2,166635,135,54,166635,54,166635,54
904,2,166636,136,55,166636,55,166636,55
905,2,166637,137,55,166637,55,166637,55
906,2,184039,138,55,184039,55,184039,55
907,2,184040,139,56,184040,56,184040,56
908,2,184041,140,56,184041,56,184041,56
909,2,203253,141,56,203253,56,203253,56
910,2,203254,142,57,203254,57,203254,57
911,2,203255,143,57,203255,57,203255,57
912,2,224465,144,57,224465,57,224465,57
913,2,224466,145,58,224466,58,224466,58
914,2,224467,146,58,224467,58,224467,58
915,2,247885,147,58,247885,58,247885,58
916,2,247886,148,59,247886,59,247886,59
917,2,247887,149,59,247887,59,247887,59
918,2,273741,150,59,273741,59,273741,59
919,2,273742,151,60,273742,60,273742,60
920,2,273743,152,60,273743,60,273743,60
921,2,302287,153,60,302287,60,302287,60
922,2,302288,154,61,302288,61,302288,61
923,2,302289,155,61,302289,61,302289,61
924,2,333803,156,61,333803,61,333803,61
925,2,333804,157,62,333804,62,333804,62
926,2,333805,158,62,333805,62,333805,62
927,2,368598,159,62,368598,62,368598,62
928,2,368599,160,63,368599,63,368599,63
929,2,368600,161,63,368600,63,368600,63
930,2,407014,162,63,407014,63,407014,63
931,2,407015,163,64,407015,64,407015,64
932,2,407016,164,64,407016,64,407016,64
933,2,449427,165,64,449427,64,449427,64
934,2,449428,166,65,449428,65,449428,65
935,2,449429,167,65,449429,65,449429,65
936,2,496253,168,65,496253,65,496253,65
937,2,496254,169,66,496254,66,496254,66
938,2,496255,170,66,496255,66,496255,66
939,2,547952,171,66,547952,66,547952,66
940,2,547953,172,67,547953,67,547953,67
941,2,547954,173,67,547954,67,547954,67
942,2,605031,174,67,605031,67,605031,67
943,2,605032,175,68,605032,68,605032,68
944,2,605033,176,68,605033,68,605033,68
945,2,668050,177,68,668050,68,668050,68
946,2,668051,178,69,668051,69,668051,69
947,2,668052,179,69,668052,69,668052,69
948,2,737626,180,69,737626,69,737626,69
949,2,737627,181,70,737627,70,737627,70
950,2,737628,182,70,737628,70,737628,70
951,2,814444,183,70,814444,70,814444,70
952,2,814445,184,71,814445,71,814445,71
953,2,814446,185,71,814446,71,814446,71
954,2,899256,186,71,899256,71,899256,71
955,2,899257,187,72,899257,72,899257,72
956,2,899258,188,72,899258,72,899258,72
957,2,992894,189,72,992894,72,992894,72
958,2,992895,190,73,992895,73,992895,73
959,2,992896,191,73,992896,73,992896,73
960,2,1096277,192,73,1096277,73,1096277,73
961,2,1096278,193,74,1096278,74,1096278,74
962,2,1096279,194,74,1096279,74,1096279,74
963,2,1210420,195,74,1210420,74,1210420,74
964,2,1210421,196,75,1210421,75,1210421,75
965,2,1210422,197,75,1210422,75,1210422,75
966,2,1336442,198,75,1336442,75,1336442,75
967,2,1336443,199,76,1336443,76,1336443,76
968,2,1336444,200,76,1336444,76,1336444,76
969,2,1475580,201,76,1475580,76,1475580,76
970,2,1475581,202,77,1475581,77,1475581,77
971,2,1475582,203,77,1475582,77,1475582,77
972,2,1629199,204,77,1629199,77,1629199,77
973,2,1629200,205,78,1629200,78,1629200,78
974,2,1629201,206,78,1629201,78,1629201,78
975,2,1798807,207,78,1798807,78,1798807,78
976,2,1798808,208,79,1798808,79,1798808,79
977,2,1798809,209,79,1798809,79,1798809,79
978,2,1986067,210,79,1986067,79,1986067,79
979,2,1986068,211,80,1986068,80,1986068,80
980,2,1986069,212,80,1986069,80,1986069,80
981,2,2192817,213,80,2192817,80,2192817,80
982,2,2192818,214,81,2192818,81,2192818,81
983,2,2192819,215,81,2192819,81,2192819,81
984,2,2421086,216,81,2421086,81,2421086,81
985,2,2421087,217,82,2421087,82,2421087,82
986,2,2421088,218,82,2421088,82,2421088,82
987,2,2673113,219,82,2673113,82,2673113,82
988,2,2673114,220,83,2673114,83,2673114,83
989,2,2673115,221,83,2673115,83,2673115,83
990,2,2951372,222,83,2951372,83,2951372,83
991,2,2951373,223,84,2951373,84,2951373,84
992,2,2951374,224,84,2951374,84,2951374,84
993,2,3258593,225,84,3258593,84,3258593,84
994,2,3258594,226,85,3258594,85,3258594,85
995,2,3258595,227,85,3258595,85,3258595,85
996,2,3597791,228,85,3597791,85,3597791,85
997,2,3597792,229,86,3597792,86,3597792,86
998,2,3597793,230,86,3597793,86,3597793,86
999,2,3972293,231,86,3972293,86,3972293,86
1000,2,3972294,232,87,3972294,87,3972294,87
1001,2,3972295,233,87,3972295,87,3972295,87
1002,2,4385775,234,87,4385775,87,4385775,87
1003,2,4385776,235,88,4385776,88,4385776,88
1004,2,4385777,236,88,4385777,88,4385777,88
1005,2,4842294,237,88,4842294,88,4842294,88
1006,2,4842295,238,89,4842295,89,4842295,89
1007,2,4842296,239,89,4842296,89,4842296,89
1008,2,5346331,240,89,5346331,89,5346331,89
1009,2,5346332,241,90,5346332,90,5346332,90
1010,2,5346333,242,90,5346333,90,5346333,90
1011,2,5902830,243,90,5902830,90,5902830,90
1012,2,5902831,244,91,5902831,91,5902831,91
1013,2,5902832,245,91,5902832,91,5902832,91
1014,2,6517252,246,91,6517252,91,6517252,91
1015,2,6517253,247,92,6517253,92,6517253,92
1016,2,6517254,248,92,6517254,92,6517254,92
1017,2,7195628,249,92,7195628,92,7195628,92
1018,2,7195629,250,93,7195629,93,7195629,93
1019,2,7195630,251,93,7195630,93,7195630,93
1020,2,7944613,252,93,7944613,93,7944613,93
1021,2,7944614,253,94,7944614,94,7944614,94
1022,2,7944615,254,94,7944615,94,7944615,94
1023,2,8771557,255,94,8771557,94,8771557,94
1024,2,8771558,0,95,8771558,95,8771558,95
1025,2,8771559,1,95,8771559,95,8771559,95
1026,2,9684576,2,95,9684576,95,9684576,95
1027,2,9684577,3,96,9684577,96,9684577,96
1028,2,9684578,4,96,9684578,96,9684578,96
1029,2,10692628,5,96,10692628,96,10692628,96
1030,2,10692629,6,97,10692629,97,10692629,97
1031,2,10692630,7,97,10692630,97,10692630,97
1032,2,11805605,8,97,11805605,97,11805605,97
1033,2,11805606,9,98,11805606,98,11805606,98
1034,2,11805607,10,98,11805607,98,11805607,98
1035,2,13034430,11,98,13034430,98,13034430,98
1036,2,13034431,12,99,13034431,99,13034431,99
1037,2,13034432,13,99,13034432,99,13034432,99
1038,2,14391159,14,99,14391159,99,14391159,99
1039,2,14391160,15,99,14391160,99,14391160,99
1040,2,14391161,16,99,14391161,99,14391161,99
1041,2,15889108,17,99,15889108,99,15889108,99
1042,2,15889109,18,99,15889109,99,15889109,99
1043,2,15889110,19,99,15889110,99,15889110,99
1044,2,17542975,20,99,17542975,99,17542975,99
1045,2,17542976,21,99,17542976,99,17542976,99
1046,2,17542977,22,99,17542977,99,17542977,99
1047,2,19368991,23,99,19368991,99,19368991,99
1048,2,19368992,24,99,19368992,99,19368992,99
1049,2,19368993,25,99,19368993,99,19368993,99
1050,2,21385072,26,99,21385072,99,21385072,99
1051,2,21385073,27,99,21385073,99,21385073,99
1052,2,21385074,28,99,21385074,99,21385074,99
1053,2,23611005,29,99,23611005,99,23611005,99
1054,2,23611006,30,99,23611006,99,23611006,99
1055,2,23611007,31,99,23611007,99,23611007,99
1056,2,26068631,32,99,26068631,99,26068631,99
1057,2,26068632,33,99,26068632,99,26068632,99
1058,2,26068633,34,99,26068633,99,26068633,99
1059,2,28782068,35,99,28782068,99,28782068,99
1060,2,28782069,36,99,28782069,99,28782069,99
1061,2,28782070,37,99,28782070,99,28782070,99
1062,2,31777942,38,99,31777942,99,31777942,99
1063,2,31777943,39,99,31777943,99,31777943,99
1064,2,31777944,40,99,31777944,99,31777944,99
1065,2,35085653,41,99,35085653,99,35085653,99
1066,2,35085654,42,99,35085654,99,35085654,99
1067,2,35085655,43,99,35085655,99,35085655,99
1068,2,38737660,44,99,38737660,99,38737660,99
1069,2,38737661,45,99,38737661,99,38737661,99
1070,2,38737662,46,99,38737662,99,38737662,99
1071,2,42769800,47,99,42769800,99,42769800,99
1072,2,42769801,48,99,42769801,99,42769801,99
1073,2,42769802,49,99,42769802,99,42769802,99
1074,2,47221640,50,99,47221640,99,47221640,99
1075,2,47221641,51,99,47221641,99,47221641,99
1076,2,47221642,52,99,47221642,99,47221642,99
1077,2,52136868,53,99,52136868,99,52136868,99
1078,2,52136869,54,99,52136869,99,52136869,99
1079,2,52136870,55,99,52136870,99,52136870,99
1080,2,57563717,56,99,57563717,99,57563717,99
1081,2,57563718,57,99,57563718,99,57563718,99
1082,2,57563719,58,99,57563719,99,57563719,99
1083,2,63555442,59,99,63555442,99,63555442,99
1084,2,63555443,60,99,63555443,99,63555443,99
1085,2,63555444,61,99,63555444,99,63555444,99
1086,2,70170839,62,99,70170839,99,70170839,99
1087,2,70170840,63,99,70170840,99,70170840,99
1088,2,70170841,64,99,70170841,99,70170841,99
1089,2,77474827,65,99,77474827,99,77474827,99
1090,2,77474828,66,99,77474828,99,77474828,99
1091,2,77474829,67,99,77474829,99,77474829,99
1092,2,85539081,68,99,85539081,99,85539081,99
1093,2,85539082,69,99,85539082,99,85539082,99
1094,2,85539083,70,99,85539083,99,85539083,99
1095,2,94442736,71,99,94442736,99,94442736,99
1096,2,94442737,72,99,94442737,99,94442737,99
1097,2,94442738,73,99,94442738,99,94442738,99
1098,2,104273166,74,99,104273166,99,104273166,99
1099,2,104273167,75,99,104273167,99,104273167,99
1100,2,104273168,76,99,104273168,99,104273168,99
1101,2,115126837,77,99,115126837,99,115126837,99
1102,2,115126838,78,99,115126838,99,115126838,99
1103,2,115126839,79,99,115126839,99,115126839,99
1104,3,0,80,1,0,1,0,1
1105,3,0,81,1,0,1,0,1
1106,3,0,82,1,0,1,0,1
1107,3,1,83,1,1,1,1,1
1108,3,199999999,84,99,199999999,99,199999999,99
1109,3,200000000,85,99,200000000,99,200000000,99
1110,3,200000000,86,99,200000000,99,200000000,99
1111,3,200000000,87,99,200000000,99,200000000,99
1112,3,82,88,1,82,1,82,1
1113,3,83,89,2,83,2,83,2
1114,3,84,90,2,84,2,84,2
1115,3,173,91,2,173,2,173,2
1116,3,174,92,3,174,3,174,3
1117,3,175,93,3,175,3,175,3
1118,3,275,94,3,275,3,275,3
1119,3,276,95,4,276,4,276,4
1120,3,277,96,4,277,4,277,4
1121,3,387,97,4,387,4,387,4
1122,3,388,98,5,388,5,388,5
1123,3,389,99,5,389,5,389,5
1124,3,511,100,5,511,5,511,5
1125,3,512,101,6,512,6,512,6
1126,3,513,102,6,513,6,513,6
1127,3,649,103,6,649,6,649,6
1128,3,650,104,7,650,7,650,7
1129,3,651,105,7,651,7,651,7
1130,3,800,106,7,800,7,800,7
1131,3,801,107,8,801,8,801,8
1132,3,802,108,8,802,8,802,8
1133,3,968,109,8,968,8,968,8
1134,3,969,110,9,969,9,969,9
1135,3,970,111,9,970,9,970,9
1136,3,1153,112,9,1153,9,1153,9
1137,3,1154,113,10,1154,10,1154,10
1138,3,1155,114,10,1155,10,1155,10
1139,3,1357,115,10,1357,10,1357,10
1140,3,1358,116,11,1358,11,1358,11
1141,3,1359,117,11,1359,11,1359,11
1142,3,1583,118,11,1583,11,1583,11
1143,3,1584,119,12,1584,12,1584,12
1144,3,1585,120,12,1585,12,1585,12
1145,3,1832,121,12,1832,12,1832,12
1146,3,1833,122,13,1833,13,1833,13
1147,3,1834,123,13,1834,13,1834,13
1148,3,2106,124,13,2106,13,2106,13
1149,3,2107,125,14,2107,14,2107,14
1150,3,2108,126,14,2108,14,2108,14
1151,3,2410,127,14,2410,14,2410,14
1152,3,2411,128,15,2411,15,2411,15
1153,3,2412,129,15,2412,15,2412,15
1154,3,2745,130,15,2745,15,2745,15
1155,3,2746,131,16,2746,16,2746,16
1156,3,2747,132,16,2747,16,2747,16
1157,3,3114,133,16,3114,16,3114,16
1158,3,3115,134,17,3115,17,3115,17
1159,3,3116,135,17,3116,17,3116,17
1160,3,3522,136,17,3522,17,3522,17
1161,3,3523,137,18,3523,18,3523,18
1162,3,3524,138,18,3524,18,3524,18
1163,3,3972,139,18,3972,18,3972,18
1164,3,3973,140,19,3973,19,3973,19
1165,3,3974,141,19,3974,19,3974,19
1166,3,4469,142,19,4469,19,4469,19
1167,3,4470,143,20,4470,20,4470,20
1168,3,4471,144,20,4471,20,4471,20
1169,3,5017,145,20,5017,20,5017,20
1170,3,5018,146,21,5018,21,5018,21
1171,3,5019,147,21,5019,21,5019,21
1172,3,5623,148,21,5623,21,5623,21
1173,3,5624,149,22,5624,22,5624,22
1174,3,5625,150,22,5625,22,5625,22
1175,3,6290,151,22,6290,22,6290,22
1176,3,6291,152,23,6291,23,6291,23
1177,3,6292,153,23,6292,23,6292,23
1178,3,7027,154,23,7027,23,7027,23
1179,3,7028,155,24,7028,24,7028,24
1180,3,7029,156,24,7029,24,7029,24
1181,3,7841,157,24,7841,24,7841,24
1182,3,7842,158,25,7842,25,7842,25
1183,3,7843,159,25,7843,25,7843,25
1184,3,8739,160,25,8739,25,8739,25
1185,3,8740,161,26,8740,26,8740,26
1186,3,8741,162,26,8741,26,8741,26
1187,3,9729,163,26,9729,26,9729,26
1188,3,9730,164,27,9730,27,9730,27
1189,3,9731,165,27,9731,27,9731,27
1190,3,10823,166,27,10823,27,10823,27
1191,3,10824,167,28,10824,28,10824,28
1192,3,10825,168,28,10825,28,10825,28
1193,3,12030,169,28,12030,28,12030,28
1194,3,12031,170,29,12031,29,12031,29
1195,3,12032,171,29,12032,29,12032,29
1196,3,13362,172,29,13362,29,13362,29
1197,3,13363,173,30,13363,30,13363,30
1198,3,13364,174,30,13364,30,13364,30
1199,3,14832,175,30,14832,30,14832,30
1200,3,14833,176,31,14833,31,14833,31
1201,3,14834,177,31,14834,31,14834,31
1202,3,16455,178,31,16455,31,16455,31
1203,3,16456,179,32,16456,32,16456,32
1204,3,16457,180,32,16457,32,16457,32
1205,3,18246,181,32,18246,32,18246,32
1206,3,18247,182,33,18247,33,18247,33
1207,3,18248,183,33,18248,33,18248,33
1208,3,20223,184,33,20223,33,20223,33
1209,3,20224,185,34,20224,34,20224,34
1210,3,20225,186,34,20225,34,20225,34
1211,3,22405,187,34,22405,34,22405,34
1212,3,22406,188,35,22406,35,22406,35
1213,3,22407,189,35,22407,35,22407,35
1214,3,24814,190,35,24814,35,24814,35
1215,3,24815,191,36,24815,36,24815,36
1216,3,24816,192,36,24816,36,24816,36
1217,3,27472,193,36,27472,36,27472,36
1218,3,27473,194,37,27473,37,27473,37
1219,3,27474,195,37,27474,37,27474,37
1220,3,30407,196,37,30407,37,30407,37
1221,3,30408,197,38,30408,38,30408,38
1222,3,30409,198,38,30409,38,30409,38
1223,3,33647,199,38,33647,38,33647,38
1224,3,33648,200,39,33648,39,33648,39
1225,3,33649,201,39,33649,39,33649,39
1226,3,37223,202,39,37223,39,37223,39
1227,3,37224,203,40,37224,40,37224,40
1228,3,37225,204,40,37225,40,37225,40
1229,3,41170,205,40,41170,40,41170,40
1230,3,41171,206,41,41171,41,41171,41
1231,3,41172,207,41,41172,41,41172,41
1232,3,45528,208,41,45528,41,45528,41
1233,3,45529,209,42,45529,42,45529,42
1234,3,45530,210,42,45530,42,45530,42
1235,3,50338,211,42,50338,42,50338,42
1236,3,50339,212,43,50339,43,50339,43
1237,3,50340,213,43,50340,43,50340,43
1238,3,55648,214,43,55648,43,55648,43
1239,3,55649,215,44,55649,44,55649,44
1240,3,55650,216,44,55650,44,55650,44
1241,3,61511,217,44,61511,44,61511,44
1242,3,61512,218,45,61512,45,61512,45
1243,3,61513,219,45,61513,45,61513,45
1244,3,67982,220,45,67982,45,67982,45
1245,3,67983,221,46,67983,46,67983,46
1246,3,67984,222,46,67984,46,67984,46
1247,3,75126,223,46,75126,46,75126,46
1248,3,75127,224,47,75127,47,75127,47
1249,3,75128,225,47,75128,47,75128,47
1250,3,83013,226,47,83013,47,83013,47
1251,3,83014,227,48,83014,48,83014,48
1252,3,83015,228,48,83015,48,83015,48
1253,3,91720,229,48,91720,48,91720,48
1254,3,91721,230,49,91721,49,91721,49
1255,3,91722,231,49,91722,49,91722,49
1256,3,101332,232,49,101332,49,101332,49
1257,3,101333,233,50,101333,50,101333,50
1258,3,101334,234,50,101334,50,101334,50
1259,3,111944,235,50,111944,50,111944,50
1260,3,111945,236,51,111945,51,111945,51
1261,3,111946,237,51,111946,51,111946,51
1262,3,123659,238,51,123659,51,123659,51
1263,3,123660,239,52,123660,52,123660,52
1264,3,123661,240,52,123661,52,123661,52
1265,3,136593,241,52,136593,52,136593,52
1266,3,136594,242,53,136594,53,136594,53
1267,3,136595,243,53,136595,53,136595,53
1268,3,150871,244,53,150871,53,150871,53
1269,3,150872,245,54,150872,54,150872,54
1270,3,150873,246,54,150873,54,150873,54
1271,3,166635,247,54,166635,54,166635,54
1272,3,166636,248,55,166636,55,166636,55
1273,3,166637,249,55,166637,55,166637,55
1274,3,184039,250,55,184039,55,184039,55
1275,3,184040,251,56,184040,56,184040,56
1276,3,184041,252,56,184041,56,184041,56
1277,3,203253,253,56,203253,56,203253,56
1278,3,203254,254,57,203254,57,203254,57
1279,3,203255,255,57,203255,57,203255,57
1280,3,224465,0,57,224465,57,224465,57
1281,3,224466,1,58,224466,58,224466,58
1282,3,224467,2,58,224467,58,224467,58
1283,3,247885,3,58,247885,58,247885,58
1284,3,247886,4,59,247886,59,247886,59
1285,3,247887,5,59,247887,59,247887,59
1286,3,273741,6,59,273741,59,273741,59
1287,3,273742,7,60,273742,60,273742,60
1288,3,273743,8,60,273743,60,273743,60
1289,3,302287,9,60,302287,60,302287,60
1290,3,302288,10,61,302288,61,302288,61
1291,3,302289,11,61,302289,61,302289,61
1292,3,333803,12,61,333803,61,333803,61
1293,3,333804,13,62,333804,62,333804,62
1294,3,333805,14,62,333805,62,333805,62
1295,3,368598,15,62,368598,62,368598,62
1296,3,368599,16,63,368599,63,368599,63
1297,3,368600,17,63,368600,63,368600,63
1298,3,407014,18,63,407014,63,407014,63
1299,3,407015,19,64,407015,64,407015,64
1300,3,407016,20,64,407016,64,407016,64
1301,3,449427,21,64,449427,64,449427,64
1302,3,449428,22,65,449428,65,449428,65
1303,3,449429,23,65,449429,65,449429,65
1304,3,496253,24,65,496253,65,496253,65
1305,3,496254,25,66,496254,66,496254,66
1306,3,496255,26,66,496255,66,496255,66
1307,3,547952,27,66,547952,66,547952,66
1308,3,547953,28,67,547953,67,547953,67
1309,3,547954,29,67,547954,67,547954,67
1310,3,605031,30,67,605031,67,605031,67
1311,3,605032,31,68,605032,68,605032,68
1312,3,605033,32,68,605033,68,605033,68
1313,3,668050,33,68,668050,68,668050,68
1314,3,668051,34,69,668051,69,668051,69
1315,3,668052,35,69,668052,69,668052,69
1316,3,737626,36,69,737626,69,737626,69
1317,3,737627,37,70,737627,70,737627,70
1318,3,737628,38,70,737628,70,737628,70
1319,3,814444,39,70,814444,70,814444,70
1320,3,814445,40,71,814445,71,814445,71
1321,3,814446,41,71,814446,71,814446,71
1322,3,899256,42,71,899256,71,899256,71
1323,3,899257,43,72,899257,72,899257,72
1324,3,899258,44,72,899258,72,899258,72
1325,3,992894,45,72,992894,72,992894,72
1326,3,992895,46,73,992895,73,992895,73
1327,3,992896,47,73,992896,73,992896,73
1328,3,1096277,48,73,1096277,73,1096277,73
1329,3,1096278,49,74,1096278,74,1096278,74
1330,3,1096279,50,74,1096279,74,1096279,74
1331,3,1210420,51,74,1210420,74,1210420,74
1332,3,1210421,52,75,1210421,75,1210421,75
1333,3,1210422,53,75,1210422,75,1210422,75
1334,3,1336442,54,75,1336442,75,1336442,75
1335,3,1336443,55,76,1336443,76,1336443,76
1336,3,1336444,56,76,1336444,76,1336444,76
1337,3,1475580,57,76,1475580,76,1475580,76
1338,3,1475581,58,77,1475581,77,1475581,77
1339,3,1475582,59,77,1475582,77,1475582,77
1340,3,1629199,60,77,1629199,77,1629199,77
1341,3,1629200,61,78,1629200,78,1629200,78
1342,3,1629201,62,78,1629201,78,1629201,78
1343,3,1798807,63,78,1798807,78,1798807,78
1344,3,1798808,64,79,1798808,79,1798808,79
1345,3,1798809,65,79,1798809,79,1798809,79
1346,3,1986067,66,79,1986067,79,1986067,79
1347,3,1986068,67,80,1986068,80,1986068,80
1348,3,1986069,68,80,1986069,80,1986069,80
1349,3,2192817,69,80,2192817,80,2192817,80
1350,3,2192818,70,81,2192818,81,2192818,81
1351,3,2192819,71,81,2192819,81,2192819,81
1352,3,2421086,72,81,2421086,81,2421086,81
1353,3,2421087,73,82,2421087,82,2421087,82
1354,3,2421088,74,82,2421088,82,2421088,82
1355,3,2673113,75,82,2673113,82,2673113,82
1356,3,2673114,76,83,2673114,83,2673114,83
1357,3,2673115,77,83,2673115,83,2673115,83
1358,3,2951372,78,83,2951372,83,2951372,83
1359,3,2951373,79,84,2951373,84,2951373,84
1360,3,2951374,80,84,2951374,84,2951374,84
1361,3,3258593,81,84,3258593,84,3258593,84
1362,3,3258594,82,85,3258594,85,3258594,85
1363,3,3258595,83,85,3258595,85,3258595,85
1364,3,3597791,84,85,3597791,85,3597791,85
1365,3,3597792,85,86,3597792,86,3597792,86
1366,3,3597793,86,86,3597793,86,3597793,86
1367,3,3972293,87,86,3972293,86,3972293,86
1368,3,3972294,88,87,3972294,87,3972294,87
1369,3,3972295,89,87,3972295,87,3972295,87
1370,3,4385775,90,87,4385775,87,4385775,87
1371,3,4385776,91,88,4385776,88,4385776,88
1372,3,4385777,92,88,4385777,88,4385777,88
1373,3,4842294,93,88,4842294,88,4842294,88
1374,3,4842295,94,89,4842295,89,4842295,89
1375,3,4842296,95,89,4842296,89,4842296,89
1376,3,5346331,96,89,5346331,89,5346331,89
1377,3,5346332,97,90,5346332,90,5346332,90
1378,3,5346333,98,90,5346333,90,5346333,90
1379,3,5902830,99,90,5902830,90,5902830,90
1380,3,5902831,100,91,5902831,91,5902831,91
1381,3,5902832,101,91,5902832,91,5902832,91
1382,3,6517252,102,91,6517252,91,6517252,91
1383,3,6517253,103,92,6517253,92,6517253,92
1384,3,6517254,104,92,6517254,92,6517254,92
1385,3,7195628,105,92,7195628,92,7195628,92
1386,3,7195629,106,93,7195629,93,7195629,93
1387,3,7195630,107,93,7195630,93,7195630,93
1388,3,7944613,108,93,7944613,93,7944613,93
1389,3,7944614,109,94,7944614,94,7944614,94
1390,3,7944615,110,94,7944615,94,7944615,94
1391,3,8771557,111,94,8771557,94,8771557,94
1392,3,8771558,112,95,8771558,95,8771558,95
1393,3,8771559,113,95,8771559,95,8771559,95
1394,3,9684576,114,95,9684576,95,9684576,95
1395,3,9684577,115,96,9684577,96,9684577,96
1396,3,9684578,116,96,9684578,96,9684578,96
1397,3,10692628,117,96,10692628,96,10692628,96
1398,3,10692629,118,97,10692629,97,10692629,97
1399,3,10692630,119,97,10692630,97,10692630,97
1400,3,11805605,120,97,11805605,97,11805605,97
1401,3,11805606,121,98,11805606,98,11805606,98
1402,3,11805607,122,98,11805607,98,11805607,98
1403,3,13034430,123,98,13034430,98,13034430,98
1404,3,13034431,124,99,13034431,99,13034431,99
1405,3,13034432,125,99,13034432,99,13034432,99
1406,3,14391159,126,99,14391159,99,14391159,99
1407,3,14391160,127,99,14391160,99,14391160,99
1408,3,14391161,128,99,14391161,99,14391161,99
1409,3,15889108,129,99,15889108,99,15889108,99
1410,3,15889109,130,99,15889109,99,15889109,99
1411,3,15889110,131,99,15889110,99,15889110,99
1412,3,17542975,132,99,17542975,99,17542975,99
1413,3,17542976,133,99,17542976,99,17542976,99
1414,3,17542977,134,99,17542977,99,17542977,99
1415,3,19368991,135,99,19368991,99,19368991,99
1416,3,19368992,136,99,19368992,99,19368992,99
1417,3,19368993,137,99,19368993,99,19368993,99
1418,3,21385072,138,99,21385072,99,21385072,99
1419,3,21385073,139,99,21385073,99,21385073,99
1420,3,21385074,140,99,21385074,99,21385074,99
1421,3,23611005,141,99,23611005,99,23611005,99
1422,3,23611006,142,99,23611006,99,23611006,99
1423,3,23611007,143,99,23611007,99,23611007,99
1424,3,26068631,144,99,26068631,99,26068631,99
1425,3,26068632,145,99,26068632,99,26068632,99
1426,3,26068633,146,99,26068633,99,26068633,99
1427,3,28782068,147,99,28782068,99,28782068,99
1428,3,28782069,148,99,28782069,99,28782069,99
1429,3,28782070,149,99,28782070,99,28782070,99
1430,3,31777942,150,99,31777942,99,31777942,99
1431,3,31777943,151,99,31777943,99,31777943,99
1432,3,31777944,152,99,31777944,99,31777944,99
1433,3,35085653,153,99,35085653,99,35085653,99
1434,3,35085654,154,99,35085654,99,35085654,99
1435,3,35085655,155,99,35085655,99,35085655,99
1436,3,38737660,156,99,38737660,99,38737660,99
1437,3,38737661,157,99,38737661,99,38737661,99
1438,3,38737662,158,99,38737662,99,38737662,99
1439,3,42769800,159,99,42769800,99,42769800,99
1440,3,42769801,160,99,42769801,99,42769801,99
1441,3,42769802,161,99,42769802,99,42769802,99
1442,3,47221640,162,99,47221640,99,47221640,99
1443,3,47221641,163,99,47221641,99,47221641,99
1444,3,47221642,164,99,47221642,99,47221642,99
1445,3,52136868,165,99,52136868,99,52136868,99
1446,3,52136869,166,99,52136869,99,52136869,99
1447,3,52136870,167,99,52136870,99,52136870,99
1448,3,57563717,168,99,57563717,99,57563717,99
1449,3,57563718,169,99,57563718,99,57563718,99
1450,3,57563719,170,99,57563719,99,57563719,99
1451,3,63555442,171,99,63555442,99,63555442,99
1452,3,63555443,172,99,63555443,99,63555443,99
1453,3,63555444,173,99,63555444,99,63555444,99
1454,3,70170839,174,99,70170839,99,70170839,99
1455,3,70170840,175,99,70170840,99,70170840,99
1456,3,70170841,176,99,70170841,99,70170841,99
1457,3,77474827,177,99,77474827,99,77474827,99
1458,3,77474828,178,99,77474828,99,77474828,99
1459,3,77474829,179,99,77474829,99,77474829,99
1460,3,85539081,180,99,85539081,99,85539081,99
1461,3,85539082,181,99,85539082,99,85539082,99
1462,3,85539083,182,99,85539083,99,85539083,99
1463,3,94442736,183,99,94442736,99,94442736,99
1464,3,94442737,184,99,94442737,99,94442737,99
1465,3,94442738,185,99,94442738,99,94442738,99
1466,3,104273166,186,99,104273166,99,104273166,99
1467,3,104273167,187,99,104273167,99,104273167,99
1468,3,104273168,188,99,104273168,99,104273168,99
1469,3,115126837,189,99,115126837,99,115126837,99
1470,3,115126838,190,99,115126838,99,115126838,99
1471,3,115126839,191,99,115126839,99,115126839,99
1472,4,0,192,1,0,1,0,1
1473,4,0,193,1,0,1,0,1
1474,4,0,194,1,0,1,0,1
1475,4,1,195,1,1,1,1,1
1476,4,199999999,196,99,199999999,99,199999999,99
1477,4,200000000,197,99,200000000,99,200000000,99
1478,4,200000000,198,99,200000000,99,200000000,99
1479,4,200000000,199,99,200000000,99,200000000,99
1480,4,82,200,1,82,1,82,1
1481,4,83,201,2,83,2,83,2
1482,4,84,202,2,84,2,84,2
1483,4,173,203,2,173,2,173,2
1484,4,174,204,3,174,3,174,3
1485,4,175,205,3,175,3,175,3
1486,4,275,206,3,275,3,275,3
1487,4,276,207,4,276,4,276,4
1488,4,277,208,4,277,4,277,4
1489,4,387,209,4,387,4,387,4
1490,4,388,210,5,388,5,388,5
1491,4,389,211,5,389,5,389,5
1492,4,511,212,5,511,5,511,5
1493,4,512,213,6,512,6,512,6
1494,4,513,214,6,513,6,513,6
1495,4,649,215,6,649,6,649,6
1496,4,650,216,7,650,7,650,7
1497,4,651,217,7,651,7,651,7
1498,4,800,218,7,800,7,800,7
1499,4,801,219,8,801,8,801,8
1500,4,802,220,8,802,8,802,8
1501,4,968,221,8,968,8,968,8
1502,4,969,222,9,969,9,969,9
1503,4,970,223,9,970,9,970,9
1504,4,1153,224,9,1153,9,1153,9
1505,4,1154,225,10,1154,10,1154,10
1506,4,1155,226,10,1155,10,1155,10
1507,4,1357,227,10,1357,10,1357,10
1508,4,1358,228,11,1358,11,1358,11
1509,4,1359,229,11,1359,11,1359,11
1510,4,1583,230,11,1583,11,1583,11
1511,4,1584,231,12,1584,12,1584,12
1512,4,1585,232,12,1585,12,1585,12
1513,4,1832,233,12,1832,12,1832,12
1514,4,1833,234,13,1833,13,1833,13
1515,4,1834,235,13,1834,13,1834,13
1516,4,2106,236,13,2106,13,2106,13
1517,4,2107,237,14,2107,14,2107,14
1518,4,2108,238,14,2108,14,2108,14
1519,4,2410,239,14,2410,14,2410,14
1520,4,2411,240,15,2411,15,2411,15
1521,4,2412,241,15,2412,15,2412,15
1522,4,2745,242,15,2745,15,2745,15
1523,4,2746,243,16,2746,16,2746,16
1524,4,2747,244,16,2747,16,2747,16
1525,4,3114,245,16,3114,16,3114,16
1526,4,3115,246,17,3115,17,3115,17
1527,4,3116,247,17,3116,17,3116,17
1528,4,3522,248,17,3522,17,3522,17
1529,4,3523,249,18,3523,18,3523,18
1530,4,3524,250,18,3524,18,3524,18
1531,4,3972,251,18,3972,18,3972,18
1532,4,3973,252,19,3973,19,3973,19
1533,4,3974,253,19,3974,19,3974,19
1534,4,4469,254,19,4469,19,4469,19
1535,4,4470,255,20,4470,20,4470,20
1536,4,4471,0,20,4471,20,4471,20
1537,4,5017,1,20,5017,20,5017,20
1538,4,5018,2,21,5018,21,5018,21
1539,4,5019,3,21,5019,21,5019,21
1540,4,5623,4,21,5623,21,5623,21
1541,4,5624,5,22,5624,22,5624,22
1542,4,5625,6,22,5625,22,5625,22
1543,4,6290,7,22,6290,22,6290,22
1544,4,6291,8,23,6291,23,6291,23
1545,4,6292,9,23,6292,23,6292,23
1546,4,7027,10,23,7027,23,7027,23
1547,4,7028,11,24,7028,24,7028,24
1548,4,7029,12,24,7029,24,7029,24
1549,4,7841,13,24,7841,24,7841,24
1550,4,7842,14,25,7842,25,7842,25
1551,4,7843,15,25,7843,25,7843,25
1552,4,8739,16,25,8739,25,8739,25
1553,4,8740,17,26,8740,26,8740,26
1554,4,8741,18,26,8741,26,8741,26
1555,4,9729,19,26,9729,26,9729,26
1556,4,9730,20,27,9730,27,9730,27
1557,4,9731,21,27,9731,27,9731,27
1558,4,10823,22,27,10823,27,10823,27
1559,4,10824,23,28,10824,28,10824,28
1560,4,10825,24,28,10825,28,10825,28
1561,4,12030,25,28,12030,28,12030,28
1562,4,12031,26,29,12031,29,12031,29
1563,4,12032,27,29,12032,29,12032,29
1564,4,13362,28,29,13362,29,13362,29
1565,4,13363,29,30,13363,30,13363,30
1566,4,13364,30,30,13364,30,13364,30
1567,4,14832,31,30,14832,30,14832,30
1568,4,14833,32,31,14833,31,14833,31
1569,4,14834,33,31,14834,31,14834,31
1570,4,16455,34,31,16455,31,16455,31
1571,4,16456,35,32,16456,32,16456,32
1572,4,16457,36,32,16457,32,16457,32
1573,4,18246,37,32,18246,32,18246,32
1574,4,18247,38,33,18247,33,18247,33
1575,4,18248,39,33,18248,33,18248,33
1576,4,20223,40,33,20223,33,20223,33
1577,4,20224,41,34,20224,34,20224,34
1578,4,20225,42,34,20225,34,20225,34
1579,4,22405,43,34,22405,34,22405,34
1580,4,22406,44,35,22406,35,22406,35
1581,4,22407,45,35,22407,35,22407,35
1582,4,24814,46,35,24814,35,24814,35
1583,4,24815,47,36,24815,36,24815,36
1584,4,24816,48,36,24816,36,24816,36
1585,4,27472,49,36,27472,36,27472,36
1586,4,27473,50,37,27473,37,27473,37
1587,4,27474,51,37,27474,37,27474,37
1588,4,30407,52,37,30407,37,30407,37
1589,4,30408,53,38,30408,38,30408,38
1590,4,30409,54,38,30409,38,30409,38
1591,4,33647,55,38,33647,38,33647,38
1592,4,33648,56,39,33648,39,33648,39
1593,4,33649,57,39,33649,39,33649,39
1594,4,37223,58,39,37223,39,37223,39
1595,4,37224,59,40,37224,40,37224,40
1596,4,37225,60,40,37225,40,37225,40
1597,4,41170,61,40,41170,40,41170,40
1598,4,41171,62,41,41171,41,41171,41
1599,4,41172,63,41,41172,41,41172,41
1600,4,45528,64,41,45528,41,45528,41
1601,4,45529,65,42,45529,42,45529,42
1602,4,45530,66,42,45530,42,45530,42
1603,4,50338,67,42,50338,42,50338,42
1604,4,50339,68,43,50339,43,50339,43
1605,4,50340,69,43,50340,43,50340,43
1606,4,55648,70,43,55648,43,55648,43
1607,4,55649,71,44,55649,44,55649,44
1608,4,55650,72,44,55650,44,55650,44
1609,4,61511,73,44,61511,44,61511,44
1610,4,61512,74,45,61512,45,61512,45
1611,4,61513,75,45,61513,45,61513,45
1612,4,67982,76,45,67982,45,67982,45
1613,4,67983,77,46,67983,46,67983,46
1614,4,67984,78,46,67984,46,67984,46
1615,4,75126,79,46,75126,46,75126,46
1616,4,75127,80,47,75127,47,75127,47
1617,4,75128,81,47,75128,47,75128,47
1618,4,83013,82,47,83013,47,83013,47
1619,4,83014,83,48,83014,48,83014,48
1620,4,83015,84,48,83015,48,83015,48
1621,4,91720,85,48,91720,48,91720,48
1622,4,91721,86,49,91721,49,91721,49
1623,4,91722,87,49,91722,49,91722,49
1624,4,101332,88,49,101332,49,101332,49
1625,4,101333,89,50,101333,50,101333,50
1626,4,101334,90,50,101334,50,101334,50
1627,4,111944,91,50,111944,50,111944,50
1628,4,111945,92,51,111945,51,111945,51
1629,4,111946,93,51,111946,51,111946,51
1630,4,123659,94,51,123659,51,123659,51
1631,4,123660,95,52,123660,52,123660,52
1632,4,123661,96,52,123661,52,123661,52
1633,4,136593,97,52,136593,52,136593,52
1634,4,136594,98,53,136594,53,136594,53
1635,4,136595,99,53,136595,53,136595,53
1636,4,150871,100,53,150871,53,150871,53
1637,4,150872,101,54,150872,54,150872,54
1638,4,150873,102,54,150873,54,150873,54
1639,4,166635,103,54,166635,54,166635,54
1640,4,166636,104,55,166636,55,166636,55
1641,4,166637,105,55,166637,55,166637,55
1642,4,184039,106,55,184039,55,184039,55
1643,4,184040,107,56,184040,56,184040,56
1644,4,184041,108,56,184041,56,184041,56
1645,4,203253,109,56,203253,56,203253,56
1646,4,203254,110,57,203254,57,203254,57
1647,4,203255,111,57,203255,57,203255,57
1648,4,224465,112,57,224465,57,224465,57
1649,4,224466,113,58,224466,58,224466,58
1650,4,224467,114,58,224467,58,224467,58
1651,4,247885,115,58,247885,58,247885,58
1652,4,247886,116,59,247886,59,247886,59
1653,4,247887,117,59,247887,59,247887,59
1654,4,273741,118,59,273741,59,273741,59
1655,4,273742,119,60,273742,60,273742,60
1656,4,273743,120,60,273743,60,273743,60
1657,4,302287,121,60,302287,60,302287,60
1658,4,302288,122,61,302288,61,302288,61
1659,4,302289,123,61,302289,61,302289,61
1660,4,333803,124,61,333803,61,333803,61
1661,4,333804,125,62,333804,62,333804,62
1662,4,333805,126,62,333805,62,333805,62
1663,4,368598,127,62,368598,62,368598,62
1664,4,368599,128,63,368599,63,368599,63
1665,4,368600,129,63,368600,63,368600,63
1666,4,407014,130,63,407014,63,407014,63
1667,4,407015,131,64,407015,64,407015,64
1668,4,407016,132,64,407016,64,407016,64
1669,4,449427,133,64,449427,64,449427,64
1670,4,449428,134,65,449428,65,449428,65
1671,4,449429,135,65,449429,65,449429,65
1672,4,496253,136,65,496253,65,496253,65
1673,4,496254,137,66,496254,66,496254,66
1674,4,496255,138,66,496255,66,496255,66
1675,4,547952,139,66,547952,66,547952,66
1676,4,547953,140,67,547953,67,547953,67
1677,4,547954,141,67,547954,67,547954,67
1678,4,605031,142,67,605031,67,605031,67
1679,4,605032,143,68,605032,68,605032,68
1680,4,605033,144,68,605033,68,605033,68
1681,4,668050,145,68,668050,68,668050,68
1682,4,668051,146,69,668051,69,668051,69
1683,4,668052,147,69,668052,69,668052,69
1684,4,737626,148,69,737626,69,737626,69
1685,4,737627,149,70,737627,70,737627,70
1686,4,737628,150,70,737628,70,737628,70
1687,4,814444,151,70,814444,70,814444,70
1688,4,814445,152,71,814445,71,814445,71
1689,4,814446,153,71,814446,71,814446,71
1690,4,899256,154,71,899256,71,899256,71
1691,4,899257,155,72,899257,72,899257,72
1692,4,899258,156,72,899258,72,899258,72
1693,4,992894,157,72,992894,72,992894,72
1694,4,992895,158,73,992895,73,992895,73
1695,4,992896,159,73,992896,73,992896,73
1696,4,1096277,160,73,1096277,73,1096277,73
1697,4,1096278,161,74,1096278,74,1096278,74
1698,4,1096279,162,74,1096279,74,1096279,74
1699,4,1210420,163,74,1210420,74,1210420,74
1700,4,1210421,164,75,1210421,75,1210421,75
1701,4,1210422,165,75,1210422,75,1210422,75
1702,4,1336442,166,75,1336442,75,1336442,75
1703,4,1336443,167,76,1336443,76,1336443,76
1704,4,1336444,168,76,1336444,76,1336444,76
1705,4,1475580,169,76,1475580,76,1475580,76
1706,4,1475581,170,77,1475581,77,1475581,77
1707,4,1475582,171,77,1475582,77,1475582,77
1708,4,1629199,172,77,1629199,77,1629199,77
1709,4,1629200,173,78,1629200,78,1629200,78
1710,4,1629201,174,78,1629201,78,1629201,78
1711,4,1798807,175,78,1798807,78,1798807,78
1712,4,1798808,176,79,1798808,79,1798808,79
1713,4,1798809,177,79,1798809,79,1798809,79
1714,4,1986067,178,79,1986067,79,1986067,79
1715,4,1986068,179,80,1986068,80,1986068,80
1716,4,1986069,180,80,1986069,80,1986069,80
1717,4,2192817,181,80,2192817,80,2192817,80
1718,4,2192818,182,81,2192818,81,2192818,81
1719,4,2192819,183,81,2192819,81,2192819,81
1720,4,2421086,184,81,2421086,81,2421086,81
1721,4,2421087,185,82,2421087,82,2421087,82
1722,4,2421088,186,82,2421088,82,2421088,82
1723,4,2673113,187,82,2673113,82,2673113,82
1724,4,2673114,188,83,2673114,83,2673114,83
1725,4,2673115,189,83,2673115,83,2673115,83
1726,4,2951372,190,83,2951372,83,2951372,83
1727,4,2951373,191,84,2951373,84,2951373,84
1728,4,2951374,192,84,2951374,84,2951374,84
1729,4,3258593,193,84,3258593,84,3258593,84
1730,4,3258594,194,85,3258594,85,3258594,85
1731,4,3258595,195,85,3258595,85,3258595,85
1732,4,3597791,196,85,3597791,85,3597791,85
1733,4,3597792,197,86,3597792,86,3597792,86
1734,4,3597793,198,86,3597793,86,3597793,86
1735,4,3972293,199,86,3972293,86,3972293,86
1736,4,3972294,200,87,3972294,87,3972294,87
1737,4,3972295,201,87,3972295,87,3972295,87
1738,4,4385775,202,87,4385775,87,4385775,87
1739,4,4385776,203,88,4385776,88,4385776,88
1740,4,4385777,204,88,4385777,88,4385777,88
1741,4,4842294,205,88,4842294,88,4842294,88
1742,4,4842295,206,89,4842295,89,4842295,89
1743,4,4842296,207,89,4842296,89,4842296,89
1744,4,5346331,208,89,5346331,89,5346331,89
1745,4,5346332,209,90,5346332,90,5346332,90
1746,4,5346333,210,90,5346333,90,5346333,90
1747,4,5902830,211,90,5902830,90,5902830,90
1748,4,5902831,212,91,5902831,91,5902831,91
1749,4,5902832,213,91,5902832,91,5902832,91
1750,4,6517252,214,91,6517252,91,6517252,91
1751,4,6517253,215,92,6517253,92,6517253,92
1752,4,6517254,216,92,6517254,92,6517254,92
1753,4,7195628,217,92,7195628,92,7195628,92
1754,4,7195629,218,93,7195629,93,7195629,93
1755,4,7195630,219,93,7195630,93,7195630,93
1756,4,7944613,220,93,7944613,93,7944613,93
1757,4,7944614,221,94,7944614,94,7944614,94
1758,4,7944615,222,94,7944615,94,7944615,94
1759,4,8771557,223,94,8771557,94,8771557,94
1760,4,8771558,224,95,8771558,95,8771558,95
1761,4,8771559,225,95,8771559,95,8771559,95
1762,4,9684576,226,95,9684576,95,9684576,95
1763,4,9684577,227,96,9684577,96,9684577,96
1764,4,9684578,228,96,9684578,96,9684578,96
1765,4,10692628,229,96,10692628,96,10692628,96
1766,4,10692629,230,97,10692629,97,10692629,97
1767,4,10692630,231,97,10692630,97,10692630,97
1768,4,11805605,232,97,11805605,97,11805605,97
1769,4,11805606,233,98,11805606,98,11805606,98
1770,4,11805607,234,98,11805607,98,11805607,98
1771,4,13034430,235,98,13034430,98,13034430,98
1772,4,13034431,236,99,13034431,99,13034431,99
1773,4,13034432,237,99,13034432,99,13034432,99
1774,4,14391159,238,99,14391159,99,14391159,99
1775,4,14391160,239,99,14391160,99,14391160,99
1776,4,14391161,240,99,14391161,99,14391161,99
1777,4,15889108,241,99,15889108,99,15889108,99
1778,4,15889109,242,99,15889109,99,15889109,99
1779,4,15889110,243,99,15889110,99,15889110,99
1780,4,17542975,244,99,17542975,99,17542975,99
1781,4,17542976,245,99,17542976,99,17542976,99
1782,4,17542977,246,99,17542977,99,17542977,99
1783,4,19368991,247,99,19368991,99,19368991,99
1784,4,19368992,248,99,19368992,99,19368992,99
1785,4,19368993,249,99,19368993,99,19368993,99
1786,4,21385072,250,99,21385072,99,21385072,99
1787,4,21385073,251,99,21385073,99,21385073,99
1788,4,21385074,252,99,21385074,99,21385074,99
1789,4,23611005,253,99,23611005,99,23611005,99
1790,4,23611006,254,99,23611006,99,23611006,99
1791,4,23611007,255,99,23611007,99,23611007,99
1792,4,26068631,0,99,26068631,99,26068631,99
1793,4,26068632,1,99,26068632,99,26068632,99
1794,4,26068633,2,99,26068633,99,26068633,99
1795,4,28782068,3,99,28782068,99,28782068,99
1796,4,28782069,4,99,28782069,99,28782069,99
1797,4,28782070,5,99,28782070,99,28782070,99
1798,4,31777942,6,99,31777942,99,31777942,99
1799,4,31777943,7,99,31777943,99,31777943,99
1800,4,31777944,8,99,31777944,99,31777944,99
1801,4,35085653,9,99,35085653,99,35085653,99
1802,4,35085654,10,99,35085654,99,35085654,99
1803,4,35085655,11,99,35085655,99,35085655,99
1804,4,38737660,12,99,38737660,99,38737660,99
1805,4,38737661,13,99,38737661,99,38737661,99
1806,4,38737662,14,99,38737662,99,38737662,99
1807,4,42769800,15,99,42769800,99,42769800,99
1808,4,42769801,16,99,42769801,99,42769801,99
1809,4,42769802,17,99,42769802,99,42769802,99
1810,4,47221640,18,99,47221640,99,47221640,99
1811,4,47221641,19,99,47221641,99,47221641,99
1812,4,47221642,20,99,47221642,99,47221642,99
1813,4,52136868,21,99,52136868,99,52136868,99
1814,4,52136869,22,99,52136869,99,52136869,99
1815,4,52136870,23,99,52136870,99,52136870,99
1816,4,57563717,24,99,57563717,99,57563717,99
1817,4,57563718,25,99,57563718,99,57563718,99
1818,4,57563719,26,99,57563719,99,57563719,99
1819,4,63555442,27,99,63555442,99,63555442,99
1820,4,63555443,28,99,63555443,99,63555443,99
1821,4,63555444,29,99,63555444,99,63555444,99
1822,4,70170839,30,99,70170839,99,70170839,99
1823,4,70170840,31,99,70170840,99,70170840,99
1824,4,70170841,32,99,70170841,99,70170841,99
1825,4,77474827,33,99,77474827,99,77474827,99
1826,4,77474828,34,99,77474828,99,77474828,99
1827,4,77474829,35,99,77474829,99,77474829,99
1828,4,85539081,36,99,85539081,99,85539081,99
1829,4,85539082,37,99,85539082,99,85539082,99
1830,4,85539083,38,99,85539083,99,85539083,99
1831,4,94442736,39,99,94442736,99,94442736,99
1832,4,94442737,40,99,94442737,99,94442737,99
1833,4,94442738,41,99,94442738,99,94442738,99
1834,4,104273166,42,99,104273166,99,104273166,99
1835,4,104273167,43,99,104273167,99,104273167,99
1836,4,104273168,44,99,104273168,99,104273168,99
1837,4,115126837,45,99,115126837,99,115126837,99
1838,4,115126838,46,99,115126838,99,115126838,99
1839,4,115126839,47,99,115126839,99,115126839,99
1840,5,0,48,1,0,1,0,1
1841,5,0,49,1,0,1,0,1
1842,5,0,50,1,0,1,0,1
1843,5,1,51,1,1,1,1,1
1844,5,199999999,52,99,199999999,99,199999999,99
1845,5,200000000,53,99,200000000,99,200000000,99
1846,5,200000000,54,99,200000000,99,200000000,99
1847,5,200000000,55,99,200000000,99,200000000,99
1848,5,82,56,1,82,1,82,1
1849,5,83,57,2,83,2,83,2
1850,5,84,58,2,84,2,84,2
1851,5,173,59,2,173,2,173,2
1852,5,174,60,3,174,3,174,3
1853,5,175,61,3,175,3,175,3
1854,5,275,62,3,275,3,275,3
1855,5,276,63,4,276,4,276,4
1856,5,277,64,4,277,4,277,4
1857,5,387,65,4,387,4,387,4
1858,5,388,66,5,388,5,388,5
1859,5,389,67,5,389,5,389,5
1860,5,511,68,5,511,5,511,5
1861,5,512,69,6,512,6,512,6
1862,5,513,70,6,513,6,513,6
1863,5,649,71,6,649,6,649,6
1864,5,650,72,7,650,7,650,7
1865,5,651,73,7,651,7,651,7
1866,5,800,74,7,800,7,800,7
1867,5,801,75,8,801,8,801,8
1868,5,802,76,8,802,8,802,8
1869,5,968,77,8,968,8,968,8
1870,5,969,78,9,969,9,969,9
1871,5,970,79,9,970,9,970,9
1872,5,1153,80,9,1153,9,1153,9
1873,5,1154,81,10,1154,10,1154,10
1874,5,1155,82,10,1155,10,1155,10
1875,5,1357,83,10,1357,10,1357,10
1876,5,1358,84,11,1358,11,1358,11
1877,5,1359,85,11,1359,11,1359,11
1878,5,1583,86,11,1583,11,1583,11
1879,5,1584,87,12,1584,12,1584,12
1880,5,1585,88,12,1585,12,1585,12
1881,5,1832,89,12,1832,12,1832,12
1882,5,1833,90,13,1833,13,1833,13
1883,5,1834,91,13,1834,13,1834,13
1884,5,2106,92,13,2106,13,2106,13
1885,5,2107,93,14,2107,14,2107,14
1886,5,2108,94,14,2108,14,2108,14
1887,5,2410,95,14,2410,14,2410,14
1888,5,2411,96,15,2411,15,2411,15
1889,5,2412,97,15,2412,15,2412,15
1890,5,2745,98,15,2745,15,2745,15
1891,5,2746,99,16,2746,16,2746,16
1892,5,2747,100,16,2747,16,2747,16
1893,5,3114,101,16,3114,16,3114,16
1894,5,3115,102,17,3115,17,3115,17
1895,5,3116,103,17,3116,17,3116,17
1896,5,3522,104,17,3522,17,3522,17
1897,5,3523,105,18,3523,18,3523,18
1898,5,3524,106,18,3524,18,3524,18
1899,5,3972,107,18,3972,18,3972,18
1900,5,3973,108,19,3973,19,3973,19
1901,5,3974,109,19,3974,19,3974,19
1902,5,4469,110,19,4469,19,4469,19
1903,5,4470,111,20,4470,20,4470,20
1904,5,4471,112,20,4471,20,4471,20
1905,5,5017,113,20,5017,20,5017,20
1906,5,5018,114,21,5018,21,5018,21
1907,5,5019,115,21,5019,21,5019,21
1908,5,5623,116,21,5623,21,5623,21
1909,5,5624,117,22,5624,22,5624,22
1910,5,5625,118,22,5625,22,5625,22
1911,5,6290,119,22,6290,22,6290,22
1912,5,6291,120,23,6291,23,6291,23
1913,5,6292,121,23,6292,23,6292,23
1914,5,7027,122,23,7027,23,7027,23
1915,5,7028,123,24,7028,24,7028,24
1916,5,7029,124,24,7029,24,7029,24
1917,5,7841,125,24,7841,24,7841,24
1918,5,7842,126,25,7842,25,7842,25
1919,5,7843,127,25,7843,25,7843,25
1920,5,8739,128,25,8739,25,8739,25
1921,5,8740,129,26,8740,26,8740,26
1922,5,8741,130,26,8741,26,8741,26
1923,5,9729,131,26,9729,26,9729,26
1924,5,9730,132,27,9730,27,9730,27
1925,5,9731,133,27,9731,27,9731,27
1926,5,10823,134,27,10823,27,10823,27
1927,5,10824,135,28,10824,28,10824,28
1928,5,10825,136,28,10825,28,10825,28
1929,5,12030,137,28,12030,28,12030,28
1930,5,12031,138,29,12031,29,12031,29
1931,5,12032,139,29,12032,29,12032,29
1932,5,13362,140,29,13362,29,13362,29
1933,5,13363,141,30,13363,30,13363,30
1934,5,13364,142,30,13364,30,13364,30
1935,5,14832,143,30,14832,30,14832,30
1936,5,14833,144,31,14833,31,14833,31
1937,5,14834,145,31,14834,31,14834,31
1938,5,16455,146,31,16455,31,16455,31
1939,5,16456,147,32,16456,32,16456,32
1940,5,16457,148,32,16457,32,16457,32
1941,5,18246,149,32,18246,32,18246,32
1942,5,18247,150,33,18247,33,18247,33
1943,5,18248,151,33,18248,33,18248,33
1944,5,20223,152,33,20223,33,20223,33
1945,5,20224,153,34,20224,34,20224,34
1946,5,20225,154,34,20225,34,20225,34
1947,5,22405,155,34,22405,34,22405,34
1948,5,22406,156,35,22406,35,22406,35
1949,5,22407,157,35,22407,35,22407,35
1950,5,24814,158,35,24814,35,24814,35
1951,5,24815,159,36,24815,36,24815,36
1952,5,24816,160,36,24816,36,24816,36
1953,5,27472,161,36,27472,36,27472,36
1954,5,27473,162,37,27473,37,27473,37
1955,5,27474,163,37,27474,37,27474,37
1956,5,30407,164,37,30407,37,30407,37
1957,5,30408,165,38,30408,38,30408,38
1958,5,30409,166,38,30409,38,30409,38
1959,5,33647,167,38,33647,38,33647,38
1960,5,33648,168,39,33648,39,33648,39
1961,5,33649,169,39,33649,39,33649,39
1962,5,37223,170,39,37223,39,37223,39
1963,5,37224,171,40,37224,40,37224,40
1964,5,37225,172,40,37225,40,37225,40
1965,5,41170,173,40,41170,40,41170,40
1966,5,41171,174,41,41171,41,41171,41
1967,5,41172,175,41,41172,41,41172,41
1968,5,45528,176,41,45528,41,45528,41
1969,5,45529,177,42,45529,42,45529,42
1970,5,45530,178,42,45530,42,45530,42
1971,5,50338,179,42,50338,42,50338,42
1972,5,50339,180,43,50339,43,50339,43
1973,5,50340,181,43,50340,43,50340,43
1974,5,55648,182,43,55648,43,55648,43
1975,5,55649,183,44,55649,44,55649,44
1976,5,55650,184,44,55650,44,55650,44
1977,5,61511,185,44,61511,44,61511,44
1978,5,61512,186,45,61512,45,61512,45
1979,5,61513,187,45,61513,45,61513,45
1980,5,67982,188,45,67982,45,67982,45
1981,5,67983,189,46,67983,46,67983,46
1982,5,67984,190,46,67984,46,67984,46
1983,5,75126,191,46,75126,46,75126,46
1984,5,75127,192,47,75127,47,75127,47
1985,5,75128,193,47,75128,47,75128,47
1986,5,83013,194,47,83013,47,83013,47
1987,5,83014,195,48,83014,48,83014,48
1988,5,83015,196,48,83015,48,83015,48
1989,5,91720,197,48,91720,48,91720,48
1990,5,91721,198,49,91721,49,91721,49
1991,5,91722,199,49,91722,49,91722,49
1992,5,101332,200,49,101332,49,101332,49
1993,5,101333,201,50,101333,50,101333,50
1994,5,101334,202,50,101334,50,101334,50
1995,5,111944,203,50,111944,50,111944,50
1996,5,111945,204,51,111945,51,111945,51
1997,5,111946,205,51,111946,51,111946,51
1998,5,123659,206,51,123659,51,123659,51
1999,5,123660,207,52,123660,52,123660,52
2000,5,123661,208,52,123661,52,123661,52
2001,5,136593,209,52,136593,52,136593,52
2002,5,136594,210,53,136594,53,136594,53
2003,5,136595,211,53,136595,53,136595,53
2004,5,150871,212,53,150871,53,150871,53
2005,5,150872,213,54,150872,54,150872,54
2006,5,150873,214,54,150873,54,150873,54
2007,5,166635,215,54,166635,54,166635,54
2008,5,166636,216,55,166636,55,166636,55
2009,5,166637,217,55,166637,55,166637,55
2010,5,184039,218,55,184039,55,184039,55
2011,5,184040,219,56,184040,56,184040,56
2012,5,184041,220,56,184041,56,184041,56
2013,5,203253,221,56,203253,56,203253,56
2014,5,203254,222,57,203254,57,203254,57
2015,5,203255,223,57,203255,57,203255,57
2016,5,224465,224,57,224465,57,224465,57
2017,5,224466,225,58,224466,58,224466,58
2018,5,224467,226,58,224467,58,224467,58
2019,5,247885,227,58,247885,58,247885,58
2020,5,247886,228,59,247886,59,247886,59
2021,5,247887,229,59,247887,59,247887,59
2022,5,273741,230,59,273741,59,273741,59
2023,5,273742,231,60,273742,60,273742,60
2024,5,273743,232,60,273743,60,273743,60
2025,5,302287,233,60,302287,60,302287,60
2026,5,302288,234,61,302288,61,302288,61
2027,5,302289,235,61,302289,61,302289,61
2028,5,333803,236,61,333803,61,333803,61
2029,5,333804,237,62,333804,62,333804,62
2030,5,333805,238,62,333805,62,333805,62
2031,5,368598,239,62,368598,62,368598,62
2032,5,368599,240,63,368599,63,368599,63
2033,5,368600,241,63,368600,63,368600,63
2034,5,407014,242,63,407014,63,407014,63
2035,5,407015,243,64,407015,64,407015,64
2036,5,407016,244,64,407016,64,407016,64
2037,5,449427,245,64,449427,64,449427,64
2038,5,449428,246,65,449428,65,449428,65
2039,5,449429,247,65,449429,65,449429,65
2040,5,496253,248,65,496253,65,496253,65
2041,5,496254,249,66,496254,66,496254,66
2042,5,496255,250,66,496255,66,496255,66
2043,5,547952,251,66,547952,66,547952,66
2044,5,547953,252,67,547953,67,547953,67
2045,5,547954,253,67,547954,67,547954,67
2046,5,605031,254,67,605031,67,605031,67
2047,5,605032,255,68,605032,68,605032,68
2048,5,605033,0,68,605033,68,605033,68
2049,5,668050,1,68,668050,68,668050,68
2050,5,668051,2,69,668051,69,668051,69
2051,5,668052,3,69,668052,69,668052,69
2052,5,737626,4,69,737626,69,737626,69
2053,5,737627,5,70,737627,70,737627,70
2054,5,737628,6,70,737628,70,737628,70
2055,5,814444,7,70,814444,70,814444,70
2056,5,814445,8,71,814445,71,814445,71
2057,5,814446,9,71,814446,71,814446,71
2058,5,899256,10,71,899256,71,899256,71
2059,5,899257,11,72,899257,72,899257,72
2060,5,899258,12,72,899258,72,899258,72
2061,5,992894,13,72,992894,72,992894,72
2062,5,992895,14,73,992895,73,992895,73
2063,5,992896,15,73,992896,73,992896,73
2064,5,1096277,16,73,1096277,73,1096277,73
2065,5,1096278,17,74,1096278,74,1096278,74
2066,5,1096279,18,74,1096279,74,1096279,74
2067,5,1210420,19,74,1210420,74,1210420,74
2068,5,1210421,20,75,1210421,75,1210421,75
2069,5,1210422,21,75,1210422,75,1210422,75
2070,5,1336442,22,75,1336442,75,1336442,75
2071,5,1336443,23,76,1336443,76,1336443,76
2072,5,1336444,24,76,1336444,76,1336444,76
2073,5,1475580,25,76,1475580,76,1475580,76
2074,5,1475581,26,77,1475581,77,1475581,77
2075,5,1475582,27,77,1475582,77,1475582,77
2076,5,1629199,28,77,1629199,77,1629199,77
2077,5,1629200,29,78,1629200,78,1629200,78
2078,5,1629201,30,78,1629201,78,1629201,78
2079,5,1798807,31,78,1798807,78,1798807,78
2080,5,1798808,32,79,1798808,79,1798808,79
2081,5,1798809,33,79,1798809,79,1798809,79
2082,5,1986067,34,79,1986067,79,1986067,79
2083,5,1986068,35,80,1986068,80,1986068,80
2084,5,1986069,36,80,1986069,80,1986069,80
2085,5,2192817,37,80,2192817,80,2192817,80
2086,5,2192818,38,81,2192818,81,2192818,81
2087,5,2192819,39,81,2192819,81,2192819,81
2088,5,2421086,40,81,2421086,81,2421086,81
2089,5,2421087,41,82,2421087,82,2421087,82
2090,5,2421088,42,82,2421088,82,2421088,82
2091,5,2673113,43,82,2673113,82,2673113,82
2092,5,2673114,44,83,2673114,83,2673114,83
2093,5,2673115,45,83,2673115,83,2673115,83
2094,5,2951372,46,83,2951372,83,2951372,83
2095,5,2951373,47,84,2951373,84,2951373,84
2096,5,2951374,48,84,2951374,84,2951374,84
2097,5,3258593,49,84,3258593,84,3258593,84
2098,5,3258594,50,85,3258594,85,3258594,85
2099,5,3258595,51,85,3258595,85,3258595,85
2100,5,3597791,52,85,3597791,85,3597791,85
2101,5,3597792,53,86,3597792,86,3597792,86
2102,5,3597793,54,86,3597793,86,3597793,86
2103,5,3972293,55,86,3972293,86,3972293,86
2104,5,3972294,56,87,3972294,87,3972294,87
2105,5,3972295,57,87,3972295,87,3972295,87
2106,5,4385775,58,87,4385775,87,4385775,87
2107,5,4385776,59,88,4385776,88,4385776,88
2108,5,4385777,60,88,4385777,88,4385777,88
2109,5,4842294,61,88,4842294,88,4842294,88
2110,5,4842295,62,89,4842295,89,4842295,89
2111,5,4842296,63,89,4842296,89,4842296,89
2112,5,5346331,64,89,5346331,89,5346331,89
2113,5,5346332,65,90,5346332,90,5346332,90
2114,5,5346333,66,90,5346333,90,5346333,90
2115,5,5902830,67,90,5902830,90,5902830,90
2116,5,5902831,68,91,5902831,91,5902831,91
2117,5,5902832,69,91,5902832,91,5902832,91
2118,5,6517252,70,91,6517252,91,6517252,91
2119,5,6517253,71,92,6517253,92,6517253,92
2120,5,6517254,72,92,6517254,92,6517254,92
2121,5,7195628,73,92,7195628,92,7195628,92
2122,5,7195629,74,93,7195629,93,7195629,93
2123,5,7195630,75,93,7195630,93,7195630,93
2124,5,7944613,76,93,7944613,93,7944613,93
2125,5,7944614,77,94,7944614,94,7944614,94
2126,5,7944615,78,94,7944615,94,7944615,94
2127,5,8771557,79,94,8771557,94,8771557,94
2128,5,8771558,80,95,8771558,95,8771558,95
2129,5,8771559,81,95,8771559,95,8771559,95
2130,5,9684576,82,95,9684576,95,9684576,95
2131,5,9684577,83,96,9684577,96,9684577,96
2132,5,9684578,84,96,9684578,96,9684578,96
2133,5,10692628,85,96,10692628,96,10692628,96
2134,5,10692629,86,97,10692629,97,10692629,97
2135,5,10692630,87,97,10692630,97,10692630,97
2136,5,11805605,88,97,11805605,97,11805605,97
2137,5,11805606,89,98,11805606,98,11805606,98
2138,5,11805607,90,98,11805607,98,11805607,98
2139,5,13034430,91,98,13034430,98,13034430,98
2140,5,13034431,92,99,13034431,99,13034431,99
2141,5,13034432,93,99,13034432,99,13034432,99
2142,5,14391159,94,99,14391159,99,14391159,99
2143,5,14391160,95,99,14391160,99,14391160,99
2144,5,14391161,96,99,14391161,99,14391161,99
2145,5,15889108,97,99,15889108,99,15889108,99
2146,5,15889109,98,99,15889109,99,15889109,99
2147,5,15889110,99,99,15889110,99,15889110,99
2148,5,17542975,100,99,17542975,99,17542975,99
2149,5,17542976,101,99,17542976,99,17542976,99
2150,5,17542977,102,99,17542977,99,17542977,99
2151,5,19368991,103,99,19368991,99,19368991,99
2152,5,19368992,104,99,19368992,99,19368992,99
2153,5,19368993,105,99,19368993,99,19368993,99
2154,5,21385072,106,99,21385072,99,21385072,99
2155,5,21385073,107,99,21385073,99,21385073,99
2156,5,21385074,108,99,21385074,99,21385074,99
2157,5,23611005,109,99,23611005,99,23611005,99
2158,5,23611006,110,99,23611006,99,23611006,99
2159,5,23611007,111,99,23611007,99,23611007,99
2160,5,26068631,112,99,26068631,99,26068631,99
2161,5,26068632,113,99,26068632,99,26068632,99
2162,5,26068633,114,99,26068633,99,26068633,99
2163,5,28782068,115,99,28782068,99,28782068,99
2164,5,28782069,116,99,28782069,99,28782069,99
2165,5,28782070,117,99,28782070,99,28782070,99
2166,5,31777942,118,99,31777942,99,31777942,99
2167,5,31777943,119,99,31777943,99,31777943,99
2168,5,31777944,120,99,31777944,99,31777944,99
2169,5,35085653,121,99,35085653,99,35085653,99
2170,5,35085654,122,99,35085654,99,35085654,99
2171,5,35085655,123,99,35085655,99,35085655,99
2172,5,38737660,124,99,38737660,99,38737660,99
2173,5,38737661,125,99,38737661,99,38737661,99
2174,5,38737662,126,99,38737662,99,38737662,99
2175,5,42769800,127,99,42769800,99,42769800,99
2176,5,42769801,128,99,42769801,99,42769801,99
2177,5,42769802,129,99,42769802,99,42769802,99
2178,5,47221640,130,99,47221640,99,47221640,99
2179,5,47221641,131,99,47221641,99,47221641,99
2180,5,47221642,132,99,47221642,99,47221642,99
2181,5,52136868,133,99,52136868,99,52136868,99
2182,5,52136869,134,99,52136869,99,52136869,99
2183,5,52136870,135,99,52136870,99,52136870,99
2184,5,57563717,136,99,57563717,99,57563717,99
2185,5,57563718,137,99,57563718,99,57563718,99
2186,5,57563719,138,99,57563719,99,57563719,99
2187,5,63555442,139,99,63555442,99,63555442,99
2188,5,63555443,140,99,63555443,99,63555443,99
2189,5,63555444,141,99,63555444,99,63555444,99
2190,5,70170839,142,99,70170839,99,70170839,99
2191,5,70170840,143,99,70170840,99,70170840,99
2192,5,70170841,144,99,70170841,99,70170841,99
2193,5,77474827,145,99,77474827,99,77474827,99
2194,5,77474828,146,99,77474828,99,77474828,99
2195,5,77474829,147,99,77474829,99,77474829,99
2196,5,85539081,148,99,85539081,99,85539081,99
2197,5,85539082,149,99,85539082,99,85539082,99
2198,5,85539083,150,99,85539083,99,85539083,99
2199,5,94442736,151,99,94442736,99,94442736,99
2200,5,94442737,152,99,94442737,99,94442737,99
2201,5,94442738,153,99,94442738,99,94442738,99
2202,5,104273166,154,99,104273166,99,104273166,99
2203,5,104273167,155,99,104273167,99,104273167,99
2204,5,104273168,156,99,104273168,99,104273168,99
2205,5,115126837,157,99,115126837,99,115126837,99
2206,5,115126838,158,99,115126838,99,115126838,99
2207,5,115126839,159,99,115126839,99,115126839,99
2208,6,0,160,1,0,1,0,1
2209,6,0,161,1,0,1,0,1
2210,6,0,162,1,0,1,0,1
2211,6,1,163,1,1,1,1,1
2212,6,199999999,164,99,199999999,99,199999999,99
2213,6,200000000,165,99,200000000,99,200000000,99
2214,6,200000000,166,99,200000000,99,200000000,99
2215,6,200000000,167,99,200000000,99,200000000,99
2216,6,82,168,1,82,1,82,1
2217,6,83,169,2,83,2,83,2
2218,6,84,170,2,84,2,84,2
2219,6,173,171,2,173,2,173,2
2220,6,174,172,3,174,3,174,3
2221,6,175,173,3,175,3,175,3
2222,6,275,174,3,275,3,275,3
2223,6,276,175,4,276,4,276,4
2224,6,277,176,4,277,4,277,4
2225,6,387,177,4,387,4,387,4
2226,6,388,178,5,388,5,388,5
2227,6,389,179,5,389,5,389,5
2228,6,511,180,5,511,5,511,5
2229,6,512,181,6,512,6,512,6
2230,6,513,182,6,513,6,513,6
2231,6,649,183,6,649,6,649,6
2232,6,650,184,7,650,7,650,7
2233,6,651,185,7,651,7,651,7
2234,6,800,186,7,800,7,800,7
2235,6,801,187,8,801,8,801,8
2236,6,802,188,8,802,8,802,8
2237,6,968,189,8,968,8,968,8
2238,6,969,190,9,969,9,969,9
2239,6,970,191,9,970,9,970,9
2240,6,1153,192,9,1153,9,1153,9
2241,6,1154,193,10,1154,10,1154,10
2242,6,1155,194,10,1155,10,1155,10
2243,6,1357,195,10,1357,10,1357,10
2244,6,1358,196,11,1358,11,1358,11
2245,6,1359,197,11,1359,11,1359,11
2246,6,1583,198,11,1583,11,1583,11
2247,6,1584,199,12,1584,12,1584,12
2248,6,1585,200,12,1585,12,1585,12
2249,6,1832,201,12,1832,12,1832,12
2250,6,1833,202,13,1833,13,1833,13
2251,6,1834,203,13,1834,13,1834,13
2252,6,2106,204,13,2106,13,2106,13
2253,6,2107,205,14,2107,14,2107,14
2254,6,2108,206,14,2108,14,2108,14
2255,6,2410,207,14,2410,14,2410,14
2256,6,2411,208,15,2411,15,2411,15
2257,6,2412,209,15,2412,15,2412,15
2258,6,2745,210,15,2745,15,2745,15
2259,6,2746,211,16,2746,16,2746,16
2260,6,2747,212,16,2747,16,2747,16
2261,6,3114,213,16,3114,16,3114,16
2262,6,3115,214,17,3115,17,3115,17
2263,6,3116,215,17,3116,17,3116,17
2264,6,3522,216,17,3522,17,3522,17
2265,6,3523,217,18,3523,18,3523,18
2266,6,3524,218,18,3524,18,3524,18
2267,6,3972,219,18,3972,18,3972,18
2268,6,3973,220,19,3973,19,3973,19
2269,6,3974,221,19,3974,19,3974,19
2270,6,4469,222,19,4469,19,4469,19
2271,6,4470,223,20,4470,20,4470,20
2272,6,4471,224,20,4471,20,4471,20
2273,6,5017,225,20,5017,20,5017,20
2274,6,5018,226,21,5018,21,5018,21
2275,6,5019,227,21,5019,21,5019,21
2276,6,5623,228,21,5623,21,5623,21
2277,6,5624,229,22,5624,22,5624,22
2278,6,5625,230,22,5625,22,5625,22
2279,6,6290,231,22,6290,22,6290,22
2280,6,6291,232,23,6291,23,6291,23
2281,6,6292,233,23,6292,23,6292,23
2282,6,7027,234,23,7027,23,7027,23
2283,6,7028,235,24,7028,24,7028,24
2284,6,7029,236,24,7029,24,7029,24
2285,6,7841,237,24,7841,24,7841,24
2286,6,7842,238,25,7842,25,7842,25
2287,6,7843,239,25,7843,25,7843,25
2288,6,8739,240,25,8739,25,8739,25
2289,6,8740,241,26,8740,26,8740,26
2290,6,8741,242,26,8741,26,8741,26
2291,6,9729,243,26,9729,26,9729,26
2292,6,9730,244,27,9730,27,9730,27
2293,6,9731,245,27,9731,27,9731,27
2294,6,10823,246,27,10823,27,10823,27
2295,6,10824,247,28,10824,28,10824,28
2296,6,10825,248,28,10825,28,10825,28
2297,6,12030,249,28,12030,28,12030,28
2298,6,12031,250,29,12031,29,12031,29
2299,6,12032,251,29,12032,29,12032,29
2300,6,13362,252,29,13362,29,13362,29
2301,6,13363,253,30,13363,30,13363,30
2302,6,13364,254,30,13364,30,13364,30
2303,6,14832,255,30,14832,30,14832,30
2304,6,14833,0,31,14833,31,14833,31
2305,6,14834,1,31,14834,31,14834,31
2306,6,16455,2,31,16455,31,16455,31
2307,6,16456,3,32,16456,32,16456,32
2308,6,16457,4,32,16457,32,16457,32
2309,6,18246,5,32,18246,32,18246,32
2310,6,18247,6,33,18247,33,18247,33
2311,6,18248,7,33,18248,33,18248,33
2312,6,20223,8,33,20223,33,20223,33
2313,6,20224,9,34,20224,34,20224,34
2314,6,20225,10,34,20225,34,20225,34
2315,6,22405,11,34,22405,34,22405,34
2316,6,22406,12,35,22406,35,22406,35
2317,6,22407,13,35,22407,35,22407,35
2318,6,24814,14,35,24814,35,24814,35
2319,6,24815,15,36,24815,36,24815,36
2320,6,24816,16,36,24816,36,24816,36
2321,6,27472,17,36,27472,36,27472,36
2322,6,27473,18,37,27473,37,27473,37
2323,6,27474,19,37,27474,37,27474,37
2324,6,30407,20,37,30407,37,30407,37
2325,6,30408,21,38,30408,38,30408,38
2326,6,30409,22,38,30409,38,30409,38
2327,6,33647,23,38,33647,38,33647,38
2328,6,33648,24,39,33648,39,33648,39
2329,6,33649,25,39,33649,39,33649,39
2330,6,37223,26,39,37223,39,37223,39
2331,6,37224,27,40,37224,40,37224,40
2332,6,37225,28,40,37225,40,37225,40
2333,6,41170,29,40,41170,40,41170,40
2334,6,41171,30,41,41171,41,41171,41
2335,6,41172,31,41,41172,41,41172,41
2336,6,45528,32,41,45528,41,45528,41
2337,6,45529,33,42,45529,42,45529,42
2338,6,45530,34,42,45530,42,45530,42
2339,6,50338,35,42,50338,42,50338,42
2340,6,50339,36,43,50339,43,50339,43
2341,6,50340,37,43,50340,43,50340,43
2342,6,55648,38,43,55648,43,55648,43
2343,6,55649,39,44,55649,44,55649,44
2344,6,55650,40,44,55650,44,55650,44
2345,6,61511,41,44,61511,44,61511,44
2346,6,61512,42,45,61512,45,61512,45
2347,6,61513,43,45,61513,45,61513,45
2348,6,67982,44,45,67982,45,67982,45
2349,6,67983,45,46,67983,46,67983,46
2350,6,67984,46,46,67984,46,67984,46
2351,6,75126,47,46,75126,46,75126,46
2352,6,75127,48,47,75127,47,75127,47
2353,6,75128,49,47,75128,47,75128,47
2354,6,83013,50,47,83013,47,83013,47
2355,6,83014,51,48,83014,48,83014,48
2356,6,83015,52,48,83015,48,83015,48
2357,6,91720,53,48,91720,48,91720,48
2358,6,91721,54,49,91721,49,91721,49
2359,6,91722,55,49,91722,49,91722,49
2360,6,101332,56,49,101332,49,101332,49
2361,6,101333,57,50,101333,50,101333,50
2362,6,101334,58,50,101334,50,101334,50
2363,6,111944,59,50,111944,50,111944,50
2364,6,111945,60,51,111945,51,111945,51
2365,6,111946,61,51,111946,51,111946,51
2366,6,123659,62,51,123659,51,123659,51
2367,6,123660,63,52,123660,52,123660,52
2368,6,123661,64,52,123661,52,123661,52
2369,6,136593,65,52,136593,52,136593,52
2370,6,136594,66,53,136594,53,136594,53
2371,6,136595,67,53,136595,53,136595,53
2372,6,150871,68,53,150871,53,150871,53
2373,6,150872,69,54,150872,54,150872,54
2374,6,150873,70,54,150873,54,150873,54
2375,6,166635,71,54,166635,54,166635,54
2376,6,166636,72,55,166636,55,166636,55
2377,6,166637,73,55,166637,55,166637,55
2378,6,184039,74,55,184039,55,184039,55
2379,6,184040,75,56,184040,56,184040,56
2380,6,184041,76,56,184041,56,184041,56
2381,6,203253,77,56,203253,56,203253,56
2382,6,203254,78,57,203254,57,203254,57
2383,6,203255,79,57,203255,57,203255,57
2384,6,224465,80,57,224465,57,224465,57
2385,6,224466,81,58,224466,58,224466,58
2386,6,224467,82,58,224467,58,224467,58
2387,6,247885,83,58,247885,58,247885,58
2388,6,247886,84,59,247886,59,247886,59
2389,6,247887,85,59,247887,59,247887,59
2390,6,273741,86,59,273741,59,273741,59
2391,6,273742,87,60,273742,60,273742,60
2392,6,273743,88,60,273743,60,273743,60
2393,6,302287,89,60,302287,60,302287,60
2394,6,302288,90,61,302288,61,302288,61
2395,6,302289,91,61,302289,61,302289,61
2396,6,333803,92,61,333803,61,333803,61
2397,6,333804,93,62,333804,62,333804,62
2398,6,333805,94,62,333805,62,333805,62
2399,6,368598,95,62,368598,62,368598,62
2400,6,368599,96,63,368599,63,368599,63
2401,6,368600,97,63,368600,63,368600,63
2402,6,407014,98,63,407014,63,407014,63
2403,6,407015,99,64,407015,64,407015,64
2404,6,407016,100,64,407016,64,407016,64
2405,6,449427,101,64,449427,64,449427,64
2406,6,449428,102,65,449428,65,449428,65
2407,6,449429,103,65,449429,65,449429,65
2408,6,496253,104,65,496253,65,496253,65
2409,6,496254,105,66,496254,66,496254,66
2410,6,496255,106,66,496255,66,496255,66
2411,6,547952,107,66,547952,66,547952,66
2412,6,547953,108,67,547953,67,547953,67
2413,6,547954,109,67,547954,67,547954,67
2414,6,605031,110,67,605031,67,605031,67
2415,6,605032,111,68,605032,68,605032,68
2416,6,605033,112,68,605033,68,605033,68
2417,6,668050,113,68,668050,68,668050,68
2418,6,668051,114,69,668051,69,668051,69
2419,6,668052,115,69,668052,69,668052,69
2420,6,737626,116,69,737626,69,737626,69
2421,6,737627,117,70,737627,70,737627,70
2422,6,737628,118,70,737628,70,737628,70
2423,6,814444,119,70,814444,70,814444,70
2424,6,814445,120,71,814445,71,814445,71
2425,6,814446,121,71,814446,71,814446,71
2426,6,899256,122,71,899256,71,899256,71
2427,6,899257,123,72,899257,72,899257,72
2428,6,899258,124,72,899258,72,899258,72
2429,6,992894,125,72,992894,72,992894,72
2430,6,992895,126,73,992895,73,992895,73
2431,6,992896,127,73,992896,73,992896,73
2432,6,1096277,128,73,1096277,73,1096277,73
2433,6,1096278,129,74,1096278,74,1096278,74
2434,6,1096279,130,74,1096279,74,1096279,74
2435,6,1210420,131,74,1210420,74,1210420,74
2436,6,1210421,132,75,1210421,75,1210421,75
2437,6,1210422,133,75,1210422,75,1210422,75
2438,6,1336442,134,75,1336442,75,1336442,75
2439,6,1336443,135,76,1336443,76,1336443,76
2440,6,1336444,136,76,1336444,76,1336444,76
2441,6,1475580,137,76,1475580,76,1475580,76
2442,6,1475581,138,77,1475581,77,1475581,77
2443,6,1475582,139,77,1475582,77,1475582,77
2444,6,1629199,140,77,1629199,77,1629199,77
2445,6,1629200,141,78,1629200,78,1629200,78
2446,6,1629201,142,78,1629201,78,1629201,78
2447,6,1798807,143,78,1798807,78,1798807,78
2448,6,1798808,144,79,1798808,79,1798808,79
2449,6,1798809,145,79,1798809,79,1798809,79
2450,6,1986067,146,79,1986067,79,1986067,79
2451,6,1986068,147,80,1986068,80,1986068,80
2452,6,1986069,148,80,1986069,80,1986069,80
2453,6,2192817,149,80,2192817,80,2192817,80
2454,6,2192818,150,81,2192818,81,2192818,81
2455,6,2192819,151,81,2192819,81,2192819,81
2456,6,2421086,152,81,2421086,81,2421086,81
2457,6,2421087,153,82,2421087,82,2421087,82
2458,6,2421088,154,82,2421088,82,2421088,82
2459,6,2673113,155,82,2673113,82,2673113,82
2460,6,2673114,156,83,2673114,83,2673114,83
2461,6,2673115,157,83,2673115,83,2673115,83
2462,6,2951372,158,83,2951372,83,2951372,83
2463,6,2951373,159,84,2951373,84,2951373,84
2464,6,2951374,160,84,2951374,84,2951374,84
2465,6,3258593,161,84,3258593,84,3258593,84
2466,6,3258594,162,85,3258594,85,3258594,85
2467,6,3258595,163,85,3258595,85,3258595,85
2468,6,3597791,164,85,3597791,85,3597791,85
2469,6,3597792,165,86,3597792,86,3597792,86
2470,6,3597793,166,86,3597793,86,3597793,86
2471,6,3972293,167,86,3972293,86,3972293,86
2472,6,3972294,168,87,3972294,87,3972294,87
2473,6,3972295,169,87,3972295,87,3972295,87
2474,6,4385775,170,87,4385775,87,4385775,87
2475,6,4385776,171,88,4385776,88,4385776,88
2476,6,4385777,172,88,4385777,88,4385777,88
2477,6,4842294,173,88,4842294,88,4842294,88
2478,6,4842295,174,89,4842295,89,4842295,89
2479,6,4842296,175,89,4842296,89,4842296,89
2480,6,5346331,176,89,5346331,89,5346331,89
2481,6,5346332,177,90,5346332,90,5346332,90
2482,6,5346333,178,90,5346333,90,5346333,90
2483,6,5902830,179,90,5902830,90,5902830,90
2484,6,5902831,180,91,5902831,91,5902831,91
2485,6,5902832,181,91,5902832,91,5902832,91
2486,6,6517252,182,91,6517252,91,6517252,91
2487,6,6517253,183,92,6517253,92,6517253,92
2488,6,6517254,184,92,6517254,92,6517254,92
2489,6,7195628,185,92,7195628,92,7195628,92
2490,6,7195629,186,93,7195629,93,7195629,93
2491,6,7195630,187,93,7195630,93,7195630,93
2492,6,7944613,188,93,7944613,93,7944613,93
2493,6,7944614,189,94,7944614,94,7944614,94
2494,6,7944615,190,94,7944615,94,7944615,94
2495,6,8771557,191,94,8771557,94,8771557,94
2496,6,8771558,192,95,8771558,95,8771558,95
2497,6,8771559,193,95,8771559,95,8771559,95
2498,6,9684576,194,95,9684576,95,9684576,95
2499,6,9684577,195,96,9684577,96,9684577,96
2500,6,9684578,196,96,9684578,96,9684578,96
2501,6,10692628,197,96,10692628,96,10692628,96
2502,6,10692629,198,97,10692629,97,10692629,97
2503,6,10692630,199,97,10692630,97,10692630,97
2504,6,11805605,200,97,11805605,97,11805605,97
2505,6,11805606,201,98,11805606,98,11805606,98
2506,6,11805607,202,98,11805607,98,11805607,98
2507,6,13034430,203,98,13034430,98,13034430,98
2508,6,13034431,204,99,13034431,99,13034431,99
2509,6,13034432,205,99,13034432,99,13034432,99
2510,6,14391159,206,99,14391159,99,14391159,99
2511,6,14391160,207,99,14391160,99,14391160,99
2512,6,14391161,208,99,14391161,99,14391161,99
2513,6,15889108,209,99,15889108,99,15889108,99
2514,6,15889109,210,99,15889109,99,15889109,99
2515,6,15889110,211,99,15889110,99,15889110,99
2516,6,17542975,212,99,17542975,99,17542975,99
2517,6,17542976,213,99,17542976,99,17542976,99
2518,6,17542977,214,99,17542977,99,17542977,99
2519,6,19368991,215,99,19368991,99,19368991,99
2520,6,19368992,216,99,19368992,99,19368992,99
2521,6,19368993,217,99,19368993,99,19368993,99
2522,6,21385072,218,99,21385072,99,21385072,99
2523,6,21385073,219,99,21385073,99,21385073,99
2524,6,21385074,220,99,21385074,99,21385074,99
2525,6,23611005,221,99,23611005,99,23611005,99
2526,6,23611006,222,99,23611006,99,23611006,99
2527,6,23611007,223,99,23611007,99,23611007,99
2528,6,26068631,224,99,26068631,99,26068631,99
2529,6,26068632,225,99,26068632,99,26068632,99
2530,6,26068633,226,99,26068633,99,26068633,99
2531,6,28782068,227,99,28782068,99,28782068,99
2532,6,28782069,228,99,28782069,99,28782069,99
2533,6,28782070,229,99,28782070,99,28782070,99
2534,6,31777942,230,99,31777942,99,31777942,99
2535,6,31777943,231,99,31777943,99,31777943,99
2536,6,31777944,232,99,31777944,99,31777944,99
2537,6,35085653,233,99,35085653,99,35085653,99
2538,6,35085654,234,99,35085654,99,35085654,99
2539,6,35085655,235,99,35085655,99,35085655,99
2540,6,38737660,236,99,38737660,99,38737660,99
2541,6,38737661,237,99,38737661,99,38737661,99
2542,6,38737662,238,99,38737662,99,38737662,99
2543,6,42769800,239,99,42769800,99,42769800,99
2544,6,42769801,240,99,42769801,99,42769801,99
2545,6,42769802,241,99,42769802,99,42769802,99
2546,6,47221640,242,99,47221640,99,47221640,99
2547,6,47221641,243,99,47221641,99,47221641,99
2548,6,47221642,244,99,47221642,99,47221642,99
2549,6,52136868,245,99,52136868,99,52136868,99
2550,6,52136869,246,99,52136869,99,52136869,99
2551,6,52136870,247,99,52136870,99,52136870,99
2552,6,57563717,248,99,57563717,99,57563717,99
2553,6,57563718,249,99,57563718,99,57563718,99
2554,6,57563719,250,99,57563719,99,57563719,99
2555,6,63555442,251,99,63555442,99,63555442,99
2556,6,63555443,252,99,63555443,99,63555443,99
2557,6,63555444,253,99,63555444,99,63555444,99
2558,6,70170839,254,99,70170839,99,70170839,99
2559,6,70170840,255,99,70170840,99,70170840,99
2560,6,70170841,0,99,70170841,99,70170841,99
2561,6,77474827,1,99,77474827,99,77474827,99
2562,6,77474828,2,99,77474828,99,77474828,99
2563,6,77474829,3,99,77474829,99,77474829,99
2564,6,85539081,4,99,85539081,99,85539081,99
2565,6,85539082,5,99,85539082,99,85539082,99
2566,6,85539083,6,99,85539083,99,85539083,99
2567,6,94442736,7,99,94442736,99,94442736,99
2568,6,94442737,8,99,94442737,99,94442737,99
2569,6,94442738,9,99,94442738,99,94442738,99
2570,6,104273166,10,99,104273166,99,104273166,99
2571,6,104273167,11,99,104273167,99,104273167,99
2572,6,104273168,12,99,104273168,99,104273168,99
2573,6,115126837,13,99,115126837,99,115126837,99
2574,6,115126838,14,99,115126838,99,115126838,99
2575,6,115126839,15,99,115126839,99,115126839,99
2576,7,0,16,1,0,1,0,1
2577,7,0,17,1,0,1,0,1
2578,7,0,18,1,0,1,0,1
2579,7,1,19,1,1,1,1,1
2580,7,199999999,20,99,199999999,99,199999999,99
2581,7,200000000,21,99,200000000,99,200000000,99
2582,7,200000000,22,99,200000000,99,200000000,99
2583,7,200000000,23,99,200000000,99,200000000,99
2584,7,82,24,1,82,1,82,1
2585,7,83,25,2,83,2,83,2
2586,7,84,26,2,84,2,84,2
2587,7,173,27,2,173,2,173,2
2588,7,174,28,3,174,3,174,3
2589,7,175,29,3,175,3,175,3
2590,7,275,30,3,275,3,275,3
2591,7,276,31,4,276,4,276,4
2592,7,277,32,4,277,4,277,4
2593,7,387,33,4,387,4,387,4
2594,7,388,34,5,388,5,388,5
2595,7,389,35,5,389,5,389,5
2596,7,511,36,5,511,5,511,5
2597,7,512,37,6,512,6,512,6
2598,7,513,38,6,513,6,513,6
2599,7,649,39,6,649,6,649,6
2600,7,650,40,7,650,7,650,7
2601,7,651,41,7,651,7,651,7
2602,7,800,42,7,800,7,800,7
2603,7,801,43,8,801,8,801,8
2604,7,802,44,8,802,8,802,8
2605,7,968,45,8,968,8,968,8
2606,7,969,46,9,969,9,969,9
2607,7,970,47,9,970,9,970,9
2608,7,1153,48,9,1153,9,1153,9
2609,7,1154,49,10,1154,10,1154,10
2610,7,1155,50,10,1155,10,1155,10
2611,7,1357,51,10,1357,10,1357,10
2612,7,1358,52,11,1358,11,1358,11
2613,7,1359,53,11,1359,11,1359,11
2614,7,1583,54,11,1583,11,1583,11
2615,7,1584,55,12,1584,12,1584,12
2616,7,1585,56,12,1585,12,1585,12
2617,7,1832,57,12,1832,12,1832,12
2618,7,1833,58,13,1833,13,1833,13
2619,7,1834,59,13,1834,13,1834,13
2620,7,2106,60,13,2106,13,2106,13
2621,7,2107,61,14,2107,14,2107,14
2622,7,2108,62,14,2108,14,2108,14
2623,7,2410,63,14,2410,14,2410,14
2624,7,2411,64,15,2411,15,2411,15
2625,7,2412,65,15,2412,15,2412,15
2626,7,2745,66,15,2745,15,2745,15
2627,7,2746,67,16,2746,16,2746,16
2628,7,2747,68,16,2747,16,2747,16
2629,7,3114,69,16,3114,16,3114,16
2630,7,3115,70,17,3115,17,3115,17
2631,7,3116,71,17,3116,17,3116,17
2632,7,3522,72,17,3522,17,3522,17
2633,7,3523,73,18,3523,18,3523,18
2634,7,3524,74,18,3524,18,3524,18
2635,7,3972,75,18,3972,18,3972,18
2636,7,3973,76,19,3973,19,3973,19
2637,7,3974,77,19,3974,19,3974,19
2638,7,4469,78,19,4469,19,4469,19
2639,7,4470,79,20,4470,20,4470,20
2640,7,4471,80,20,4471,20,4471,20
2641,7,5017,81,20,5017,20,5017,20
2642,7,5018,82,21,5018,21,5018,21
2643,7,5019,83,21,5019,21,5019,21
2644,7,5623,84,21,5623,21,5623,21
2645,7,5624,85,22,5624,22,5624,22
2646,7,5625,86,22,5625,22,5625,22
2647,7,6290,87,22,6290,22,6290,22
2648,7,6291,88,23,6291,23,6291,23
2649,7,6292,89,23,6292,23,6292,23
2650,7,7027,90,23,7027,23,7027,23
2651,7,7028,91,24,7028,24,7028,24
2652,7,7029,92,24,7029,24,7029,24
2653,7,7841,93,24,7841,24,7841,24
2654,7,7842,94,25,7842,25,7842,25
2655,7,7843,95,25,7843,25,7843,25
2656,7,8739,96,25,8739,25,8739,25
2657,7,8740,97,26,8740,26,8740,26
2658,7,8741,98,26,8741,26,8741,26
2659,7,9729,99,26,9729,26,9729,26
2660,7,9730,100,27,9730,27,9730,27
2661,7,9731,101,27,9731,27,9731,27
2662,7,10823,102,27,10823,27,10823,27
2663,7,10824,103,28,10824,28,10824,28
2664,7,10825,104,28,10825,28,10825,28
2665,7,12030,105,28,12030,28,12030,28
2666,7,12031,106,29,12031,29,12031,29
2667,7,12032,107,29,12032,29,12032,29
2668,7,13362,108,29,13362,29,13362,29
2669,7,13363,109,30,13363,30,13363,30
2670,7,13364,110,30,13364,30,13364,30
2671,7,14832,111,30,14832,30,14832,30
2672,7,14833,112,31,14833,31,14833,31
2673,7,14834,113,31,14834,31,14834,31
2674,7,16455,114,31,16455,31,16455,31
2675,7,16456,115,32,16456,32,16456,32
2676,7,16457,116,32,16457,32,16457,32
2677,7,18246,117,32,18246,32,18246,32
2678,7,18247,118,33,18247,33,18247,33
2679,7,18248,119,33,18248,33,18248,33
2680,7,20223,120,33,20223,33,20223,33
2681,7,20224,121,34,20224,34,20224,34
2682,7,20225,122,34,20225,34,20225,34
2683,7,22405,123,34,22405,34,22405,34
2684,7,22406,124,35,22406,35,22406,35
2685,7,22407,125,35,22407,35,22407,35
2686,7,24814,126,35,24814,35,24814,35
2687,7,24815,127,36,24815,36,24815,36
2688,7,24816,128,36,24816,36,24816,36
2689,7,27472,129,36,27472,36,27472,36
2690,7,27473,130,37,27473,37,27473,37
2691,7,27474,131,37,27474,37,27474,37
2692,7,30407,132,37,30407,37,30407,37
2693,7,30408,133,38,30408,38,30408,38
2694,7,30409,134,38,30409,38,30409,38
2695,7,33647,135,38,33647,38,33647,38
2696,7,33648,136,39,33648,39,33648,39
2697,7,33649,137,39,33649,39,33649,39
2698,7,37223,138,39,37223,39,37223,39
2699,7,37224,139,40,37224,40,37224,40
2700,7,37225,140,40,37225,40,37225,40
2701,7,41170,141,40,41170,40,41170,40
2702,7,41171,142,41,41171,41,41171,41
2703,7,41172,143,41,41172,41,41172,41
2704,7,45528,144,41,45528,41,45528,41
2705,7,45529,145,42,45529,42,45529,42
2706,7,45530,146,42,45530,42,45530,42
2707,7,50338,147,42,50338,42,50338,42
2708,7,50339,148,43,50339,43,50339,43
2709,7,50340,149,43,50340,43,50340,43
2710,7,55648,150,43,55648,43,55648,43
2711,7,55649,151,44,55649,44,55649,44
2712,7,55650,152,44,55650,44,55650,44
2713,7,61511,153,44,61511,44,61511,44
2714,7,61512,154,45,61512,45,61512,45
2715,7,61513,155,45,61513,45,61513,45
2716,7,67982,156,45,67982,45,67982,45
2717,7,67983,157,46,67983,46,67983,46
2718,7,67984,158,46,67984,46,67984,46
2719,7,75126,159,46,75126,46,75126,46
2720,7,75127,160,47,75127,47,75127,47
2721,7,75128,161,47,75128,47,75128,47
2722,7,83013,162,47,83013,47,83013,47
2723,7,83014,163,48,83014,48,83014,48
2724,7,83015,164,48,83015,48,83015,48
2725,7,91720,165,48,91720,48,91720,48
2726,7,91721,166,49,91721,49,91721,49
2727,7,91722,167,49,91722,49,91722,49
2728,7,101332,168,49,101332,49,101332,49
2729,7,101333,169,50,101333,50,101333,50
2730,7,101334,170,50,101334,50,101334,50
2731,7,111944,171,50,111944,50,111944,50
2732,7,111945,172,51,111945,51,111945,51
2733,7,111946,173,51,111946,51,111946,51
2734,7,123659,174,51,123659,51,123659,51
2735,7,123660,175,52,123660,52,123660,52
2736,7,123661,176,52,123661,52,123661,52
2737,7,136593,177,52,136593,52,136593,52
2738,7,136594,178,53,136594,53,136594,53
2739,7,136595,179,53,136595,53,136595,53
2740,7,150871,180,53,150871,53,150871,53
2741,7,150872,181,54,150872,54,150872,54
2742,7,150873,182,54,150873,54,150873,54
2743,7,166635,183,54,166635,54,166635,54
2744,7,166636,184,55,166636,55,166636,55
2745,7,166637,185,55,166637,55,166637,55
2746,7,184039,186,55,184039,55,184039,55
2747,7,184040,187,56,184040,56,184040,56
2748,7,184041,188,56,184041,56,184041,56
2749,7,203253,189,56,203253,56,203253,56
2750,7,203254,190,57,203254,57,203254,57
2751,7,203255,191,57,203255,57,203255,57
2752,7,224465,192,57,224465,57,224465,57
2753,7,224466,193,58,224466,58,224466,58
2754,7,224467,194,58,224467,58,224467,58
2755,7,247885,195,58,247885,58,247885,58
2756,7,247886,196,59,247886,59,247886,59
2757,7,247887,197,59,247887,59,247887,59
2758,7,273741,198,59,273741,59,273741,59
2759,7,273742,199,60,273742,60,273742,60
2760,7,273743,200,60,273743,60,273743,60
2761,7,302287,201,60,302287,60,302287,60
2762,7,302288,202,61,302288,61,302288,61
2763,7,302289,203,61,302289,61,302289,61
2764,7,333803,204,61,333803,61,333803,61
2765,7,333804,205,62,333804,62,333804,62
2766,7,333805,206,62,333805,62,333805,62
2767,7,368598,207,62,368598,62,368598,62
2768,7,368599,208,63,368599,63,368599,63
2769,7,368600,209,63,368600,63,368600,63
2770,7,407014,210,63,407014,63,407014,63
2771,7,407015,211,64,407015,64,407015,64
2772,7,407016,212,64,407016,64,407016,64
2773,7,449427,213,64,449427,64,449427,64
2774,7,449428,214,65,449428,65,449428,65
2775,7,449429,215,65,449429,65,449429,65
2776,7,496253,216,65,496253,65,496253,65
2777,7,496254,217,66,496254,66,496254,66
2778,7,496255,218,66,496255,66,496255,66
2779,7,547952,219,66,547952,66,547952,66
2780,7,547953,220,67,547953,67,547953,67
2781,7,547954,221,67,547954,67,547954,67
2782,7,605031,222,67,605031,67,605031,67
2783,7,605032,223,68,605032,68,605032,68
2784,7,605033,224,68,605033,68,605033,68
2785,7,668050,225,68,668050,68,668050,68
2786,7,668051,226,69,668051,69,668051,69
2787,7,668052,227,69,668052,69,668052,69
2788,7,737626,228,69,737626,69,737626,69
2789,7,737627,229,70,737627,70,737627,70
2790,7,737628,230,70,737628,70,737628,70
2791,7,814444,231,70,814444,70,814444,70
2792,7,814445,232,71,814445,71,814445,71
2793,7,814446,233,71,814446,71,814446,71
2794,7,899256,234,71,899256,71,899256,71
2795,7,899257,235,72,899257,72,899257,72
2796,7,899258,236,72,899258,72,899258,72
2797,7,992894,237,72,992894,72,992894,72
2798,7,992895,238,73,992895,73,992895,73
2799,7,992896,239,73,992896,73,992896,73
2800,7,1096277,240,73,1096277,73,1096277,73
2801,7,1096278,241,74,1096278,74,1096278,74
2802,7,1096279,242,74,1096279,74,1096279,74
2803,7,1210420,243,74,1210420,74,1210420,74
2804,7,1210421,244,75,1210421,75,1210421,75
2805,7,1210422,245,75,1210422,75,1210422,75
2806,7,1336442,246,75,1336442,75,1336442,75
2807,7,1336443,247,76,1336443,76,1336443,76
2808,7,1336444,248,76,1336444,76,1336444,76
2809,7,1475580,249,76,1475580,76,1475580,76
2810,7,1475581,250,77,1475581,77,1475581,77
2811,7,1475582,251,77,1475582,77,1475582,77
2812,7,1629199,252,77,1629199,77,1629199,77
2813,7,1629200,253,78,1629200,78,1629200,78
2814,7,1629201,254,78,1629201,78,1629201,78
2815,7,1798807,255,78,1798807,78,1798807,78
2816,7,1798808,0,79,1798808,79,1798808,79
2817,7,1798809,1,79,1798809,79,1798809,79
2818,7,1986067,2,79,1986067,79,1986067,79
2819,7,1986068,3,80,1986068,80,1986068,80
2820,7,1986069,4,80,1986069,80,1986069,80
2821,7,2192817,5,80,2192817,80,2192817,80
2822,7,2192818,6,81,2192818,81,2192818,81
2823,7,2192819,7,81,2192819,81,2192819,81
2824,7,2421086,8,81,2421086,81,2421086,81
2825,7,2421087,9,82,2421087,82,2421087,82
2826,7,2421088,10,82,2421088,82,2421088,82
2827,7,2673113,11,82,2673113,82,2673113,82
2828,7,2673114,12,83,2673114,83,2673114,83
2829,7,2673115,13,83,2673115,83,2673115,83
2830,7,2951372,14,83,2951372,83,2951372,83
2831,7,2951373,15,84,2951373,84,2951373,84
2832,7,2951374,16,84,2951374,84,2951374,84
2833,7,3258593,17,84,3258593,84,3258593,84
2834,7,3258594,18,85,3258594,85,3258594,85
2835,7,3258595,19,85,3258595,85,3258595,85
2836,7,3597791,20,85,3597791,85,3597791,85
2837,7,3597792,21,86,3597792,86,3597792,86
2838,7,3597793,22,86,3597793,86,3597793,86
2839,7,3972293,23,86,3972293,86,3972293,86
2840,7,3972294,24,87,3972294,87,3972294,87
2841,7,3972295,25,87,3972295,87,3972295,87
2842,7,4385775,26,87,4385775,87,4385775,87
2843,7,4385776,27,88,4385776,88,4385776,88
2844,7,4385777,28,88,4385777,88,4385777,88
2845,7,4842294,29,88,4842294,88,4842294,88
2846,7,4842295,30,89,4842295,89,4842295,89
2847,7,4842296,31,89,4842296,89,4842296,89
2848,7,5346331,32,89,5346331,89,5346331,89
2849,7,5346332,33,90,5346332,90,5346332,90
2850,7,5346333,34,90,5346333,90,5346333,90
2851,7,5902830,35,90,5902830,90,5902830,90
2852,7,5902831,36,91,5902831,91,5902831,91
2853,7,5902832,37,91,5902832,91,5902832,91
2854,7,6517252,38,91,6517252,91,6517252,91
2855,7,6517253,39,92,6517253,92,6517253,92
2856,7,6517254,40,92,6517254,92,6517254,92
2857,7,7195628,41,92,7195628,92,7195628,92
2858,7,7195629,42,93,7195629,93,7195629,93
2859,7,7195630,43,93,7195630,93,7195630,93
2860,7,7944613,44,93,7944613,93,7944613,93
2861,7,7944614,45,94,7944614,94,7944614,94
2862,7,7944615,46,94,7944615,94,7944615,94
2863,7,8771557,47,94,8771557,94,8771557,94
2864,7,8771558,48,95,8771558,95,8771558,95
2865,7,8771559,49,95,8771559,95,8771559,95
2866,7,9684576,50,95,9684576,95,9684576,95
2867,7,9684577,51,96,9684577,96,9684577,96
2868,7,9684578,52,96,9684578,96,9684578,96
2869,7,10692628,53,96,10692628,96,10692628,96
2870,7,10692629,54,97,10692629,97,10692629,97
2871,7,10692630,55,97,10692630,97,10692630,97
2872,7,11805605,56,97,11805605,97,11805605,97
2873,7,11805606,57,98,11805606,98,11805606,98
2874,7,11805607,58,98,11805607,98,11805607,98
2875,7,13034430,59,98,13034430,98,13034430,98
2876,7,13034431,60,99,13034431,99,13034431,99
2877,7,13034432,61,99,13034432,99,13034432,99
2878,7,14391159,62,99,14391159,99,14391159,99
2879,7,14391160,63,99,14391160,99,14391160,99
2880,7,14391161,64,99,14391161,99,14391161,99
2881,7,15889108,65,99,15889108,99,15889108,99
2882,7,15889109,66,99,15889109,99,15889109,99
2883,7,15889110,67,99,15889110,99,15889110,99
2884,7,17542975,68,99,17542975,99,17542975,99
2885,7,17542976,69,99,17542976,99,17542976,99
2886,7,17542977,70,99,17542977,99,17542977,99
2887,7,19368991,71,99,19368991,99,19368991,99
2888,7,19368992,72,99,19368992,99,19368992,99
2889,7,19368993,73,99,19368993,99,19368993,99
2890,7,21385072,74,99,21385072,99,21385072,99
2891,7,21385073,75,99,21385073,99,21385073,99
2892,7,21385074,76,99,21385074,99,21385074,99
2893,7,23611005,77,99,23611005,99,23611005,99
2894,7,23611006,78,99,23611006,99,23611006,99
2895,7,23611007,79,99,23611007,99,23611007,99
2896,7,26068631,80,99,26068631,99,26068631,99
2897,7,26068632,81,99,26068632,99,26068632,99
2898,7,26068633,82,99,26068633,99,26068633,99
2899,7,28782068,83,99,28782068,99,28782068,99
2900,7,28782069,84,99,28782069,99,28782069,99
2901,7,28782070,85,99,28782070,99,28782070,99
2902,7,31777942,86,99,31777942,99,31777942,99
2903,7,31777943,87,99,31777943,99,31777943,99
2904,7,31777944,88,99,31777944,99,31777944,99
2905,7,35085653,89,99,35085653,99,35085653,99
2906,7,35085654,90,99,35085654,99,35085654,99
2907,7,35085655,91,99,35085655,99,35085655,99
2908,7,38737660,92,99,38737660,99,38737660,99
2909,7,38737661,93,99,38737661,99,38737661,99
2910,7,38737662,94,99,38737662,99,38737662,99
2911,7,42769800,95,99,42769800,99,42769800,99
2912,7,42769801,96,99,42769801,99,42769801,99
2913,7,42769802,97,99,42769802,99,42769802,99
2914,7,47221640,98,99,47221640,99,47221640,99
2915,7,47221641,99,99,47221641,99,47221641,99
2916,7,47221642,100,99,47221642,99,47221642,99
2917,7,52136868,101,99,52136868,99,52136868,99
2918,7,52136869,102,99,52136869,99,52136869,99
2919,7,52136870,103,99,52136870,99,52136870,99
2920,7,57563717,104,99,57563717,99,57563717,99
2921,7,57563718,105,99,57563718,99,57563718,99
2922,7,57563719,106,99,57563719,99,57563719,99
2923,7,63555442,107,99,63555442,99,63555442,99
2924,7,63555443,108,99,63555443,99,63555443,99
2925,7,63555444,109,99,63555444,99,63555444,99
2926,7,70170839,110,99,70170839,99,70170839,99
2927,7,70170840,111,99,70170840,99,70170840,99
2928,7,70170841,112,99,70170841,99,70170841,99
2929,7,77474827,113,99,77474827,99,77474827,99
2930,7,77474828,114,99,77474828,99,77474828,99
2931,7,77474829,115,99,77474829,99,77474829,99
2932,7,85539081,116,99,85539081,99,85539081,99
2933,7,85539082,117,99,85539082,99,85539082,99
2934,7,85539083,118,99,85539083,99,85539083,99
2935,7,94442736,119,99,94442736,99,94442736,99
2936,7,94442737,120,99,94442737,99,94442737,99
2937,7,94442738,121,99,94442738,99,94442738,99
2938,7,104273166,122,99,104273166,99,104273166,99
2939,7,104273167,123,99,104273167,99,104273167,99
2940,7,104273168,124,99,104273168,99,104273168,99
2941,7,115126837,125,99,115126837,99,115126837,99
2942,7,115126838,126,99,115126838,99,115126838,99
2943,7,115126839,127,99,115126839,99,115126839,99
2944,8,0,128,1,0,1,0,1
2945,8,0,129,1,0,1,0,1
2946,8,0,130,1,0,1,0,1
2947,8,1,131,1,1,1,1,1
2948,8,199999999,132,99,199999999,99,199999999,99
2949,8,200000000,133,99,200000000,99,200000000,99
2950,8,200000000,134,99,200000000,99,200000000,99
2951,8,200000000,135,99,200000000,99,200000000,99
2952,8,82,136,1,82,1,82,1
2953,8,83,137,2,83,2,83,2
2954,8,84,138,2,84,2,84,2
2955,8,173,139,2,173,2,173,2
2956,8,174,140,3,174,3,174,3
2957,8,175,141,3,175,3,175,3
2958,8,275,142,3,275,3,275,3
2959,8,276,143,4,276,4,276,4
2960,8,277,144,4,277,4,277,4
2961,8,387,145,4,387,4,387,4
2962,8,388,146,5,388,5,388,5
2963,8,389,147,5,389,5,389,5
2964,8,511,148,5,511,5,511,5
2965,8,512,149,6,512,6,512,6
2966,8,513,150,6,513,6,513,6
2967,8,649,151,6,649,6,649,6
2968,8,650,152,7,650,7,650,7
2969,8,651,153,7,651,7,651,7
2970,8,800,154,7,800,7,800,7
2971,8,801,155,8,801,8,801,8
2972,8,802,156,8,802,8,802,8
2973,8,968,157,8,968,8,968,8
2974,8,969,158,9,969,9,969,9
2975,8,970,159,9,970,9,970,9
2976,8,1153,160,9,1153,9,1153,9
2977,8,1154,161,10,1154,10,1154,10
2978,8,1155,162,10,1155,10,1155,10
2979,8,1357,163,10,1357,10,1357,10
2980,8,1358,164,11,1358,11,1358,11
2981,8,1359,165,11,1359,11,1359,11
2982,8,1583,166,11,1583,11,1583,11
2983,8,1584,167,12,1584,12,1584,12
2984,8,1585,168,12,1585,12,1585,12
2985,8,1832,169,12,1832,12,1832,12
2986,8,1833,170,13,1833,13,1833,13
2987,8,1834,171,13,1834,13,1834,13
2988,8,2106,172,13,2106,13,2106,13
2989,8,2107,173,14,2107,14,2107,14
2990,8,2108,174,14,2108,14,2108,14
2991,8,2410,175,14,2410,14,2410,14
2992,8,2411,176,15,2411,15,2411,15
2993,8,2412,177,15,2412,15,2412,15
2994,8,2745,178,15,2745,15,2745,15
2995,8,2746,179,16,2746,16,2746,16
2996,8,2747,180,16,2747,16,2747,16
2997,8,3114,181,16,3114,16,3114,16
2998,8,3115,182,17,3115,17,3115,17
2999,8,3116,183,17,3116,17,3116,17
3000,8,3522,184,17,3522,17,3522,17
3001,8,3523,185,18,3523,18,3523,18
3002,8,3524,186,18,3524,18,3524,18
3003,8,3972,187,18,3972,18,3972,18
3004,8,3973,188,19,3973,19,3973,19
3005,8,3974,189,19,3974,19,3974,19
3006,8,4469,190,19,4469,19,4469,19
3007,8,4470,191,20,4470,20,4470,20
3008,8,4471,192,20,4471,20,4471,20
3009,8,5017,193,20,5017,20,5017,20
3010,8,5018,194,21,5018,21,5018,21
3011,8,5019,195,21,5019,21,5019,21
3012,8,5623,196,21,5623,21,5623,21
3013,8,5624,197,22,5624,22,5624,22
3014,8,5625,198,22,5625,22,5625,22
3015,8,6290,199,22,6290,22,6290,22
3016,8,6291,200,23,6291,23,6291,23
3017,8,6292,201,23,6292,23,6292,23
3018,8,7027,202,23,7027,23,7027,23
3019,8,7028,203,24,7028,24,7028,24
3020,8,7029,204,24,7029,24,7029,24
3021,8,7841,205,24,7841,24,7841,24
3022,8,7842,206,25,7842,25,7842,25
3023,8,7843,207,25,7843,25,7843,25
3024,8,8739,208,25,8739,25,8739,25
3025,8,8740,209,26,8740,26,8740,26
3026,8,8741,210,26,8741,26,8741,26
3027,8,9729,211,26,9729,26,9729,26
3028,8,9730,212,27,9730,27,9730,27
3029,8,9731,213,27,9731,27,9731,27
3030,8,10823,214,27,10823,27,10823,27
3031,8,10824,215,28,10824,28,10824,28
3032,8,10825,216,28,10825,28,10825,28
3033,8,12030,217,28,12030,28,12030,28
3034,8,12031,218,29,12031,29,12031,29
3035,8,12032,219,29,12032,29,12032,29
3036,8,13362,220,29,13362,29,13362,29
3037,8,13363,221,30,13363,30,13363,30
3038,8,13364,222,30,13364,30,13364,30
3039,8,14832,223,30,14832,30,14832,30
3040,8,14833,224,31,14833,31,14833,31
3041,8,14834,225,31,14834,31,14834,31
3042,8,16455,226,31,16455,31,16455,31
3043,8,16456,227,32,16456,32,16456,32
3044,8,16457,228,32,16457,32,16457,32
3045,8,18246,229,32,18246,32,18246,32
3046,8,18247,230,33,18247,33,18247,33
3047,8,18248,231,33,18248,33,18248,33
3048,8,20223,232,33,20223,33,20223,33
3049,8,20224,233,34,20224,34,20224,34
3050,8,20225,234,34,20225,34,20225,34
3051,8,22405,235,34,22405,34,22405,34
3052,8,22406,236,35,22406,35,22406,35
3053,8,22407,237,35,22407,35,22407,35
3054,8,24814,238,35,24814,35,24814,35
3055,8,24815,239,36,24815,36,24815,36
3056,8,24816,240,36,24816,36,24816,36
3057,8,27472,241,36,27472,36,27472,36
3058,8,27473,242,37,27473,37,27473,37
3059,8,27474,243,37,27474,37,27474,37
3060,8,30407,244,37,30407,37,30407,37
3061,8,30408,245,38,30408,38,30408,38
3062,8,30409,246,38,30409,38,30409,38
3063,8,33647,247,38,33647,38,33647,38
3064,8,33648,248,39,33648,39,33648,39
3065,8,33649,249,39,33649,39,33649,39
3066,8,37223,250,39,37223,39,37223,39
3067,8,37224,251,40,37224,40,37224,40
3068,8,37225,252,40,37225,40,37225,40
3069,8,41170,253,40,41170,40,41170,40
3070,8,41171,254,41,41171,41,41171,41
3071,8,41172,255,41,41172,41,41172,41
3072,8,45528,0,41,45528,41,45528,41
3073,8,45529,1,42,45529,42,45529,42
3074,8,45530,2,42,45530,42,45530,42
3075,8,50338,3,42,50338,42,50338,42
3076,8,50339,4,43,50339,43,50339,43
3077,8,50340,5,43,50340,43,50340,43
3078,8,55648,6,43,55648,43,55648,43
3079,8,55649,7,44,55649,44,55649,44
3080,8,55650,8,44,55650,44,55650,44
3081,8,61511,9,44,61511,44,61511,44
3082,8,61512,10,45,61512,45,61512,45
3083,8,61513,11,45,61513,45,61513,45
3084,8,67982,12,45,67982,45,67982,45
3085,8,67983,13,46,67983,46,67983,46
3086,8,67984,14,46,67984,46,67984,46
3087,8,75126,15,46,75126,46,75126,46
3088,8,75127,16,47,75127,47,75127,47
3089,8,75128,17,47,75128,47,75128,47
3090,8,83013,18,47,83013,47,83013,47
3091,8,83014,19,48,83014,48,83014,48
3092,8,83015,20,48,83015,48,83015,48
3093,8,91720,21,48,91720,48,91720,48
3094,8,91721,22,49,91721,49,91721,49
3095,8,91722,23,49,91722,49,91722,49
3096,8,101332,24,49,101332,49,101332,49
3097,8,101333,25,50,101333,50,101333,50
3098,8,101334,26,50,101334,50,101334,50
3099,8,111944,27,50,111944,50,111944,50
3100,8,111945,28,51,111945,51,111945,51
3101,8,111946,29,51,111946,51,111946,51
3102,8,123659,30,51,123659,51,123659,51
3103,8,123660,31,52,123660,52,123660,52
3104,8,123661,32,52,123661,52,123661,52
3105,8,136593,33,52,136593,52,136593,52
3106,8,136594,34,53,136594,53,136594,53
3107,8,136595,35,53,136595,53,136595,53
3108,8,150871,36,53,150871,53,150871,53
3109,8,150872,37,54,150872,54,150872,54
3110,8,150873,38,54,150873,54,150873,54
3111,8,166635,39,54,166635,54,166635,54
3112,8,166636,40,55,166636,55,166636,55
3113,8,166637,41,55,166637,55,166637,55
3114,8,184039,42,55,184039,55,184039,55
3115,8,184040,43,56,184040,56,184040,56
3116,8,184041,44,56,184041,56,184041,56
3117,8,203253,45,56,203253,56,203253,56
3118,8,203254,46,57,203254,57,203254,57
3119,8,203255,47,57,203255,57,203255,57
3120,8,224465,48,57,224465,57,224465,57
3121,8,224466,49,58,224466,58,224466,58
3122,8,224467,50,58,224467,58,224467,58
3123,8,247885,51,58,247885,58,247885,58
3124,8,247886,52,59,247886,59,247886,59
3125,8,247887,53,59,247887,59,247887,59
3126,8,273741,54,59,273741,59,273741,59
3127,8,273742,55,60,273742,60,273742,60
3128,8,273743,56,60,273743,60,273743,60
3129,8,302287,57,60,302287,60,302287,60
3130,8,302288,58,61,302288,61,302288,61
3131,8,302289,59,61,302289,61,302289,61
3132,8,333803,60,61,333803,61,333803,61
3133,8,333804,61,62,333804,62,333804,62
3134,8,333805,62,62,333805,62,333805,62
3135,8,368598,63,62,368598,62,368598,62
3136,8,368599,64,63,368599,63,368599,63
3137,8,368600,65,63,368600,63,368600,63
3138,8,407014,66,63,407014,63,407014,63
3139,8,407015,67,64,407015,64,407015,64
3140,8,407016,68,64,407016,64,407016,64
3141,8,449427,69,64,449427,64,449427,64
3142,8,449428,70,65,449428,65,449428,65
3143,8,449429,71,65,449429,65,449429,65
3144,8,496253,72,65,496253,65,496253,65
3145,8,496254,73,66,496254,66,496254,66
3146,8,496255,74,66,496255,66,496255,66
3147,8,547952,75,66,547952,66,547952,66
3148,8,547953,76,67,547953,67,547953,67
3149,8,547954,77,67,547954,67,547954,67
3150,8,605031,78,67,605031,67,605031,67
3151,8,605032,79,68,605032,68,605032,68
3152,8,605033,80,68,605033,68,605033,68
3153,8,668050,81,68,668050,68,668050,68
3154,8,668051,82,69,668051,69,668051,69
3155,8,668052,83,69,668052,69,668052,69
3156,8,737626,84,69,737626,69,737626,69
3157,8,737627,85,70,737627,70,737627,70
3158,8,737628,86,70,737628,70,737628,70
3159,8,814444,87,70,814444,70,814444,70
3160,8,814445,88,71,814445,71,814445,71
3161,8,814446,89,71,814446,71,814446,71
3162,8,899256,90,71,899256,71,899256,71
3163,8,899257,91,72,899257,72,899257,72
3164,8,899258,92,72,899258,72,899258,72
3165,8,992894,93,72,992894,72,992894,72
3166,8,992895,94,73,992895,73,992895,73
3167,8,992896,95,73,992896,73,992896,73
3168,8,1096277,96,73,1096277,73,1096277,73
3169,8,1096278,97,74,1096278,74,1096278,74
3170,8,1096279,98,74,1096279,74,1096279,74
3171,8,1210420,99,74,1210420,74,1210420,74
3172,8,1210421,100,75,1210421,75,1210421,75
3173,8,1210422,101,75,1210422,75,1210422,75
3174,8,1336442,102,75,1336442,75,1336442,75
3175,8,1336443,103,76,1336443,76,1336443,76
3176,8,1336444,104,76,1336444,76,1336444,76
3177,8,1475580,105,76,1475580,76,1475580,76
3178,8,1475581,106,77,1475581,77,1475581,77
3179,8,1475582,107,77,1475582,77,1475582,77
3180,8,1629199,108,77,1629199,77,1629199,77
3181,8,1629200,109,78,1629200,78,1629200,78
3182,8,1629201,110,78,1629201,78,1629201,78
3183,8,1798807,111,78,1798807,78,1798807,78
3184,8,1798808,112,79,1798808,79,1798808,79
3185,8,1798809,113,79,1798809,79,1798809,79
3186,8,1986067,114,79,1986067,79,1986067,79
3187,8,1986068,115,80,1986068,80,1986068,80
3188,8,1986069,116,80,1986069,80,1986069,80
3189,8,2192817,117,80,2192817,80,2192817,80
3190,8,2192818,118,81,2192818,81,2192818,81
3191,8,2192819,119,81,2192819,81,2192819,81
3192,8,2421086,120,81,2421086,81,2421086,81
3193,8,2421087,121,82,2421087,82,2421087,82
3194,8,2421088,122,82,2421088,82,2421088,82
3195,8,2673113,123,82,2673113,82,2673113,82
3196,8,2673114,124,83,2673114,83,2673114,83
3197,8,2673115,125,83,2673115,83,2673115,83
3198,8,2951372,126,83,2951372,83,2951372,83
3199,8,2951373,127,84,2951373,84,2951373,84
3200,8,2951374,128,84,2951374,84,2951374,84
3201,8,3258593,129,84,3258593,84,3258593,84
3202,8,3258594,130,85,3258594,85,3258594,85
3203,8,3258595,131,85,3258595,85,3258595,85
3204,8,3597791,132,85,3597791,85,3597791,85
3205,8,3597792,133,86,3597792,86,3597792,86
3206,8,3597793,134,86,3597793,86,3597793,86
3207,8,3972293,135,86,3972293,86,3972293,86
3208,8,3972294,136,87,3972294,87,3972294,87
3209,8,3972295,137,87,3972295,87,3972295,87
3210,8,4385775,138,87,4385775,87,4385775,87
3211,8,4385776,139,88,4385776,88,4385776,88
3212,8,4385777,140,88,4385777,88,4385777,88
3213,8,4842294,141,88,4842294,88,4842294,88
3214,8,4842295,142,89,4842295,89,4842295,89
3215,8,4842296,143,89,4842296,89,4842296,89
3216,8,5346331,144,89,5346331,89,5346331,89
3217,8,5346332,145,90,5346332,90,5346332,90
3218,8,5346333,146,90,5346333,90,5346333,90
3219,8,5902830,147,90,5902830,90,5902830,90
3220,8,5902831,148,91,5902831,91,5902831,91
3221,8,5902832,149,91,5902832,91,5902832,91
3222,8,6517252,150,91,6517252,91,6517252,91
3223,8,6517253,151,92,6517253,92,6517253,92
3224,8,6517254,152,92,6517254,92,6517254,92
3225,8,7195628,153,92,7195628,92,7195628,92
3226,8,7195629,154,93,7195629,93,7195629,93
3227,8,7195630,155,93,7195630,93,7195630,93
3228,8,7944613,156,93,7944613,93,7944613,93
3229,8,7944614,157,94,7944614,94,7944614,94
3230,8,7944615,158,94,7944615,94,7944615,94
3231,8,8771557,159,94,8771557,94,8771557,94
3232,8,8771558,160,95,8771558,95,8771558,95
3233,8,8771559,161,95,8771559,95,8771559,95
3234,8,9684576,162,95,9684576,95,9684576,95
3235,8,9684577,163,96,9684577,96,9684577,96
3236,8,9684578,164,96,9684578,96,9684578,96
3237,8,10692628,165,96,10692628,96,10692628,96
3238,8,10692629,166,97,10692629,97,10692629,97
3239,8,10692630,167,97,10692630,97,10692630,97
3240,8,11805605,168,97,11805605,97,11805605,97
3241,8,11805606,169,98,11805606,98,11805606,98
3242,8,11805607,170,98,11805607,98,11805607,98
3243,8,13034430,171,98,13034430,98,13034430,98
3244,8,13034431,172,99,13034431,99,13034431,99
3245,8,13034432,173,99,13034432,99,13034432,99
3246,8,14391159,174,99,14391159,99,14391159,99
3247,8,14391160,175,99,14391160,99,14391160,99
3248,8,14391161,176,99,14391161,99,14391161,99
3249,8,15889108,177,99,15889108,99,15889108,99
3250,8,15889109,178,99,15889109,99,15889109,99
3251,8,15889110,179,99,15889110,99,15889110,99
3252,8,17542975,180,99,17542975,99,17542975,99
3253,8,17542976,181,99,17542976,99,17542976,99
3254,8,17542977,182,99,17542977,99,17542977,99
3255,8,19368991,183,99,19368991,99,19368991,99
3256,8,19368992,184,99,19368992,99,19368992,99
3257,8,19368993,185,99,19368993,99,19368993,99
3258,8,21385072,186,99,21385072,99,21385072,99
3259,8,21385073,187,99,21385073,99,21385073,99
3260,8,21385074,188,99,21385074,99,21385074,99
3261,8,23611005,189,99,23611005,99,23611005,99
3262,8,23611006,190,99,23611006,99,23611006,99
3263,8,23611007,191,99,23611007,99,23611007,99
3264,8,26068631,192,99,26068631,99,26068631,99
3265,8,26068632,193,99,26068632,99,26068632,99
3266,8,26068633,194,99,26068633,99,26068633,99
3267,8,28782068,195,99,28782068,99,28782068,99
3268,8,28782069,196,99,28782069,99,28782069,99
3269,8,28782070,197,99,28782070,99,28782070,99
3270,8,31777942,198,99,31777942,99,31777942,99
3271,8,31777943,199,99,31777943,99,31777943,99
3272,8,31777944,200,99,31777944,99,31777944,99
3273,8,35085653,201,99,35085653,99,35085653,99
3274,8,35085654,202,99,35085654,99,35085654,99
3275,8,35085655,203,99,35085655,99,35085655,99
3276,8,38737660,204,99,38737660,99,38737660,99
3277,8,38737661,205,99,38737661,99,38737661,99
3278,8,38737662,206,99,38737662,99,38737662,99
3279,8,42769800,207,99,42769800,99,42769800,99
3280,8,42769801,208,99,42769801,99,42769801,99
3281,8,42769802,209,99,42769802,99,42769802,99
3282,8,47221640,210,99,47221640,99,47221640,99
3283,8,47221641,211,99,47221641,99,47221641,99
3284,8,47221642,212,99,47221642,99,47221642,99
3285,8,52136868,213,99,52136868,99,52136868,99
3286,8,52136869,214,99,52136869,99,52136869,99
3287,8,52136870,215,99,52136870,99,52136870,99
3288,8,57563717,216,99,57563717,99,57563717,99
3289,8,57563718,217,99,57563718,99,57563718,99
3290,8,57563719,218,99,57563719,99,57563719,99
3291,8,63555442,219,99,63555442,99,63555442,99
3292,8,63555443,220,99,63555443,99,63555443,99
3293,8,63555444,221,99,63555444,99,63555444,99
3294,8,70170839,222,99,70170839,99,70170839,99
3295,8,70170840,223,99,70170840,99,70170840,99
3296,8,70170841,224,99,70170841,99,70170841,99
3297,8,77474827,225,99,77474827,99,77474827,99
3298,8,77474828,226,99,77474828,99,77474828,99
3299,8,77474829,227,99,77474829,99,77474829,99
3300,8,85539081,228,99,85539081,99,85539081,99
3301,8,85539082,229,99,85539082,99,85539082,99
3302,8,85539083,230,99,85539083,99,85539083,99
3303,8,94442736,231,99,94442736,99,94442736,99
3304,8,94442737,232,99,94442737,99,94442737,99
3305,8,94442738,233,99,94442738,99,94442738,99
3306,8,104273166,234,99,104273166,99,104273166,99
3307,8,104273167,235,99,104273167,99,104273167,99
3308,8,104273168,236,99,104273168,99,104273168,99
3309,8,115126837,237,99,115126837,99,115126837,99
3310,8,115126838,238,99,115126838,99,115126838,99
3311,8,115126839,239,99,115126839,99,115126839,99
3312,9,0,240,1,0,1,0,1
3313,9,0,241,1,0,1,0,1
3314,9,0,242,1,0,1,0,1
3315,9,1,243,1,1,1,1,1
3316,9,199999999,244,99,199999999,99,199999999,99
3317,9,200000000,245,99,200000000,99,200000000,99
3318,9,200000000,246,99,200000000,99,200000000,99
3319,9,200000000,247,99,200000000,99,200000000,99
3320,9,82,248,1,82,1,82,1
3321,9,83,249,2,83,2,83,2
3322,9,84,250,2,84,2,84,2
3323,9,173,251,2,173,2,173,2
3324,9,174,252,3,174,3,174,3
3325,9,175,253,3,175,3,175,3
3326,9,275,254,3,275,3,275,3
3327,9,276,255,4,276,4,276,4
3328,9,277,0,4,277,4,277,4
3329,9,387,1,4,387,4,387,4
3330,9,388,2,5,388,5,388,5
3331,9,389,3,5,389,5,389,5
3332,9,511,4,5,511,5,511,5
3333,9,512,5,6,512,6,512,6
3334,9,513,6,6,513,6,513,6
3335,9,649,7,6,649,6,649,6
3336,9,650,8,7,650,7,650,7
3337,9,651,9,7,651,7,651,7
3338,9,800,10,7,800,7,800,7
3339,9,801,11,8,801,8,801,8
3340,9,802,12,8,802,8,802,8
3341,9,968,13,8,968,8,968,8
3342,9,969,14,9,969,9,969,9
3343,9,970,15,9,970,9,970,9
3344,9,1153,16,9,1153,9,1153,9
3345,9,1154,17,10,1154,10,1154,10
3346,9,1155,18,10,1155,10,1155,10
3347,9,1357,19,10,1357,10,1357,10
3348,9,1358,20,11,1358,11,1358,11
3349,9,1359,21,11,1359,11,1359,11
3350,9,1583,22,11,1583,11,1583,11
3351,9,1584,23,12,1584,12,1584,12
3352,9,1585,24,12,1585,12,1585,12
3353,9,1832,25,12,1832,12,1832,12
3354,9,1833,26,13,1833,13,1833,13
3355,9,1834,27,13,1834,13,1834,13
3356,9,2106,28,13,2106,13,2106,13
3357,9,2107,29,14,2107,14,2107,14
3358,9,2108,30,14,2108,14,2108,14
3359,9,2410,31,14,2410,14,2410,14
3360,9,2411,32,15,2411,15,2411,15
3361,9,2412,33,15,2412,15,2412,15
3362,9,2745,34,15,2745,15,2745,15
3363,9,2746,35,16,2746,16,2746,16
3364,9,2747,36,16,2747,16,2747,16
3365,9,3114,37,16,3114,16,3114,16
3366,9,3115,38,17,3115,17,3115,17
3367,9,3116,39,17,3116,17,3116,17
3368,9,3522,40,17,3522,17,3522,17
3369,9,3523,41,18,3523,18,3523,18
3370,9,3524,42,18,3524,18,3524,18
3371,9,3972,43,18,3972,18,3972,18
3372,9,3973,44,19,3973,19,3973,19
3373,9,3974,45,19,3974,19,3974,19
3374,9,4469,46,19,4469,19,4469,19
3375,9,4470,47,20,4470,20,4470,20
3376,9,4471,48,20,4471,20,4471,20
3377,9,5017,49,20,5017,20,5017,20
3378,9,5018,50,21,5018,21,5018,21
3379,9,5019,51,21,5019,21,5019,21
3380,9,5623,52,21,5623,21,5623,21
3381,9,5624,53,22,5624,22,5624,22
3382,9,5625,54,22,5625,22,5625,22
3383,9,6290,55,22,6290,22,6290,22
3384,9,6291,56,23,6291,23,6291,23
3385,9,6292,57,23,6292,23,6292,23
3386,9,7027,58,23,7027,23,7027,23
3387,9,7028,59,24,7028,24,7028,24
3388,9,7029,60,24,7029,24,7029,24
3389,9,7841,61,24,7841,24,7841,24
3390,9,7842,62,25,7842,25,7842,25
3391,9,7843,63,25,7843,25,7843,25
3392,9,8739,64,25,8739,25,8739,25
3393,9,8740,65,26,8740,26,8740,26
3394,9,8741,66,26,8741,26,8741,26
3395,9,9729,67,26,9729,26,9729,26
3396,9,9730,68,27,9730,27,9730,27
3397,9,9731,69,27,9731,27,9731,27
3398,9,10823,70,27,10823,27,10823,27
3399,9,10824,71,28,10824,28,10824,28
3400,9,10825,72,28,10825,28,10825,28
3401,9,12030,73,28,12030,28,12030,28
3402,9,12031,74,29,12031,29,12031,29
3403,9,12032,75,29,12032,29,12032,29
3404,9,13362,76,29,13362,29,13362,29
3405,9,13363,77,30,13363,30,13363,30
3406,9,13364,78,30,13364,30,13364,30
3407,9,14832,79,30,14832,30,14832,30
3408,9,14833,80,31,14833,31,14833,31
3409,9,14834,81,31,14834,31,14834,31
3410,9,16455,82,31,16455,31,16455,31
3411,9,16456,83,32,16456,32,16456,32
3412,9,16457,84,32,16457,32,16457,32
3413,9,18246,85,32,18246,32,18246,32
3414,9,18247,86,33,18247,33,18247,33
3415,9,18248,87,33,18248,33,18248,33
3416,9,20223,88,33,20223,33,20223,33
3417,9,20224,89,34,20224,34,20224,34
3418,9,20225,90,34,20225,34,20225,34
3419,9,22405,91,34,22405,34,22405,34
3420,9,22406,92,35,22406,35,22406,35
3421,9,22407,93,35,22407,35,22407,35
3422,9,24814,94,35,24814,35,24814,35
3423,9,24815,95,36,24815,36,24815,36
3424,9,24816,96,36,24816,36,24816,36
3425,9,27472,97,36,27472,36,27472,36
3426,9,27473,98,37,27473,37,27473,37
3427,9,27474,99,37,27474,37,27474,37
3428,9,30407,100,37,30407,37,30407,37
3429,9,30408,101,38,30408,38,30408,38
3430,9,30409,102,38,30409,38,30409,38
3431,9,33647,103,38,33647,38,33647,38
3432,9,33648,104,39,33648,39,33648,39
3433,9,33649,105,39,33649,39,33649,39
3434,9,37223,106,39,37223,39,37223,39
3435,9,37224,107,40,37224,40,37224,40
3436,9,37225,108,40,37225,40,37225,40
3437,9,41170,109,40,41170,40,41170,40
3438,9,41171,110,41,41171,41,41171,41
3439,9,41172,111,41,41172,41,41172,41
3440,9,45528,112,41,45528,41,45528,41
3441,9,45529,113,42,45529,42,45529,42
3442,9,45530,114,42,45530,42,45530,42
3443,9,50338,115,42,50338,42,50338,42
3444,9,50339,116,43,50339,43,50339,43
3445,9,50340,117,43,50340,43,50340,43
3446,9,55648,118,43,55648,43,55648,43
3447,9,55649,119,44,55649,44,55649,44
3448,9,55650,120,44,55650,44,55650,44
3449,9,61511,121,44,61511,44,61511,44
3450,9,61512,122,45,61512,45,61512,45
3451,9,61513,123,45,61513,45,61513,45
3452,9,67982,124,45,67982,45,67982,45
3453,9,67983,125,46,67983,46,67983,46
3454,9,67984,126,46,67984,46,67984,46
3455,9,75126,127,46,75126,46,75126,46
3456,9,75127,128,47,75127,47,75127,47
3457,9,75128,129,47,75128,47,75128,47
3458,9,83013,130,47,83013,47,83013,47
3459,9,83014,131,48,83014,48,83014,48
3460,9,83015,132,48,83015,48,83015,48
3461,9,91720,133,48,91720,48,91720,48
3462,9,91721,134,49,91721,49,91721,49
3463,9,91722,135,49,91722,49,91722,49
3464,9,101332,136,49,101332,49,101332,49
3465,9,101333,137,50,101333,50,101333,50
3466,9,101334,138,50,101334,50,101334,50
3467,9,111944,139,50,111944,50,111944,50
3468,9,111945,140,51,111945,51,111945,51
3469,9,111946,141,51,111946,51,111946,51
3470,9,123659,142,51,123659,51,123659,51
3471,9,123660,143,52,123660,52,123660,52
3472,9,123661,144,52,123661,52,123661,52
3473,9,136593,145,52,136593,52,136593,52
3474,9,136594,146,53,136594,53,136594,53
3475,9,136595,147,53,136595,53,136595,53
3476,9,150871,148,53,150871,53,150871,53
3477,9,150872,149,54,150872,54,150872,54
3478,9,150873,150,54,150873,54,150873,54
3479,9,166635,151,54,166635,54,166635,54
3480,9,166636,152,55,166636,55,166636,55
3481,9,166637,153,55,166637,55,166637,55
3482,9,184039,154,55,184039,55,184039,55
3483,9,184040,155,56,184040,56,184040,56
3484,9,184041,156,56,184041,56,184041,56
3485,9,203253,157,56,203253,56,203253,56
3486,9,203254,158,57,203254,57,203254,57
3487,9,203255,159,57,203255,57,203255,57
3488,9,224465,160,57,224465,57,224465,57
3489,9,224466,161,58,224466,58,224466,58
3490,9,224467,162,58,224467,58,224467,58
3491,9,247885,163,58,247885,58,247885,58
3492,9,247886,164,59,247886,59,247886,59
3493,9,247887,165,59,247887,59,247887,59
3494,9,273741,166,59,273741,59,273741,59
3495,9,273742,167,60,273742,60,273742,60
3496,9,273743,168,60,273743,60,273743,60
3497,9,302287,169,60,302287,60,302287,60
3498,9,302288,170,61,302288,61,302288,61
3499,9,302289,171,61,302289,61,302289,61
3500,9,333803,172,61,333803,61,333803,61
3501,9,333804,173,62,333804,62,333804,62
3502,9,333805,174,62,333805,62,333805,62
3503,9,368598,175,62,368598,62,368598,62
3504,9,368599,176,63,368599,63,368599,63
3505,9,368600,177,63,368600,63,368600,63
3506,9,407014,178,63,407014,63,407014,63
3507,9,407015,179,64,407015,64,407015,64
3508,9,407016,180,64,407016,64,407016,64
3509,9,449427,181,64,449427,64,449427,64
3510,9,449428,182,65,449428,65,449428,65
3511,9,449429,183,65,449429,65,449429,65
3512,9,496253,184,65,496253,65,496253,65
3513,9,496254,185,66,496254,66,496254,66
3514,9,496255,186,66,496255,66,496255,66
3515,9,547952,187,66,547952,66,547952,66
3516,9,547953,188,67,547953,67,547953,67
3517,9,547954,189,67,547954,67,547954,67
3518,9,605031,190,67,605031,67,605031,67
3519,9,605032,191,68,605032,68,605032,68
3520,9,605033,192,68,605033,68,605033,68
3521,9,668050,193,68,668050,68,668050,68
3522,9,668051,194,69,668051,69,668051,69
3523,9,668052,195,69,668052,69,668052,69
3524,9,737626,196,69,737626,69,737626,69
3525,9,737627,197,70,737627,70,737627,70
3526,9,737628,198,70,737628,70,737628,70
3527,9,814444,199,70,814444,70,814444,70
3528,9,814445,200,71,814445,71,814445,71
3529,9,814446,201,71,814446,71,814446,71
3530,9,899256,202,71,899256,71,899256,71
3531,9,899257,203,72,899257,72,899257,72
3532,9,899258,204,72,899258,72,899258,72
3533,9,992894,205,72,992894,72,992894,72
3534,9,992895,206,73,992895,73,992895,73
3535,9,992896,207,73,992896,73,992896,73
3536,9,1096277,208,73,1096277,73,1096277,73
3537,9,1096278,209,74,1096278,74,1096278,74
3538,9,1096279,210,74,1096279,74,1096279,74
3539,9,1210420,211,74,1210420,74,1210420,74
3540,9,1210421,212,75,1210421,75,1210421,75
3541,9,1210422,213,75,1210422,75,1210422,75
3542,9,1336442,214,75,1336442,75,1336442,75
3543,9,1336443,215,76,1336443,76,1336443,76
3544,9,1336444,216,76,1336444,76,1336444,76
3545,9,1475580,217,76,1475580,76,1475580,76
3546,9,1475581,218,77,1475581,77,1475581,77
3547,9,1475582,219,77,1475582,77,1475582,77
3548,9,1629199,220,77,1629199,77,1629199,77
3549,9,1629200,221,78,1629200,78,1629200,78
3550,9,1629201,222,78,1629201,78,1629201,78
3551,9,1798807,223,78,1798807,78,1798807,78
3552,9,1798808,224,79,1798808,79,1798808,79
3553,9,1798809,225,79,1798809,79,1798809,79
3554,9,1986067,226,79,1986067,79,1986067,79
3555,9,1986068,227,80,1986068,80,1986068,80
3556,9,1986069,228,80,1986069,80,1986069,80
3557,9,2192817,229,80,2192817,80,2192817,80
3558,9,2192818,230,81,2192818,81,2192818,81
3559,9,2192819,231,81,2192819,81,2192819,81
3560,9,2421086,232,81,2421086,81,2421086,81
3561,9,2421087,233,82,2421087,82,2421087,82
3562,9,2421088,234,82,2421088,82,2421088,82
3563,9,2673113,235,82,2673113,82,2673113,82
3564,9,2673114,236,83,2673114,83,2673114,83
3565,9,2673115,237,83,2673115,83,2673115,83
3566,9,2951372,238,83,2951372,83,2951372,83
3567,9,2951373,239,84,2951373,84,2951373,84
3568,9,2951374,240,84,2951374,84,2951374,84
3569,9,3258593,241,84,3258593,84,3258593,84
3570,9,3258594,242,85,3258594,85,3258594,85
3571,9,3258595,243,85,3258595,85,3258595,85
3572,9,3597791,244,85,3597791,85,3597791,85
3573,9,3597792,245,86,3597792,86,3597792,86
3574,9,3597793,246,86,3597793,86,3597793,86
3575,9,3972293,247,86,3972293,86,3972293,86
3576,9,3972294,248,87,3972294,87,3972294,87
3577,9,3972295,249,87,3972295,87,3972295,87
3578,9,4385775,250,87,4385775,87,4385775,87
3579,9,4385776,251,88,4385776,88,4385776,88
3580,9,4385777,252,88,4385777,88,4385777,88
3581,9,4842294,253,88,4842294,88,4842294,88
3582,9,4842295,254,89,4842295,89,4842295,89
3583,9,4842296,255,89,4842296,89,4842296,89
3584,9,5346331,0,89,5346331,89,5346331,89
3585,9,5346332,1,90,5346332,90,5346332,90
3586,9,5346333,2,90,5346333,90,5346333,90
3587,9,5902830,3,90,5902830,90,5902830,90
3588,9,5902831,4,91,5902831,91,5902831,91
3589,9,5902832,5,91,5902832,91,5902832,91
3590,9,6517252,6,91,6517252,91,6517252,91
3591,9,6517253,7,92,6517253,92,6517253,92
3592,9,6517254,8,92,6517254,92,6517254,92
3593,9,7195628,9,92,7195628,92,7195628,92
3594,9,7195629,10,93,7195629,93,7195629,93
3595,9,7195630,11,93,7195630,93,7195630,93
3596,9,7944613,12,93,7944613,93,7944613,93
3597,9,7944614,13,94,7944614,94,7944614,94
3598,9,7944615,14,94,7944615,94,7944615,94
3599,9,8771557,15,94,8771557,94,8771557,94
3600,9,8771558,16,95,8771558,95,8771558,95
3601,9,8771559,17,95,8771559,95,8771559,95
3602,9,9684576,18,95,9684576,95,9684576,95
3603,9,9684577,19,96,9684577,96,9684577,96
3604,9,9684578,20,96,9684578,96,9684578,96
3605,9,10692628,21,96,10692628,96,10692628,96
3606,9,10692629,22,97,10692629,97,10692629,97
3607,9,10692630,23,97,10692630,97,10692630,97
3608,9,11805605,24,97,11805605,97,11805605,97
3609,9,11805606,25,98,11805606,98,11805606,98
3610,9,11805607,26,98,11805607,98,11805607,98
3611,9,13034430,27,98,13034430,98,13034430,98
3612,9,13034431,28,99,13034431,99,13034431,99
3613,9,13034432,29,99,13034432,99,13034432,99
3614,9,14391159,30,99,14391159,99,14391159,99
3615,9,14391160,31,99,14391160,99,14391160,99
3616,9,14391161,32,99,14391161,99,14391161,99
3617,9,15889108,33,99,15889108,99,15889108,99
3618,9,15889109,34,99,15889109,99,15889109,99
3619,9,15889110,35,99,15889110,99,15889110,99
3620,9,17542975,36,99,17542975,99,17542975,99
3621,9,17542976,37,99,17542976,99,17542976,99
3622,9,17542977,38,99,17542977,99,17542977,99
3623,9,19368991,39,99,19368991,99,19368991,99
3624,9,19368992,40,99,19368992,99,19368992,99
3625,9,19368993,41,99,19368993,99,19368993,99
3626,9,21385072,42,99,21385072,99,21385072,99
3627,9,21385073,43,99,21385073,99,21385073,99
3628,9,21385074,44,99,21385074,99,21385074,99
3629,9,23611005,45,99,23611005,99,23611005,99
3630,9,23611006,46,99,23611006,99,23611006,99
3631,9,23611007,47,99,23611007,99,23611007,99
3632,9,26068631,48,99,26068631,99,26068631,99
3633,9,26068632,49,99,26068632,99,26068632,99
3634,9,26068633,50,99,26068633,99,26068633,99
3635,9,28782068,51,99,28782068,99,28782068,99
3636,9,28782069,52,99,28782069,99,28782069,99
3637,9,28782070,53,99,28782070,99,28782070,99
3638,9,31777942,54,99,31777942,99,31777942,99
3639,9,31777943,55,99,31777943,99,31777943,99
3640,9,31777944,56,99,31777944,99,31777944,99
3641,9,35085653,57,99,35085653,99,35085653,99
3642,9,35085654,58,99,35085654,99,35085654,99
3643,9,35085655,59,99,35085655,99,35085655,99
3644,9,38737660,60,99,38737660,99,38737660,99
3645,9,38737661,61,99,38737661,99,38737661,99
3646,9,38737662,62,99,38737662,99,38737662,99
3647,9,42769800,63,99,42769800,99,42769800,99
3648,9,42769801,64,99,42769801,99,42769801,99
3649,9,42769802,65,99,42769802,99,42769802,99
3650,9,47221640,66,99,47221640,99,47221640,99
3651,9,47221641,67,99,47221641,99,47221641,99
3652,9,47221642,68,99,47221642,99,47221642,99
3653,9,52136868,69,99,52136868,99,52136868,99
3654,9,52136869,70,99,52136869,99,52136869,99
3655,9,52136870,71,99,52136870,99,52136870,99
3656,9,57563717,72,99,57563717,99,57563717,99
3657,9,57563718,73,99,57563718,99,57563718,99
3658,9,57563719,74,99,57563719,99,57563719,99
3659,9,63555442,75,99,63555442,99,63555442,99
3660,9,63555443,76,99,63555443,99,63555443,99
3661,9,63555444,77,99,63555444,99,63555444,99
3662,9,70170839,78,99,70170839,99,70170839,99
3663,9,70170840,79,99,70170840,99,70170840,99
3664,9,70170841,80,99,70170841,99,70170841,99
3665,9,77474827,81,99,77474827,99,77474827,99
3666,9,77474828,82,99,77474828,99,77474828,99
3667,9,77474829,83,99,77474829,99,77474829,99
3668,9,85539081,84,99,85539081,99,85539081,99
3669,9,85539082,85,99,85539082,99,85539082,99
3670,9,85539083,86,99,85539083,99,85539083,99
3671,9,94442736,87,99,94442736,99,94442736,99
3672,9,94442737,88,99,94442737,99,94442737,99
3673,9,94442738,89,99,94442738,99,94442738,99
3674,9,104273166,90,99,104273166,99,104273166,99
3675,9,104273167,91,99,104273167,99,104273167,99
3676,9,104273168,92,99,104273168,99,104273168,99
3677,9,115126837,93,99,115126837,99,115126837,99
3678,9,115126838,94,99,115126838,99,115126838,99
3679,9,115126839,95,99,115126839,99,115126839,99
3680,10,0,96,1,0,1,0,1
3681,10,0,97,1,0,1,0,1
3682,10,0,98,1,0,1,0,1
3683,10,1,99,1,1,1,1,1
3684,10,199999999,100,99,199999999,99,199999999,99
3685,10,200000000,101,99,200000000,99,200000000,99
3686,10,200000000,102,99,200000000,99,200000000,99
3687,10,200000000,103,99,200000000,99,200000000,99
3688,10,82,104,1,82,1,82,1
3689,10,83,105,2,83,2,83,2
3690,10,84,106,2,84,2,84,2
3691,10,173,107,2,173,2,173,2
3692,10,174,108,3,174,3,174,3
3693,10,175,109,3,175,3,175,3
3694,10,275,110,3,275,3,275,3
3695,10,276,111,4,276,4,276,4
3696,10,277,112,4,277,4,277,4
3697,10,387,113,4,387,4,387,4
3698,10,388,114,5,388,5,388,5
3699,10,389,115,5,389,5,389,5
3700,10,511,116,5,511,5,511,5
3701,10,512,117,6,512,6,512,6
3702,10,513,118,6,513,6,513,6
3703,10,649,119,6,649,6,649,6
3704,10,650,120,7,650,7,650,7
3705,10,651,121,7,651,7,651,7
3706,10,800,122,7,800,7,800,7
3707,10,801,123,8,801,8,801,8
3708,10,802,124,8,802,8,802,8
3709,10,968,125,8,968,8,968,8
3710,10,969,126,9,969,9,969,9
3711,10,970,127,9,970,9,970,9
3712,10,1153,128,9,1153,9,1153,9
3713,10,1154,129,10,1154,10,1154,10
3714,10,1155,130,10,1155,10,1155,10
3715,10,1357,131,10,1357,10,1357,10
3716,10,1358,132,11,1358,11,1358,11
3717,10,1359,133,11,1359,11,1359,11
3718,10,1583,134,11,1583,11,1583,11
3719,10,1584,135,12,1584,12,1584,12
3720,10,1585,136,12,1585,12,1585,12
3721,10,1832,137,12,1832,12,1832,12
3722,10,1833,138,13,1833,13,1833,13
3723,10,1834,139,13,1834,13,1834,13
3724,10,2106,140,13,2106,13,2106,13
3725,10,2107,141,14,2107,14,2107,14
3726,10,2108,142,14,2108,14,2108,14
3727,10,2410,143,14,2410,14,2410,14
3728,10,2411,144,15,2411,15,2411,15
3729,10,2412,145,15,2412,15,2412,15
3730,10,2745,146,15,2745,15,2745,15
3731,10,2746,147,16,2746,16,2746,16
3732,10,2747,148,16,2747,16,2747,16
3733,10,3114,149,16,3114,16,3114,16
3734,10,3115,150,17,3115,17,3115,17
3735,10,3116,151,17,3116,17,3116,17
3736,10,3522,152,17,3522,17,3522,17
3737,10,3523,153,18,3523,18,3523,18
3738,10,3524,154,18,3524,18,3524,18
3739,10,3972,155,18,3972,18,3972,18
3740,10,3973,156,19,3973,19,3973,19
3741,10,3974,157,19,3974,19,3974,19
3742,10,4469,158,19,4469,19,4469,19
3743,10,4470,159,20,4470,20,4470,20
3744,10,4471,160,20,4471,20,4471,20
3745,10,5017,161,20,5017,20,5017,20
3746,10,5018,162,21,5018,21,5018,21
3747,10,5019,163,21,5019,21,5019,21
3748,10,5623,164,21,5623,21,5623,21
3749,10,5624,165,22,5624,22,5624,22
3750,10,5625,166,22,5625,22,5625,22
3751,10,6290,167,22,6290,22,6290,22
3752,10,6291,168,23,6291,23,6291,23
3753,10,6292,169,23,6292,23,6292,23
3754,10,7027,170,23,7027,23,7027,23
3755,10,7028,171,24,7028,24,7028,24
3756,10,7029,172,24,7029,24,7029,24
3757,10,7841,173,24,7841,24,7841,24
3758,10,7842,174,25,7842,25,7842,25
3759,10,7843,175,25,7843,25,7843,25
3760,10,8739,176,25,8739,25,8739,25
3761,10,8740,177,26,8740,26,8740,26
3762,10,8741,178,26,8741,26,8741,26
3763,10,9729,179,26,9729,26,9729,26
3764,10,9730,180,27,9730,27,9730,27
3765,10,9731,181,27,9731,27,9731,27
3766,10,10823,182,27,10823,27,10823,27
3767,10,10824,183,28,10824,28,10824,28
3768,10,10825,184,28,10825,28,10825,28
3769,10,12030,185,28,12030,28,12030,28
3770,10,12031,186,29,12031,29,12031,29
3771,10,12032,187,29,12032,29,12032,29
3772,10,13362,188,29,13362,29,13362,29
3773,10,13363,189,30,13363,30,13363,30
3774,10,13364,190,30,13364,30,13364,30
3775,10,14832,191,30,14832,30,14832,30
3776,10,14833,192,31,14833,31,14833,31
3777,10,14834,193,31,14834,31,14834,31
3778,10,16455,194,31,16455,31,16455,31
3779,10,16456,195,32,16456,32,16456,32
3780,10,16457,196,32,16457,32,16457,32
3781,10,18246,197,32,18246,32,18246,32
3782,10,18247,198,33,18247,33,18247,33
3783,10,18248,199,33,18248,33,18248,33
3784,10,20223,200,33,20223,33,20223,33
3785,10,20224,201,34,20224,34,20224,34
3786,10,20225,202,34,20225,34,20225,34
3787,10,22405,203,34,22405,34,22405,34
3788,10,22406,204,35,22406,35,22406,35
3789,10,22407,205,35,22407,35,22407,35
3790,10,24814,206,35,24814,35,24814,35
3791,10,24815,207,36,24815,36,24815,36
3792,10,24816,208,36,24816,36,24816,36
3793,10,27472,209,36,27472,36,27472,36
3794,10,27473,210,37,27473,37,27473,37
3795,10,27474,211,37,27474,37,27474,37
3796,10,30407,212,37,30407,37,30407,37
3797,10,30408,213,38,30408,38,30408,38
3798,10,30409,214,38,30409,38,30409,38
3799,10,33647,215,38,33647,38,33647,38
3800,10,33648,216,39,33648,39,33648,39
3801,10,33649,217,39,33649,39,33649,39
3802,10,37223,218,39,37223,39,37223,39
3803,10,37224,219,40,37224,40,37224,40
3804,10,37225,220,40,37225,40,37225,40
3805,10,41170,221,40,41170,40,41170,40
3806,10,41171,222,41,41171,41,41171,41
3807,10,41172,223,41,41172,41,41172,41
3808,10,45528,224,41,45528,41,45528,41
3809,10,45529,225,42,45529,42,45529,42
3810,10,45530,226,42,45530,42,45530,42
3811,10,50338,227,42,50338,42,50338,42
3812,10,50339,228,43,50339,43,50339,43
3813,10,50340,229,43,50340,43,50340,43
3814,10,55648,230,43,55648,43,55648,43
3815,10,55649,231,44,55649,44,55649,44
3816,10,55650,232,44,55650,44,55650,44
3817,10,61511,233,44,61511,44,61511,44
3818,10,61512,234,45,61512,45,61512,45
3819,10,61513,235,45,61513,45,61513,45
3820,10,67982,236,45,67982,45,67982,45
3821,10,67983,237,46,67983,46,67983,46
3822,10,67984,238,46,67984,46,67984,46
3823,10,75126,239,46,75126,46,75126,46
3824,10,75127,240,47,75127,47,75127,47
3825,10,75128,241,47,75128,47,75128,47
3826,10,83013,242,47,83013,47,83013,47
3827,10,83014,243,48,83014,48,83014,48
3828,10,83015,244,48,83015,48,83015,48
3829,10,91720,245,48,91720,48,91720,48
3830,10,91721,246,49,91721,49,91721,49
3831,10,91722,247,49,91722,49,91722,49
3832,10,101332,248,49,101332,49,101332,49
3833,10,101333,249,50,101333,50,101333,50
3834,10,101334,250,50,101334,50,101334,50
3835,10,111944,251,50,111944,50,111944,50
3836,10,111945,252,51,111945,51,111945,51
3837,10,111946,253,51,111946,51,111946,51
3838,10,123659,254,51,123659,51,123659,51
3839,10,123660,255,52,123660,52,123660,52
3840,10,123661,0,52,123661,52,123661,52
3841,10,136593,1,52,136593,52,136593,52
3842,10,136594,2,53,136594,53,136594,53
3843,10,136595,3,53,136595,53,136595,53
3844,10,150871,4,53,150871,53,150871,53
3845,10,150872,5,54,150872,54,150872,54
3846,10,150873,6,54,150873,54,150873,54
3847,10,166635,7,54,166635,54,166635,54
3848,10,166636,8,55,166636,55,166636,55
3849,10,166637,9,55,166637,55,166637,55
3850,10,184039,10,55,184039,55,184039,55
3851,10,184040,11,56,184040,56,184040,56
3852,10,184041,12,56,184041,56,184041,56
3853,10,203253,13,56,203253,56,203253,56
3854,10,203254,14,57,203254,57,203254,57
3855,10,203255,15,57,203255,57,203255,57
3856,10,224465,16,57,224465,57,224465,57
3857,10,224466,17,58,224466,58,224466,58
3858,10,224467,18,58,224467,58,224467,58
3859,10,247885,19,58,247885,58,247885,58
3860,10,247886,20,59,247886,59,247886,59
3861,10,247887,21,59,247887,59,247887,59
3862,10,273741,22,59,273741,59,273741,59
3863,10,273742,23,60,273742,60,273742,60
3864,10,273743,24,60,273743,60,273743,60
3865,10,302287,25,60,302287,60,302287,60
3866,10,302288,26,61,302288,61,302288,61
3867,10,302289,27,61,302289,61,302289,61
3868,10,333803,28,61,333803,61,333803,61
3869,10,333804,29,62,333804,62,333804,62
3870,10,333805,30,62,333805,62,333805,62
3871,10,368598,31,62,368598,62,368598,62
3872,10,368599,32,63,368599,63,368599,63
3873,10,368600,33,63,368600,63,368600,63
3874,10,407014,34,63,407014,63,407014,63
3875,10,407015,35,64,407015,64,407015,64
3876,10,407016,36,64,407016,64,407016,64
3877,10,449427,37,64,449427,64,449427,64
3878,10,449428,38,65,449428,65,449428,65
3879,10,449429,39,65,449429,65,449429,65
3880,10,496253,40,65,496253,65,496253,65
3881,10,496254,41,66,496254,66,496254,66
3882,10,496255,42,66,496255,66,496255,66
3883,10,547952,43,66,547952,66,547952,66
3884,10,547953,44,67,547953,67,547953,67
3885,10,547954,45,67,547954,67,547954,67
3886,10,605031,46,67,605031,67,605031,67
3887,10,605032,47,68,605032,68,605032,68
3888,10,605033,48,68,605033,68,605033,68
3889,10,668050,49,68,668050,68,668050,68
3890,10,668051,50,69,668051,69,668051,69
3891,10,668052,51,69,668052,69,668052,69
3892,10,737626,52,69,737626,69,737626,69
3893,10,737627,53,70,737627,70,737627,70
3894,10,737628,54,70,737628,70,737628,70
3895,10,814444,55,70,814444,70,814444,70
3896,10,814445,56,71,814445,71,814445,71
3897,10,814446,57,71,814446,71,814446,71
3898,10,899256,58,71,899256,71,899256,71
3899,10,899257,59,72,899257,72,899257,72
3900,10,899258,60,72,899258,72,899258,72
3901,10,992894,61,72,992894,72,992894,72
3902,10,992895,62,73,992895,73,992895,73
3903,10,992896,63,73,992896,73,992896,73
3904,10,1096277,64,73,1096277,73,1096277,73
3905,10,1096278,65,74,1096278,74,1096278,74
3906,10,1096279,66,74,1096279,74,1096279,74
3907,10,1210420,67,74,1210420,74,1210420,74
3908,10,1210421,68,75,1210421,75,1210421,75
3909,10,1210422,69,75,1210422,75,1210422,75
3910,10,1336442,70,75,1336442,75,1336442,75
3911,10,1336443,71,76,1336443,76,1336443,76
3912,10,1336444,72,76,1336444,76,1336444,76
3913,10,1475580,73,76,1475580,76,1475580,76
3914,10,1475581,74,77,1475581,77,1475581,77
3915,10,1475582,75,77,1475582,77,1475582,77
3916,10,1629199,76,77,1629199,77,1629199,77
3917,10,1629200,77,78,1629200,78,1629200,78
3918,10,1629201,78,78,1629201,78,1629201,78
3919,10,1798807,79,78,1798807,78,1798807,78
3920,10,1798808,80,79,1798808,79,1798808,79
3921,10,1798809,81,79,1798809,79,1798809,79
3922,10,1986067,82,79,1986067,79,1986067,79
3923,10,1986068,83,80,1986068,80,1986068,80
3924,10,1986069,84,80,1986069,80,1986069,80
3925,10,2192817,85,80,2192817,80,2192817,80
3926,10,2192818,86,81,2192818,81,2192818,81
3927,10,2192819,87,81,2192819,81,2192819,81
3928,10,2421086,88,81,2421086,81,2421086,81
3929,10,2421087,89,82,2421087,82,2421087,82
3930,10,2421088,90,82,2421088,82,2421088,82
3931,10,2673113,91,82,2673113,82,2673113,82
3932,10,2673114,92,83,2673114,83,2673114,83
3933,10,2673115,93,83,2673115,83,2673115,83
3934,10,2951372,94,83,2951372,83,2951372,83
3935,10,2951373,95,84,2951373,84,2951373,84
3936,10,2951374,96,84,2951374,84,2951374,84
3937,10,3258593,97,84,3258593,84,3258593,84
3938,10,3258594,98,85,3258594,85,3258594,85
3939,10,3258595,99,85,3258595,85,3258595,85
3940,10,3597791,100,85,3597791,85,3597791,85
3941,10,3597792,101,86,3597792,86,3597792,86
3942,10,3597793,102,86,3597793,86,3597793,86
3943,10,3972293,103,86,3972293,86,3972293,86
3944,10,3972294,104,87,3972294,87,3972294,87
3945,10,3972295,105,87,3972295,87,3972295,87
3946,10,4385775,106,87,4385775,87,4385775,87
3947,10,4385776,107,88,4385776,88,4385776,88
3948,10,4385777,108,88,4385777,88,4385777,88
3949,10,4842294,109,88,4842294,88,4842294,88
3950,10,4842295,110,89,4842295,89,4842295,89
3951,10,4842296,111,89,4842296,89,4842296,89
3952,10,5346331,112,89,5346331,89,5346331,89
3953,10,5346332,113,90,5346332,90,5346332,90
3954,10,5346333,114,90,5346333,90,5346333,90
3955,10,5902830,115,90,5902830,90,5902830,90
3956,10,5902831,116,91,5902831,91,5902831,91
3957,10,5902832,117,91,5902832,91,5902832,91
3958,10,6517252,118,91,6517252,91,6517252,91
3959,10,6517253,119,92,6517253,92,6517253,92
3960,10,6517254,120,92,6517254,92,6517254,92
3961,10,7195628,121,92,7195628,92,7195628,92
3962,10,7195629,122,93,7195629,93,7195629,93
3963,10,7195630,123,93,7195630,93,7195630,93
3964,10,7944613,124,93,7944613,93,7944613,93
3965,10,7944614,125,94,7944614,94,7944614,94
3966,10,7944615,126,94,7944615,94,7944615,94
3967,10,8771557,127,94,8771557,94,8771557,94
3968,10,8771558,128,95,8771558,95,8771558,95
3969,10,8771559,129,95,8771559,95,8771559,95
3970,10,9684576,130,95,9684576,95,9684576,95
3971,10,9684577,131,96,9684577,96,9684577,96
3972,10,9684578,132,96,9684578,96,9684578,96
3973,10,10692628,133,96,10692628,96,10692628,96
3974,10,10692629,134,97,10692629,97,10692629,97
3975,10,10692630,135,97,10692630,97,10692630,97
3976,10,11805605,136,97,11805605,97,11805605,97
3977,10,11805606,137,98,11805606,98,11805606,98
3978,10,11805607,138,98,11805607,98,11805607,98
3979,10,13034430,139,98,13034430,98,13034430,98
3980,10,13034431,140,99,13034431,99,13034431,99
3981,10,13034432,141,99,13034432,99,13034432,99
3982,10,14391159,142,99,14391159,99,14391159,99
3983,10,14391160,143,99,14391160,99,14391160,99
3984,10,14391161,144,99,14391161,99,14391161,99
3985,10,15889108,145,99,15889108,99,15889108,99
3986,10,15889109,146,99,15889109,99,15889109,99
3987,10,15889110,147,99,15889110,99,15889110,99
3988,10,17542975,148,99,17542975,99,17542975,99
3989,10,17542976,149,99,17542976,99,17542976,99
3990,10,17542977,150,99,17542977,99,17542977,99
3991,10,19368991,151,99,19368991,99,19368991,99
3992,10,19368992,152,99,19368992,99,19368992,99
3993,10,19368993,153,99,19368993,99,19368993,99
3994,10,21385072,154,99,21385072,99,21385072,99
3995,10,21385073,155,99,21385073,99,21385073,99
3996,10,21385074,156,99,21385074,99,21385074,99
3997,10,23611005,157,99,23611005,99,23611005,99
3998,10,23611006,158,99,23611006,99,23611006,99
3999,10,23611007,159,99,23611007,99,23611007,99
4000,10,26068631,160,99,26068631,99,26068631,99
4001,10,26068632,161,99,26068632,99,26068632,99
4002,10,26068633,162,99,26068633,99,26068633,99
4003,10,28782068,163,99,28782068,99,28782068,99
4004,10,28782069,164,99,28782069,99,28782069,99
4005,10,28782070,165,99,28782070,99,28782070,99
4006,10,31777942,166,99,31777942,99,31777942,99
4007,10,31777943,167,99,31777943,99,31777943,99
4008,10,31777944,168,99,31777944,99,31777944,99
4009,10,35085653,169,99,35085653,99,35085653,99
4010,10,35085654,170,99,35085654,99,35085654,99
4011,10,35085655,171,99,35085655,99,35085655,99
4012,10,38737660,172,99,38737660,99,38737660,99
4013,10,38737661,173,99,38737661,99,38737661,99
4014,10,38737662,174,99,38737662,99,38737662,99
4015,10,42769800,175,99,42769800,99,42769800,99
4016,10,42769801,176,99,42769801,99,42769801,99
4017,10,42769802,177,99,42769802,99,42769802,99
4018,10,47221640,178,99,47221640,99,47221640,99
4019,10,47221641,179,99,47221641,99,47221641,99
4020,10,47221642,180,99,47221642,99,47221642,99
4021,10,52136868,181,99,52136868,99,52136868,99
4022,10,52136869,182,99,52136869,99,52136869,99
4023,10,52136870,183,99,52136870,99,52136870,99
4024,10,57563717,184,99,57563717,99,57563717,99
4025,10,57563718,185,99,57563718,99,57563718,99
4026,10,57563719,186,99,57563719,99,57563719,99
4027,10,63555442,187,99,63555442,99,63555442,99
4028,10,63555443,188,99,63555443,99,63555443,99
4029,10,63555444,189,99,63555444,99,63555444,99
4030,10,70170839,190,99,70170839,99,70170839,99
4031,10,70170840,191,99,70170840,99,70170840,99
4032,10,70170841,192,99,70170841,99,70170841,99
4033,10,77474827,193,99,77474827,99,77474827,99
4034,10,77474828,194,99,77474828,99,77474828,99
4035,10,77474829,195,99,77474829,99,77474829,99
4036,10,85539081,196,99,85539081,99,85539081,99
4037,10,85539082,197,99,85539082,99,85539082,99
4038,10,85539083,198,99,85539083,99,85539083,99
4039,10,94442736,199,99,94442736,99,94442736,99
4040,10,94442737,200,99,94442737,99,94442737,99
4041,10,94442738,201,99,94442738,99,94442738,99
4042,10,104273166,202,99,104273166,99,104273166,99
4043,10,104273167,203,99,104273167,99,104273167,99
4044,10,104273168,204,99,104273168,99,104273168,99
4045,10,115126837,205,99,115126837,99,115126837,99
4046,10,115126838,206,99,115126838,99,115126838,99
4047,10,115126839,207,99,115126839,99,115126839,99
4048,11,0,208,1,0,1,0,1
4049,11,0,209,1,0,1,0,1
4050,11,0,210,1,0,1,0,1
4051,11,1,211,1,1,1,1,1
4052,11,199999999,212,99,199999999,99,199999999,99
4053,11,200000000,213,99,200000000,99,200000000,99
4054,11,200000000,214,99,200000000,99,200000000,99
4055,11,200000000,215,99,200000000,99,200000000,99
4056,11,82,216,1,82,1,82,1
4057,11,83,217,2,83,2,83,2
4058,11,84,218,2,84,2,84,2
4059,11,173,219,2,173,2,173,2
4060,11,174,220,3,174,3,174,3
4061,11,175,221,3,175,3,175,3
4062,11,275,222,3,275,3,275,3
4063,11,276,223,4,276,4,276,4
4064,11,277,224,4,277,4,277,4
4065,11,387,225,4,387,4,387,4
4066,11,388,226,5,388,5,388,5
4067,11,389,227,5,389,5,389,5
4068,11,511,228,5,511,5,511,5
4069,11,512,229,6,512,6,512,6
4070,11,513,230,6,513,6,513,6
4071,11,649,231,6,649,6,649,6
4072,11,650,232,7,650,7,650,7
4073,11,651,233,7,651,7,651,7
4074,11,800,234,7,800,7,800,7
4075,11,801,235,8,801,8,801,8
4076,11,802,236,8,802,8,802,8
4077,11,968,237,8,968,8,968,8
4078,11,969,238,9,969,9,969,9
4079,11,970,239,9,970,9,970,9
4080,11,1153,240,9,1153,9,1153,9
4081,11,1154,241,10,1154,10,1154,10
4082,11,1155,242,10,1155,10,1155,10
4083,11,1357,243,10,1357,10,1357,10
4084,11,1358,244,11,1358,11,1358,11
4085,11,1359,245,11,1359,11,1359,11
4086,11,1583,246,11,1583,11,1583,11
4087,11,1584,247,12,1584,12,1584,12
4088,11,1585,248,12,1585,12,1585,12
4089,11,1832,249,12,1832,12,1832,12
4090,11,1833,250,13,1833,13,1833,13
4091,11,1834,251,13,1834,13,1834,13
4092,11,2106,252,13,2106,13,2106,13
4093,11,2107,253,14,2107,14,2107,14
4094,11,2108,254,14,2108,14,2108,14
4095,11,2410,255,14,2410,14,2410,14
4096,11,2411,0,15,2411,15,2411,15
4097,11,2412,1,15,2412,15,2412,15
4098,11,2745,2,15,2745,15,2745,15
4099,11,2746,3,16,2746,16,2746,16
4100,11,2747,4,16,2747,16,2747,16
4101,11,3114,5,16,3114,16,3114,16
4102,11,3115,6,17,3115,17,3115,17
4103,11,3116,7,17,3116,17,3116,17
4104,11,3522,8,17,3522,17,3522,17
4105,11,3523,9,18,3523,18,3523,18
4106,11,3524,10,18,3524,18,3524,18
4107,11,3972,11,18,3972,18,3972,18
4108,11,3973,12,19,3973,19,3973,19
4109,11,3974,13,19,3974,19,3974,19
4110,11,4469,14,19,4469,19,4469,19
4111,11,4470,15,20,4470,20,4470,20
4112,11,4471,16,20,4471,20,4471,20
4113,11,5017,17,20,5017,20,5017,20
4114,11,5018,18,21,5018,21,5018,21
4115,11,5019,19,21,5019,21,5019,21
4116,11,5623,20,21,5623,21,5623,21
4117,11,5624,21,22,5624,22,5624,22
4118,11,5625,22,22,5625,22,5625,22
4119,11,6290,23,22,6290,22,6290,22
4120,11,6291,24,23,6291,23,6291,23
4121,11,6292,25,23,6292,23,6292,23
4122,11,7027,26,23,7027,23,7027,23
4123,11,7028,27,24,7028,24,7028,24
4124,11,7029,28,24,7029,24,7029,24
4125,11,7841,29,24,7841,24,7841,24
4126,11,7842,30,25,7842,25,7842,25
4127,11,7843,31,25,7843,25,7843,25
4128,11,8739,32,25,8739,25,8739,25
4129,11,8740,33,26,8740,26,8740,26
4130,11,8741,34,26,8741,26,8741,26
4131,11,9729,35,26,9729,26,9729,26
4132,11,9730,36,27,9730,27,9730,27
4133,11,9731,37,27,9731,27,9731,27
4134,11,10823,38,27,10823,27,10823,27
4135,11,10824,39,28,10824,28,10824,28
4136,11,10825,40,28,10825,28,10825,28
4137,11,12030,41,28,12030,28,12030,28
4138,11,12031,42,29,12031,29,12031,29
4139,11,12032,43,29,12032,29,12032,29
4140,11,13362,44,29,13362,29,13362,29
4141,11,13363,45,30,13363,30,13363,30
4142,11,13364,46,30,13364,30,13364,30
4143,11,14832,47,30,14832,30,14832,30
4144,11,14833,48,31,14833,31,14833,31
4145,11,14834,49,31,14834,31,14834,31
4146,11,16455,50,31,16455,31,16455,31
4147,11,16456,51,32,16456,32,16456,32
4148,11,16457,52,32,16457,32,16457,32
4149,11,18246,53,32,18246,32,18246,32
4150,11,18247,54,33,18247,33,18247,33
4151,11,18248,55,33,18248,33,18248,33
4152,11,20223,56,33,20223,33,20223,33
4153,11,20224,57,34,20224,34,20224,34
4154,11,20225,58,34,20225,34,20225,34
4155,11,22405,59,34,22405,34,22405,34
4156,11,22406,60,35,22406,35,22406,35
4157,11,22407,61,35,22407,35,22407,35
4158,11,24814,62,35,24814,35,24814,35
4159,11,24815,63,36,24815,36,24815,36
4160,11,24816,64,36,24816,36,24816,36
4161,11,27472,65,36,27472,36,27472,36
4162,11,27473,66,37,27473,37,27473,37
4163,11,27474,67,37,27474,37,27474,37
4164,11,30407,68,37,30407,37,30407,37
4165,11,30408,69,38,30408,38,30408,38
4166,11,30409,70,38,30409,38,30409,38
4167,11,33647,71,38,33647,38,33647,38
4168,11,33648,72,39,33648,39,33648,39
4169,11,33649,73,39,33649,39,33649,39
4170,11,37223,74,39,37223,39,37223,39
4171,11,37224,75,40,37224,40,37224,40
4172,11,37225,76,40,37225,40,37225,40
4173,11,41170,77,40,41170,40,41170,40
4174,11,41171,78,41,41171,41,41171,41
4175,11,41172,79,41,41172,41,41172,41
4176,11,45528,80,41,45528,41,45528,41
4177,11,45529,81,42,45529,42,45529,42
4178,11,45530,82,42,45530,42,45530,42
4179,11,50338,83,42,50338,42,50338,42
4180,11,50339,84,43,50339,43,50339,43
4181,11,50340,85,43,50340,43,50340,43
4182,11,55648,86,43,55648,43,55648,43
4183,11,55649,87,44,55649,44,55649,44
4184,11,55650,88,44,55650,44,55650,44
4185,11,61511,89,44,61511,44,61511,44
4186,11,61512,90,45,61512,45,61512,45
4187,11,61513,91,45,61513,45,61513,45
4188,11,67982,92,45,67982,45,67982,45
4189,11,67983,93,46,67983,46,67983,46
4190,11,67984,94,46,67984,46,67984,46
4191,11,75126,95,46,75126,46,75126,46
4192,11,75127,96,47,75127,47,75127,47
4193,11,75128,97,47,75128,47,75128,47
4194,11,83013,98,47,83013,47,83013,47
4195,11,83014,99,48,83014,48,83014,48
4196,11,83015,100,48,83015,48,83015,48
4197,11,91720,101,48,91720,48,91720,48
4198,11,91721,102,49,91721,49,91721,49
4199,11,91722,103,49,91722,49,91722,49
4200,11,101332,104,49,101332,49,101332,49
4201,11,101333,105,50,101333,50,101333,50
4202,11,101334,106,50,101334,50,101334,50
4203,11,111944,107,50,111944,50,111944,50
4204,11,111945,108,51,111945,51,111945,51
4205,11,111946,109,51,111946,51,111946,51
4206,11,123659,110,51,123659,51,123659,51
4207,11,123660,111,52,123660,52,123660,52
4208,11,123661,112,52,123661,52,123661,52
4209,11,136593,113,52,136593,52,136593,52
4210,11,136594,114,53,136594,53,136594,53
4211,11,136595,115,53,136595,53,136595,53
4212,11,150871,116,53,150871,53,150871,53
4213,11,150872,117,54,150872,54,150872,54
4214,11,150873,118,54,150873,54,150873,54
4215,11,166635,119,54,166635,54,166635,54
4216,11,166636,120,55,166636,55,166636,55
4217,11,166637,121,55,166637,55,166637,55
4218,11,184039,122,55,184039,55,184039,55
4219,11,184040,123,56,184040,56,184040,56
4220,11,184041,124,56,184041,56,184041,56
4221,11,203253,125,56,203253,56,203253,56
4222,11,203254,126,57,203254,57,203254,57
4223,11,203255,127,57,203255,57,203255,57
4224,11,224465,128,57,224465,57,224465,57
4225,11,224466,129,58,224466,58,224466,58
4226,11,224467,130,58,224467,58,224467,58
4227,11,247885,131,58,247885,58,247885,58
4228,11,247886,132,59,247886,59,247886,59
4229,11,247887,133,59,247887,59,247887,59
4230,11,273741,134,59,273741,59,273741,59
4231,11,273742,135,60,273742,60,273742,60
4232,11,273743,136,60,273743,60,273743,60
4233,11,302287,137,60,302287,60,302287,60
4234,11,302288,138,61,302288,61,302288,61
4235,11,302289,139,61,302289,61,302289,61
4236,11,333803,140,61,333803,61,333803,61
4237,11,333804,141,62,333804,62,333804,62
4238,11,333805,142,62,333805,62,333805,62
4239,11,368598,143,62,368598,62,368598,62
4240,11,368599,144,63,368599,63,368599,63
4241,11,368600,145,63,368600,63,368600,63
4242,11,407014,146,63,407014,63,407014,63
4243,11,407015,147,64,407015,64,407015,64
4244,11,407016,148,64,407016,64,407016,64
4245,11,449427,149,64,449427,64,449427,64
4246,11,449428,150,65,449428,65,449428,65
4247,11,449429,151,65,449429,65,449429,65
4248,11,496253,152,65,496253,65,496253,65
4249,11,496254,153,66,496254,66,496254,66
4250,11,496255,154,66,496255,66,496255,66
4251,11,547952,155,66,547952,66,547952,66
4252,11,547953,156,67,547953,67,547953,67
4253,11,547954,157,67,547954,67,547954,67
4254,11,605031,158,67,605031,67,605031,67
4255,11,605032,159,68,605032,68,605032,68
4256,11,605033,160,68,605033,68,605033,68
4257,11,668050,161,68,668050,68,668050,68
4258,11,668051,162,69,668051,69,668051,69
4259,11,668052,163,69,668052,69,668052,69
4260,11,737626,164,69,737626,69,737626,69
4261,11,737627,165,70,737627,70,737627,70
4262,11,737628,166,70,737628,70,737628,70
4263,11,814444,167,70,814444,70,814444,70
4264,11,814445,168,71,814445,71,814445,71
4265,11,814446,169,71,814446,71,814446,71
4266,11,899256,170,71,899256,71,899256,71
4267,11,899257,171,72,899257,72,899257,72
4268,11,899258,172,72,899258,72,899258,72
4269,11,992894,173,72,992894,72,992894,72
4270,11,992895,174,73,992895,73,992895,73
4271,11,992896,175,73,992896,73,992896,73
4272,11,1096277,176,73,1096277,73,1096277,73
4273,11,1096278,177,74,1096278,74,1096278,74
4274,11,1096279,178,74,1096279,74,1096279,74
4275,11,1210420,179,74,1210420,74,1210420,74
4276,11,1210421,180,75,1210421,75,1210421,75
4277,11,1210422,181,75,1210422,75,1210422,75
4278,11,1336442,182,75,1336442,75,1336442,75
4279,11,1336443,183,76,1336443,76,1336443,76
4280,11,1336444,184,76,1336444,76,1336444,76
4281,11,1475580,185,76,1475580,76,1475580,76
4282,11,1475581,186,77,1475581,77,1475581,77
4283,11,1475582,187,77,1475582,77,1475582,77
4284,11,1629199,188,77,1629199,77,1629199,77
4285,11,1629200,189,78,1629200,78,1629200,78
4286,11,1629201,190,78,1629201,78,1629201,78
4287,11,1798807,191,78,1798807,78,1798807,78
4288,11,1798808,192,79,1798808,79,1798808,79
4289,11,1798809,193,79,1798809,79,1798809,79
4290,11,1986067,194,79,1986067,79,1986067,79
4291,11,1986068,195,80,1986068,80,1986068,80
4292,11,1986069,196,80,1986069,80,1986069,80
4293,11,2192817,197,80,2192817,80,2192817,80
4294,11,2192818,198,81,2192818,81,2192818,81
4295,11,2192819,199,81,2192819,81,2192819,81
4296,11,2421086,200,81,2421086,81,2421086,81
4297,11,2421087,201,82,2421087,82,2421087,82
4298,11,2421088,202,82,2421088,82,2421088,82
4299,11,2673113,203,82,2673113,82,2673113,82
4300,11,2673114,204,83,2673114,83,2673114,83
4301,11,2673115,205,83,2673115,83,2673115,83
4302,11,2951372,206,83,2951372,83,2951372,83
4303,11,2951373,207,84,2951373,84,2951373,84
4304,11,2951374,208,84,2951374,84,2951374,84
4305,11,3258593,209,84,3258593,84,3258593,84
4306,11,3258594,210,85,3258594,85,3258594,85
4307,11,3258595,211,85,3258595,85,3258595,85
4308,11,3597791,212,85,3597791,85,3597791,85
4309,11,3597792,213,86,3597792,86,3597792,86
4310,11,3597793,214,86,3597793,86,3597793,86
4311,11,3972293,215,86,3972293,86,3972293,86
4312,11,3972294,216,87,3972294,87,3972294,87
4313,11,3972295,217,87,3972295,87,3972295,87
4314,11,4385775,218,87,4385775,87,4385775,87
4315,11,4385776,219,88,4385776,88,4385776,88
4316,11,4385777,220,88,4385777,88,4385777,88
4317,11,4842294,221,88,4842294,88,4842294,88
4318,11,4842295,222,89,4842295,89,4842295,89
4319,11,4842296,223,89,4842296,89,4842296,89
4320,11,5346331,224,89,5346331,89,5346331,89
4321,11,5346332,225,90,5346332,90,5346332,90
4322,11,5346333,226,90,5346333,90,5346333,90
4323,11,5902830,227,90,5902830,90,5902830,90
4324,11,5902831,228,91,5902831,91,5902831,91
4325,11,5902832,229,91,5902832,91,5902832,91
4326,11,6517252,230,91,6517252,91,6517252,91
4327,11,6517253,231,92,6517253,92,6517253,92
4328,11,6517254,232,92,6517254,92,6517254,92
4329,11,7195628,233,92,7195628,92,7195628,92
4330,11,7195629,234,93,7195629,93,7195629,93
4331,11,7195630,235,93,7195630,93,7195630,93
4332,11,7944613,236,93,7944613,93,7944613,93
4333,11,7944614,237,94,7944614,94,7944614,94
4334,11,7944615,238,94,7944615,94,7944615,94
4335,11,8771557,239,94,8771557,94,8771557,94
4336,11,8771558,240,95,8771558,95,8771558,95
4337,11,8771559,241,95,8771559,95,8771559,95
4338,11,9684576,242,95,9684576,95,9684576,95
4339,11,9684577,243,96,9684577,96,9684577,96
4340,11,9684578,244,96,9684578,96,9684578,96
4341,11,10692628,245,96,10692628,96,10692628,96
4342,11,10692629,246,97,10692629,97,10692629,97
4343,11,10692630,247,97,10692630,97,10692630,97
4344,11,11805605,248,97,11805605,97,11805605,97
4345,11,11805606,249,98,11805606,98,11805606,98
4346,11,11805607,250,98,11805607,98,11805607,98
4347,11,13034430,251,98,13034430,98,13034430,98
4348,11,13034431,252,99,13034431,99,13034431,99
4349,11,13034432,253,99,13034432,99,13034432,99
4350,11,14391159,254,99,14391159,99,14391159,99
4351,11,14391160,255,99,14391160,99,14391160,99
4352,11,14391161,0,99,14391161,99,14391161,99
4353,11,15889108,1,99,15889108,99,15889108,99
4354,11,15889109,2,99,15889109,99,15889109,99
4355,11,15889110,3,99,15889110,99,15889110,99
4356,11,17542975,4,99,17542975,99,17542975,99
4357,11,17542976,5,99,17542976,99,17542976,99
4358,11,17542977,6,99,17542977,99,17542977,99
4359,11,19368991,7,99,19368991,99,19368991,99
4360,11,19368992,8,99,19368992,99,19368992,99
4361,11,19368993,9,99,19368993,99,19368993,99
4362,11,21385072,10,99,21385072,99,21385072,99
4363,11,21385073,11,99,21385073,99,21385073,99
4364,11,21385074,12,99,21385074,99,21385074,99
4365,11,23611005,13,99,23611005,99,23611005,99
4366,11,23611006,14,99,23611006,99,23611006,99
4367,11,23611007,15,99,23611007,99,23611007,99
4368,11,26068631,16,99,26068631,99,26068631,99
4369,11,26068632,17,99,26068632,99,26068632,99
4370,11,26068633,18,99,26068633,99,26068633,99
4371,11,28782068,19,99,28782068,99,28782068,99
4372,11,28782069,20,99,28782069,99,28782069,99
4373,11,28782070,21,99,28782070,99,28782070,99
4374,11,31777942,22,99,31777942,99,31777942,99
4375,11,31777943,23,99,31777943,99,31777943,99
4376,11,31777944,24,99,31777944,99,31777944,99
4377,11,35085653,25,99,35085653,99,35085653,99
4378,11,35085654,26,99,35085654,99,35085654,99
4379,11,35085655,27,99,35085655,99,35085655,99
4380,11,38737660,28,99,38737660,99,38737660,99
4381,11,38737661,29,99,38737661,99,38737661,99
4382,11,38737662,30,99,38737662,99,38737662,99
4383,11,42769800,31,99,42769800,99,42769800,99
4384,11,42769801,32,99,42769801,99,42769801,99
4385,11,42769802,33,99,42769802,99,42769802,99
4386,11,47221640,34,99,47221640,99,47221640,99
4387,11,47221641,35,99,47221641,99,47221641,99
4388,11,47221642,36,99,47221642,99,47221642,99
4389,11,52136868,37,99,52136868,99,52136868,99
4390,11,52136869,38,99,52136869,99,52136869,99
4391,11,52136870,39,99,52136870,99,52136870,99
4392,11,57563717,40,99,57563717,99,57563717,99
4393,11,57563718,41,99,57563718,99,57563718,99
4394,11,57563719,42,99,57563719,99,57563719,99
4395,11,63555442,43,99,63555442,99,63555442,99
4396,11,63555443,44,99,63555443,99,63555443,99
4397,11,63555444,45,99,63555444,99,63555444,99
4398,11,70170839,46,99,70170839,99,70170839,99
4399,11,70170840,47,99,70170840,99,70170840,99
4400,11,70170841,48,99,70170841,99,70170841,99
4401,11,77474827,49,99,77474827,99,77474827,99
4402,11,77474828,50,99,77474828,99,77474828,99
4403,11,77474829,51,99,77474829,99,77474829,99
4404,11,85539081,52,99,85539081,99,85539081,99
4405,11,85539082,53,99,85539082,99,85539082,99
4406,11,85539083,54,99,85539083,99,85539083,99
4407,11,94442736,55,99,94442736,99,94442736,99
4408,11,94442737,56,99,94442737,99,94442737,99
4409,11,94442738,57,99,94442738,99,94442738,99
4410,11,104273166,58,99,104273166,99,104273166,99
4411,11,104273167,59,99,104273167,99,104273167,99
4412,11,104273168,60,99,104273168,99,104273168,99
4413,11,115126837,61,99,115126837,99,115126837,99
4414,11,115126838,62,99,115126838,99,115126838,99
4415,11,115126839,63,99,115126839,99,115126839,99
4416,12,0,64,1,0,1,0,1
4417,12,0,65,1,0,1,0,1
4418,12,0,66,1,0,1,0,1
4419,12,1,67,1,1,1,1,1
4420,12,199999999,68,99,199999999,99,199999999,99
4421,12,200000000,69,99,200000000,99,200000000,99
4422,12,200000000,70,99,200000000,99,200000000,99
4423,12,200000000,71,99,200000000,99,200000000,99
4424,12,82,72,1,82,1,82,1
4425,12,83,73,2,83,2,83,2
4426,12,84,74,2,84,2,84,2
4427,12,173,75,2,173,2,173,2
4428,12,174,76,3,174,3,174,3
4429,12,175,77,3,175,3,175,3
4430,12,275,78,3,275,3,275,3
4431,12,276,79,4,276,4,276,4
4432,12,277,80,4,277,4,277,4
4433,12,387,81,4,387,4,387,4
4434,12,388,82,5,388,5,388,5
4435,12,389,83,5,389,5,389,5
4436,12,511,84,5,511,5,511,5
4437,12,512,85,6,512,6,512,6
4438,12,513,86,6,513,6,513,6
4439,12,649,87,6,649,6,649,6
4440,12,650,88,7,650,7,650,7
4441,12,651,89,7,651,7,651,7
4442,12,800,90,7,800,7,800,7
4443,12,801,91,8,801,8,801,8
4444,12,802,92,8,802,8,802,8
4445,12,968,93,8,968,8,968,8
4446,12,969,94,9,969,9,969,9
4447,12,970,95,9,970,9,970,9
4448,12,1153,96,9,1153,9,1153,9
4449,12,1154,97,10,1154,10,1154,10
4450,12,1155,98,10,1155,10,1155,10
4451,12,1357,99,10,1357,10,1357,10
4452,12,1358,100,11,1358,11,1358,11
4453,12,1359,101,11,1359,11,1359,11
4454,12,1583,102,11,1583,11,1583,11
4455,12,1584,103,12,1584,12,1584,12
4456,12,1585,104,12,1585,12,1585,12
4457,12,1832,105,12,1832,12,1832,12
4458,12,1833,106,13,1833,13,1833,13
4459,12,1834,107,13,1834,13,1834,13
4460,12,2106,108,13,2106,13,2106,13
4461,12,2107,109,14,2107,14,2107,14
4462,12,2108,110,14,2108,14,2108,14
4463,12,2410,111,14,2410,14,2410,14
4464,12,2411,112,15,2411,15,2411,15
4465,12,2412,113,15,2412,15,2412,15
4466,12,2745,114,15,2745,15,2745,15
4467,12,2746,115,16,2746,16,2746,16
4468,12,2747,116,16,2747,16,2747,16
4469,12,3114,117,16,3114,16,3114,16
4470,12,3115,118,17,3115,17,3115,17
4471,12,3116,119,17,3116,17,3116,17
4472,12,3522,120,17,3522,17,3522,17
4473,12,3523,121,18,3523,18,3523,18
4474,12,3524,122,18,3524,18,3524,18
4475,12,3972,123,18,3972,18,3972,18
4476,12,3973,124,19,3973,19,3973,19
4477,12,3974,125,19,3974,19,3974,19
4478,12,4469,126,19,4469,19,4469,19
4479,12,4470,127,20,4470,20,4470,20
4480,12,4471,128,20,4471,20,4471,20
4481,12,5017,129,20,5017,20,5017,20
4482,12,5018,130,21,5018,21,5018,21
4483,12,5019,131,21,5019,21,5019,21
4484,12,5623,132,21,5623,21,5623,21
4485,12,5624,133,22,5624,22,5624,22
4486,12,5625,134,22,5625,22,5625,22
4487,12,6290,135,22,6290,22,6290,22
4488,12,6291,136,23,6291,23,6291,23
4489,12,6292,137,23,6292,23,6292,23
4490,12,7027,138,23,7027,23,7027,23
4491,12,7028,139,24,7028,24,7028,24
4492,12,7029,140,24,7029,24,7029,24
4493,12,7841,141,24,7841,24,7841,24
4494,12,7842,142,25,7842,25,7842,25
4495,12,7843,143,25,7843,25,7843,25
4496,12,8739,144,25,8739,25,8739,25
4497,12,8740,145,26,8740,26,8740,26
4498,12,8741,146,26,8741,26,8741,26
4499,12,9729,147,26,9729,26,9729,26
4500,12,9730,148,27,9730,27,9730,27
4501,12,9731,149,27,9731,27,9731,27
4502,12,10823,150,27,10823,27,10823,27
4503,12,10824,151,28,10824,28,10824,28
4504,12,10825,152,28,10825,28,10825,28
4505,12,12030,153,28,12030,28,12030,28
4506,12,12031,154,29,12031,29,12031,29
4507,12,12032,155,29,12032,29,12032,29
4508,12,13362,156,29,13362,29,13362,29
4509,12,13363,157,30,13363,30,13363,30
4510,12,13364,158,30,13364,30,13364,30
4511,12,14832,159,30,14832,30,14832,30
4512,12,14833,160,31,14833,31,14833,31
4513,12,14834,161,31,14834,31,14834,31
4514,12,16455,162,31,16455,31,16455,31
4515,12,16456,163,32,16456,32,16456,32
4516,12,16457,164,32,16457,32,16457,32
4517,12,18246,165,32,18246,32,18246,32
4518,12,18247,166,33,18247,33,18247,33
4519,12,18248,167,33,18248,33,18248,33
4520,12,20223,168,33,20223,33,20223,33
4521,12,20224,169,34,20224,34,20224,34
4522,12,20225,170,34,20225,34,20225,34
4523,12,22405,171,34,22405,34,22405,34
4524,12,22406,172,35,22406,35,22406,35
4525,12,22407,173,35,22407,35,22407,35
4526,12,24814,174,35,24814,35,24814,35
4527,12,24815,175,36,24815,36,24815,36
4528,12,24816,176,36,24816,36,24816,36
4529,12,27472,177,36,27472,36,27472,36
4530,12,27473,178,37,27473,37,27473,37
4531,12,27474,179,37,27474,37,27474,37
4532,12,30407,180,37,30407,37,30407,37
4533,12,30408,181,38,30408,38,30408,38
4534,12,30409,182,38,30409,38,30409,38
4535,12,33647,183,38,33647,38,33647,38
4536,12,33648,184,39,33648,39,33648,39
4537,12,33649,185,39,33649,39,33649,39
4538,12,37223,186,39,37223,39,37223,39
4539,12,37224,187,40,37224,40,37224,40
4540,12,37225,188,40,37225,40,37225,40
4541,12,41170,189,40,41170,40,41170,40
4542,12,41171,190,41,41171,41,41171,41
4543,12,41172,191,41,41172,41,41172,41
4544,12,45528,192,41,45528,41,45528,41
4545,12,45529,193,42,45529,42,45529,42
4546,12,45530,194,42,45530,42,45530,42
4547,12,50338,195,42,50338,42,50338,42
4548,12,50339,196,43,50339,43,50339,43
4549,12,50340,197,43,50340,43,50340,43
4550,12,55648,198,43,55648,43,55648,43
4551,12,55649,199,44,55649,44,55649,44
4552,12,55650,200,44,55650,44,55650,44
4553,12,61511,201,44,61511,44,61511,44
4554,12,61512,202,45,61512,45,61512,45
4555,12,61513,203,45,61513,45,61513,45
4556,12,67982,204,45,67982,45,67982,45
4557,12,67983,205,46,67983,46,67983,46
4558,12,67984,206,46,67984,46,67984,46
4559,12,75126,207,46,75126,46,75126,46
4560,12,75127,208,47,75127,47,75127,47
4561,12,75128,209,47,75128,47,75128,47
4562,12,83013,210,47,83013,47,83013,47
4563,12,83014,211,48,83014,48,83014,48
4564,12,83015,212,48,83015,48,83015,48
4565,12,91720,213,48,91720,48,91720,48
4566,12,91721,214,49,91721,49,91721,49
4567,12,91722,215,49,91722,49,91722,49
4568,12,101332,216,49,101332,49,101332,49
4569,12,101333,217,50,101333,50,101333,50
4570,12,101334,218,50,101334,50,101334,50
4571,12,111944,219,50,111944,50,111944,50
4572,12,111945,220,51,111945,51,111945,51
4573,12,111946,221,51,111946,51,111946,51
4574,12,123659,222,51,123659,51,123659,51
4575,12,123660,223,52,123660,52,123660,52
4576,12,123661,224,52,123661,52,123661,52
4577,12,136593,225,52,136593,52,136593,52
4578,12,136594,226,53,136594,53,136594,53
4579,12,136595,227,53,136595,53,136595,53
4580,12,150871,228,53,150871,53,150871,53
4581,12,150872,229,54,150872,54,150872,54
4582,12,150873,230,54,150873,54,150873,54
4583,12,166635,231,54,166635,54,166635,54
4584,12,166636,232,55,166636,55,166636,55
4585,12,166637,233,55,166637,55,166637,55
4586,12,184039,234,55,184039,55,184039,55
4587,12,184040,235,56,184040,56,184040,56
4588,12,184041,236,56,184041,56,184041,56
4589,12,203253,237,56,203253,56,203253,56
4590,12,203254,238,57,203254,57,203254,57
4591,12,203255,239,57,203255,57,203255,57
4592,12,224465,240,57,224465,57,224465,57
4593,12,224466,241,58,224466,58,224466,58
4594,12,224467,242,58,224467,58,224467,58
4595,12,247885,243,58,247885,58,247885,58
4596,12,247886,244,59,247886,59,247886,59
4597,12,247887,245,59,247887,59,247887,59
4598,12,273741,246,59,273741,59,273741,59
4599,12,273742,247,60,273742,60,273742,60
4600,12,273743,248,60,273743,60,273743,60
4601,12,302287,249,60,302287,60,302287,60
4602,12,302288,250,61,302288,61,302288,61
4603,12,302289,251,61,302289,61,302289,61
4604,12,333803,252,61,333803,61,333803,61
4605,12,333804,253,62,333804,62,333804,62
4606,12,333805,254,62,333805,62,333805,62
4607,12,368598,255,62,368598,62,368598,62
4608,12,368599,0,63,368599,63,368599,63
4609,12,368600,1,63,368600,63,368600,63
4610,12,407014,2,63,407014,63,407014,63
4611,12,407015,3,64,407015,64,407015,64
4612,12,407016,4,64,407016,64,407016,64
4613,12,449427,5,64,449427,64,449427,64
4614,12,449428,6,65,449428,65,449428,65
4615,12,449429,7,65,449429,65,449429,65
4616,12,496253,8,65,496253,65,496253,65
4617,12,496254,9,66,496254,66,496254,66
4618,12,496255,10,66,496255,66,496255,66
4619,12,547952,11,66,547952,66,547952,66
4620,12,547953,12,67,547953,67,547953,67
4621,12,547954,13,67,547954,67,547954,67
4622,12,605031,14,67,605031,67,605031,67
4623,12,605032,15,68,605032,68,605032,68
4624,12,605033,16,68,605033,68,605033,68
4625,12,668050,17,68,668050,68,668050,68
4626,12,668051,18,69,668051,69,668051,69
4627,12,668052,19,69,668052,69,668052,69
4628,12,737626,20,69,737626,69,737626,69
4629,12,737627,21,70,737627,70,737627,70
4630,12,737628,22,70,737628,70,737628,70
4631,12,814444,23,70,814444,70,814444,70
4632,12,814445,24,71,814445,71,814445,71
4633,12,814446,25,71,814446,71,814446,71
4634,12,899256,26,71,899256,71,899256,71
4635,12,899257,27,72,899257,72,899257,72
4636,12,899258,28,72,899258,72,899258,72
4637,12,992894,29,72,992894,72,992894,72
4638,12,992895,30,73,992895,73,992895,73
4639,12,992896,31,73,992896,73,992896,73
4640,12,1096277,32,73,1096277,73,1096277,73
4641,12,1096278,33,74,1096278,74,1096278,74
4642,12,1096279,34,74,1096279,74,1096279,74
4643,12,1210420,35,74,1210420,74,1210420,74
4644,12,1210421,36,75,1210421,75,1210421,75
4645,12,1210422,37,75,1210422,75,1210422,75
4646,12,1336442,38,75,1336442,75,1336442,75
4647,12,1336443,39,76,1336443,76,1336443,76
4648,12,1336444,40,76,1336444,76,1336444,76
4649,12,1475580,41,76,1475580,76,1475580,76
4650,12,1475581,42,77,1475581,77,1475581,77
4651,12,1475582,43,77,1475582,77,1475582,77
4652,12,1629199,44,77,1629199,77,1629199,77
4653,12,1629200,45,78,1629200,78,1629200,78
4654,12,1629201,46,78,1629201,78,1629201,78
4655,12,1798807,47,78,1798807,78,1798807,78
4656,12,1798808,48,79,1798808,79,1798808,79
4657,12,1798809,49,79,1798809,79,1798809,79
4658,12,1986067,50,79,1986067,79,1986067,79
4659,12,1986068,51,80,1986068,80,1986068,80
4660,12,1986069,52,80,1986069,80,1986069,80
4661,12,2192817,53,80,2192817,80,2192817,80
4662,12,2192818,54,81,2192818,81,2192818,81
4663,12,2192819,55,81,2192819,81,2192819,81
4664,12,2421086,56,81,2421086,81,2421086,81
4665,12,2421087,57,82,2421087,82,2421087,82
4666,12,2421088,58,82,2421088,82,2421088,82
4667,12,2673113,59,82,2673113,82,2673113,82
4668,12,2673114,60,83,2673114,83,2673114,83
4669,12,2673115,61,83,2673115,83,2673115,83
4670,12,2951372,62,83,2951372,83,2951372,83
4671,12,2951373,63,84,2951373,84,2951373,84
4672,12,2951374,64,84,2951374,84,2951374,84
4673,12,3258593,65,84,3258593,84,3258593,84
4674,12,3258594,66,85,3258594,85,3258594,85
4675,12,3258595,67,85,3258595,85,3258595,85
4676,12,3597791,68,85,3597791,85,3597791,85
4677,12,3597792,69,86,3597792,86,3597792,86
4678,12,3597793,70,86,3597793,86,3597793,86
4679,12,3972293,71,86,3972293,86,3972293,86
4680,12,3972294,72,87,3972294,87,3972294,87
4681,12,3972295,73,87,3972295,87,3972295,87
4682,12,4385775,74,87,4385775,87,4385775,87
4683,12,4385776,75,88,4385776,88,4385776,88
4684,12,4385777,76,88,4385777,88,4385777,88
4685,12,4842294,77,88,4842294,88,4842294,88
4686,12,4842295,78,89,4842295,89,4842295,89
4687,12,4842296,79,89,4842296,89,4842296,89
4688,12,5346331,80,89,5346331,89,5346331,89
4689,12,5346332,81,90,5346332,90,5346332,90
4690,12,5346333,82,90,5346333,90,5346333,90
4691,12,5902830,83,90,5902830,90,5902830,90
4692,12,5902831,84,91,5902831,91,5902831,91
4693,12,5902832,85,91,5902832,91,5902832,91
4694,12,6517252,86,91,6517252,91,6517252,91
4695,12,6517253,87,92,6517253,92,6517253,92
4696,12,6517254,88,92,6517254,92,6517254,92
4697,12,7195628,89,92,7195628,92,7195628,92
4698,12,7195629,90,93,7195629,93,7195629,93
4699,12,7195630,91,93,7195630,93,7195630,93
4700,12,7944613,92,93,7944613,93,7944613,93
4701,12,7944614,93,94,7944614,94,7944614,94
4702,12,7944615,94,94,7944615,94,7944615,94
4703,12,8771557,95,94,8771557,94,8771557,94
4704,12,8771558,96,95,8771558,95,8771558,95
4705,12,8771559,97,95,8771559,95,8771559,95
4706,12,9684576,98,95,9684576,95,9684576,95
4707,12,9684577,99,96,9684577,96,9684577,96
4708,12,9684578,100,96,9684578,96,9684578,96
4709,12,10692628,101,96,10692628,96,10692628,96
4710,12,10692629,102,97,10692629,97,10692629,97
4711,12,10692630,103,97,10692630,97,10692630,97
4712,12,11805605,104,97,11805605,97,11805605,97
4713,12,11805606,105,98,11805606,98,11805606,98
4714,12,11805607,106,98,11805607,98,11805607,98
4715,12,13034430,107,98,13034430,98,13034430,98
4716,12,13034431,108,99,13034431,99,13034431,99
4717,12,13034432,109,99,13034432,99,13034432,99
4718,12,14391159,110,99,14391159,99,14391159,99
4719,12,14391160,111,99,14391160,99,14391160,99
4720,12,14391161,112,99,14391161,99,14391161,99
4721,12,15889108,113,99,15889108,99,15889108,99
4722,12,15889109,114,99,15889109,99,15889109,99
4723,12,15889110,115,99,15889110,99,15889110,99
4724,12,17542975,116,99,17542975,99,17542975,99
4725,12,17542976,117,99,17542976,99,17542976,99
4726,12,17542977,118,99,17542977,99,17542977,99
4727,12,19368991,119,99,19368991,99,19368991,99
4728,12,19368992,120,99,19368992,99,19368992,99
4729,12,19368993,121,99,19368993,99,19368993,99
4730,12,21385072,122,99,21385072,99,21385072,99
4731,12,21385073,123,99,21385073,99,21385073,99
4732,12,21385074,124,99,21385074,99,21385074,99
4733,12,23611005,125,99,23611005,99,23611005,99
4734,12,23611006,126,99,23611006,99,23611006,99
4735,12,23611007,127,99,23611007,99,23611007,99
4736,12,26068631,128,99,26068631,99,26068631,99
4737,12,26068632,129,99,26068632,99,26068632,99
4738,12,26068633,130,99,26068633,99,26068633,99
4739,12,28782068,131,99,28782068,99,28782068,99
4740,12,28782069,132,99,28782069,99,28782069,99
4741,12,28782070,133,99,28782070,99,28782070,99
4742,12,31777942,134,99,31777942,99,31777942,99
4743,12,31777943,135,99,31777943,99,31777943,99
4744,12,31777944,136,99,31777944,99,31777944,99
4745,12,35085653,137,99,35085653,99,35085653,99
4746,12,35085654,138,99,35085654,99,35085654,99
4747,12,35085655,139,99,35085655,99,35085655,99
4748,12,38737660,140,99,38737660,99,38737660,99
4749,12,38737661,141,99,38737661,99,38737661,99
4750,12,38737662,142,99,38737662,99,38737662,99
4751,12,42769800,143,99,42769800,99,42769800,99
4752,12,42769801,144,99,42769801,99,42769801,99
4753,12,42769802,145,99,42769802,99,42769802,99
4754,12,47221640,146,99,47221640,99,47221640,99
4755,12,47221641,147,99,47221641,99,47221641,99
4756,12,47221642,148,99,47221642,99,47221642,99
4757,12,52136868,149,99,52136868,99,52136868,99
4758,12,52136869,150,99,52136869,99,52136869,99
4759,12,52136870,151,99,52136870,99,52136870,99
4760,12,57563717,152,99,57563717,99,57563717,99
4761,12,57563718,153,99,57563718,99,57563718,99
4762,12,57563719,154,99,57563719,99,57563719,99
4763,12,63555442,155,99,63555442,99,63555442,99
4764,12,63555443,156,99,63555443,99,63555443,99
4765,12,63555444,157,99,63555444,99,63555444,99
4766,12,70170839,158,99,70170839,99,70170839,99
4767,12,70170840,159,99,70170840,99,70170840,99
4768,12,70170841,160,99,70170841,99,70170841,99
4769,12,77474827,161,99,77474827,99,77474827,99
4770,12,77474828,162,99,77474828,99,77474828,99
4771,12,77474829,163,99,77474829,99,77474829,99
4772,12,85539081,164,99,85539081,99,85539081,99
4773,12,85539082,165,99,85539082,99,85539082,99
4774,12,85539083,166,99,85539083,99,85539083,99
4775,12,94442736,167,99,94442736,99,94442736,99
4776,12,94442737,168,99,94442737,99,94442737,99
4777,12,94442738,169,99,94442738,99,94442738,99
4778,12,104273166,170,99,104273166,99,104273166,99
4779,12,104273167,171,99,104273167,99,104273167,99
4780,12,104273168,172,99,104273168,99,104273168,99
4781,12,115126837,173,99,115126837,99,115126837,99
4782,12,115126838,174,99,115126838,99,115126838,99
4783,12,115126839,175,99,115126839,99,115126839,99
4784,13,0,176,1,0,1,0,1
4785,13,0,177,1,0,1,0,1
4786,13,0,178,1,0,1,0,1
4787,13,1,179,1,1,1,1,1
4788,13,199999999,180,99,199999999,99,199999999,99
4789,13,200000000,181,99,200000000,99,200000000,99
4790,13,200000000,182,99,200000000,99,200000000,99
4791,13,200000000,183,99,200000000,99,200000000,99
4792,13,82,184,1,82,1,82,1
4793,13,83,185,2,83,2,83,2
4794,13,84,186,2,84,2,84,2
4795,13,173,187,2,173,2,173,2
4796,13,174,188,3,174,3,174,3
4797,13,175,189,3,175,3,175,3
4798,13,275,190,3,275,3,275,3
4799,13,276,191,4,276,4,276,4
4800,13,277,192,4,277,4,277,4
4801,13,387,193,4,387,4,387,4
4802,13,388,194,5,388,5,388,5
4803,13,389,195,5,389,5,389,5
4804,13,511,196,5,511,5,511,5
4805,13,512,197,6,512,6,512,6
4806,13,513,198,6,513,6,513,6
4807,13,649,199,6,649,6,649,6
4808,13,650,200,7,650,7,650,7
4809,13,651,201,7,651,7,651,7
4810,13,800,202,7,800,7,800,7
4811,13,801,203,8,801,8,801,8
4812,13,802,204,8,802,8,802,8
4813,13,968,205,8,968,8,968,8
4814,13,969,206,9,969,9,969,9
4815,13,970,207,9,970,9,970,9
4816,13,1153,208,9,1153,9,1153,9
4817,13,1154,209,10,1154,10,1154,10
4818,13,1155,210,10,1155,10,1155,10
4819,13,1357,211,10,1357,10,1357,10
4820,13,1358,212,11,1358,11,1358,11
4821,13,1359,213,11,1359,11,1359,11
4822,13,1583,214,11,1583,11,1583,11
4823,13,1584,215,12,1584,12,1584,12
4824,13,1585,216,12,1585,12,1585,12
4825,13,1832,217,12,1832,12,1832,12
4826,13,1833,218,13,1833,13,1833,13
4827,13,1834,219,13,1834,13,1834,13
4828,13,2106,220,13,2106,13,2106,13
4829,13,2107,221,14,2107,14,2107,14
4830,13,2108,222,14,2108,14,2108,14
4831,13,2410,223,14,2410,14,2410,14
4832,13,2411,224,15,2411,15,2411,15
4833,13,2412,225,15,2412,15,2412,15
4834,13,2745,226,15,2745,15,2745,15
4835,13,2746,227,16,2746,16,2746,16
4836,13,2747,228,16,2747,16,2747,16
4837,13,3114,229,16,3114,16,3114,16
4838,13,3115,230,17,3115,17,3115,17
4839,13,3116,231,17,3116,17,3116,17
4840,13,3522,232,17,3522,17,3522,17
4841,13,3523,233,18,3523,18,3523,18
4842,13,3524,234,18,3524,18,3524,18
4843,13,3972,235,18,3972,18,3972,18
4844,13,3973,236,19,3973,19,3973,19
4845,13,3974,237,19,3974,19,3974,19
4846,13,4469,238,19,4469,19,4469,19
4847,13,4470,239,20,4470,20,4470,20
4848,13,4471,240,20,4471,20,4471,20
4849,13,5017,241,20,5017,20,5017,20
4850,13,5018,242,21,5018,21,5018,21
4851,13,5019,243,21,5019,21,5019,21
4852,13,5623,244,21,5623,21,5623,21
4853,13,5624,245,22,5624,22,5624,22
4854,13,5625,246,22,5625,22,5625,22
4855,13,6290,247,22,6290,22,6290,22
4856,13,6291,248,23,6291,23,6291,23
4857,13,6292,249,23,6292,23,6292,23
4858,13,7027,250,23,7027,23,7027,23
4859,13,7028,251,24,7028,24,7028,24
4860,13,7029,252,24,7029,24,7029,24
4861,13,7841,253,24,7841,24,7841,24
4862,13,7842,254,25,7842,25,7842,25
4863,13,7843,255,25,7843,25,7843,25
4864,13,8739,0,25,8739,25,8739,25
4865,13,8740,1,26,8740,26,8740,26
4866,13,8741,2,26,8741,26,8741,26
4867,13,9729,3,26,9729,26,9729,26
4868,13,9730,4,27,9730,27,9730,27
4869,13,9731,5,27,9731,27,9731,27
4870,13,10823,6,27,10823,27,10823,27
4871,13,10824,7,28,10824,28,10824,28
4872,13,10825,8,28,10825,28,10825,28
4873,13,12030,9,28,12030,28,12030,28
4874,13,12031,10,29,12031,29,12031,29
4875,13,12032,11,29,12032,29,12032,29
4876,13,13362,12,29,13362,29,13362,29
4877,13,13363,13,30,13363,30,13363,30
4878,13,13364,14,30,13364,30,13364,30
4879,13,14832,15,30,14832,30,14832,30
4880,13,14833,16,31,14833,31,14833,31
4881,13,14834,17,31,14834,31,14834,31
4882,13,16455,18,31,16455,31,16455,31
4883,13,16456,19,32,16456,32,16456,32
4884,13,16457,20,32,16457,32,16457,32
4885,13,18246,21,32,18246,32,18246,32
4886,13,18247,22,33,18247,33,18247,33
4887,13,18248,23,33,18248,33,18248,33
4888,13,20223,24,33,20223,33,20223,33
4889,13,20224,25,34,20224,34,20224,34
4890,13,20225,26,34,20225,34,20225,34
4891,13,22405,27,34,22405,34,22405,34
4892,13,22406,28,35,22406,35,22406,35
4893,13,22407,29,35,22407,35,22407,35
4894,13,24814,30,35,24814,35,24814,35
4895,13,24815,31,36,24815,36,24815,36
4896,13,24816,32,36,24816,36,24816,36
4897,13,27472,33,36,27472,36,27472,36
4898,13,27473,34,37,27473,37,27473,37
4899,13,27474,35,37,27474,37,27474,37
4900,13,30407,36,37,30407,37,30407,37
4901,13,30408,37,38,30408,38,30408,38
4902,13,30409,38,38,30409,38,30409,38
4903,13,33647,39,38,33647,38,33647,38
4904,13,33648,40,39,33648,39,33648,39
4905,13,33649,41,39,33649,39,33649,39
4906,13,37223,42,39,37223,39,37223,39
4907,13,37224,43,40,37224,40,37224,40
4908,13,37225,44,40,37225,40,37225,40
4909,13,41170,45,40,41170,40,41170,40
4910,13,41171,46,41,41171,41,41171,41
4911,13,41172,47,41,41172,41,41172,41
4912,13,45528,48,41,45528,41,45528,41
4913,13,45529,49,42,45529,42,45529,42
4914,13,45530,50,42,45530,42,45530,42
4915,13,50338,51,42,50338,42,50338,42
4916,13,50339,52,43,50339,43,50339,43
4917,13,50340,53,43,50340,43,50340,43
4918,13,55648,54,43,55648,43,55648,43
4919,13,55649,55,44,55649,44,55649,44
4920,13,55650,56,44,55650,44,55650,44
4921,13,61511,57,44,61511,44,61511,44
4922,13,61512,58,45,61512,45,61512,45
4923,13,61513,59,45,61513,45,61513,45
4924,13,67982,60,45,67982,45,67982,45
4925,13,67983,61,46,67983,46,67983,46
4926,13,67984,62,46,67984,46,67984,46
4927,13,75126,63,46,75126,46,75126,46
4928,13,75127,64,47,75127,47,75127,47
4929,13,75128,65,47,75128,47,75128,47
4930,13,83013,66,47,83013,47,83013,47
4931,13,83014,67,48,83014,48,83014,48
4932,13,83015,68,48,83015,48,83015,48
4933,13,91720,69,48,91720,48,91720,48
4934,13,91721,70,49,91721,49,91721,49
4935,13,91722,71,49,91722,49,91722,49
4936,13,101332,72,49,101332,49,101332,49
4937,13,101333,73,50,101333,50,101333,50
4938,13,101334,74,50,101334,50,101334,50
4939,13,111944,75,50,111944,50,111944,50
4940,13,111945,76,51,111945,51,111945,51
4941,13,111946,77,51,111946,51,111946,51
4942,13,123659,78,51,123659,51,123659,51
4943,13,123660,79,52,123660,52,123660,52
4944,13,123661,80,52,123661,52,123661,52
4945,13,136593,81,52,136593,52,136593,52
4946,13,136594,82,53,136594,53,136594,53
4947,13,136595,83,53,136595,53,136595,53
4948,13,150871,84,53,150871,53,150871,53
4949,13,150872,85,54,150872,54,150872,54
4950,13,150873,86,54,150873,54,150873,54
4951,13,166635,87,54,166635,54,166635,54
4952,13,166636,88,55,166636,55,166636,55
4953,13,166637,89,55,166637,55,166637,55
4954,13,184039,90,55,184039,55,184039,55
4955,13,184040,91,56,184040,56,184040,56
4956,13,184041,92,56,184041,56,184041,56
4957,13,203253,93,56,203253,56,203253,56
4958,13,203254,94,57,203254,57,203254,57
4959,13,203255,95,57,203255,57,203255,57
4960,13,224465,96,57,224465,57,224465,57
4961,13,224466,97,58,224466,58,224466,58
4962,13,224467,98,58,224467,58,224467,58
4963,13,247885,99,58,247885,58,247885,58
4964,13,247886,100,59,247886,59,247886,59
4965,13,247887,101,59,247887,59,247887,59
4966,13,273741,102,59,273741,59,273741,59
4967,13,273742,103,60,273742,60,273742,60
4968,13,273743,104,60,273743,60,273743,60
4969,13,302287,105,60,302287,60,302287,60
4970,13,302288,106,61,302288,61,302288,61
4971,13,302289,107,61,302289,61,302289,61
4972,13,333803,108,61,333803,61,333803,61
4973,13,333804,109,62,333804,62,333804,62
4974,13,333805,110,62,333805,62,333805,62
4975,13,368598,111,62,368598,62,368598,62
4976,13,368599,112,63,368599,63,368599,63
4977,13,368600,113,63,368600,63,368600,63
4978,13,407014,114,63,407014,63,407014,63
4979,13,407015,115,64,407015,64,407015,64
4980,13,407016,116,64,407016,64,407016,64
4981,13,449427,117,64,449427,64,449427,64
4982,13,449428,118,65,449428,65,449428,65
4983,13,449429,119,65,449429,65,449429,65
4984,13,496253,120,65,496253,65,496253,65
4985,13,496254,121,66,496254,66,496254,66
4986,13,496255,122,66,496255,66,496255,66
4987,13,547952,123,66,547952,66,547952,66
4988,13,547953,124,67,547953,67,547953,67
4989,13,547954,125,67,547954,67,547954,67
4990,13,605031,126,67,605031,67,605031,67
4991,13,605032,127,68,605032,68,605032,68
4992,13,605033,128,68,605033,68,605033,68
4993,13,668050,129,68,668050,68,668050,68
4994,13,668051,130,69,668051,69,668051,69
4995,13,668052,131,69,668052,69,668052,69
4996,13,737626,132,69,737626,69,737626,69
4997,13,737627,133,70,737627,70,737627,70
4998,13,737628,134,70,737628,70,737628,70
4999,13,814444,135,70,814444,70,814444,70
5000,13,814445,136,71,814445,71,814445,71
5001,13,814446,137,71,814446,71,814446,71
5002,13,899256,138,71,899256,71,899256,71
5003,13,899257,139,72,899257,72,899257,72
5004,13,899258,140,72,899258,72,899258,72
5005,13,992894,141,72,992894,72,992894,72
5006,13,992895,142,73,992895,73,992895,73
5007,13,992896,143,73,992896,73,992896,73
5008,13,1096277,144,73,1096277,73,1096277,73
5009,13,1096278,145,74,1096278,74,1096278,74
5010,13,1096279,146,74,1096279,74,1096279,74
5011,13,1210420,147,74,1210420,74,1210420,74
5012,13,1210421,148,75,1210421,75,1210421,75
5013,13,1210422,149,75,1210422,75,1210422,75
5014,13,1336442,150,75,1336442,75,1336442,75
5015,13,1336443,151,76,1336443,76,1336443,76
5016,13,1336444,152,76,1336444,76,1336444,76
5017,13,1475580,153,76,1475580,76,1475580,76
5018,13,1475581,154,77,1475581,77,1475581,77
5019,13,1475582,155,77,1475582,77,1475582,77
5020,13,1629199,156,77,1629199,77,1629199,77
5021,13,1629200,157,78,1629200,78,1629200,78
5022,13,1629201,158,78,1629201,78,1629201,78
5023,13,1798807,159,78,1798807,78,1798807,78
5024,13,1798808,160,79,1798808,79,1798808,79
5025,13,1798809,161,79,1798809,79,1798809,79
5026,13,1986067,162,79,1986067,79,1986067,79
5027,13,1986068,163,80,1986068,80,1986068,80
5028,13,1986069,164,80,1986069,80,1986069,80
5029,13,2192817,165,80,2192817,80,2192817,80
5030,13,2192818,166,81,2192818,81,2192818,81
5031,13,2192819,167,81,2192819,81,2192819,81
5032,13,2421086,168,81,2421086,81,2421086,81
5033,13,2421087,169,82,2421087,82,2421087,82
5034,13,2421088,170,82,2421088,82,2421088,82
5035,13,2673113,171,82,2673113,82,2673113,82
5036,13,2673114,172,83,2673114,83,2673114,83
5037,13,2673115,173,83,2673115,83,2673115,83
5038,13,2951372,174,83,2951372,83,2951372,83
5039,13,2951373,175,84,2951373,84,2951373,84
5040,13,2951374,176,84,2951374,84,2951374,84
5041,13,3258593,177,84,3258593,84,3258593,84
5042,13,3258594,178,85,3258594,85,3258594,85
5043,13,3258595,179,85,3258595,85,3258595,85
5044,13,3597791,180,85,3597791,85,3597791,85
5045,13,3597792,181,86,3597792,86,3597792,86
5046,13,3597793,182,86,3597793,86,3597793,86
5047,13,3972293,183,86,3972293,86,3972293,86
5048,13,3972294,184,87,3972294,87,3972294,87
5049,13,3972295,185,87,3972295,87,3972295,87
5050,13,4385775,186,87,4385775,87,4385775,87
5051,13,4385776,187,88,4385776,88,4385776,88
5052,13,4385777,188,88,4385777,88,4385777,88
5053,13,4842294,189,88,4842294,88,4842294,88
5054,13,4842295,190,89,4842295,89,4842295,89
5055,13,4842296,191,89,4842296,89,4842296,89
5056,13,5346331,192,89,5346331,89,5346331,89
5057,13,5346332,193,90,5346332,90,5346332,90
5058,13,5346333,194,90,5346333,90,5346333,90
5059,13,5902830,195,90,5902830,90,5902830,90
5060,13,5902831,196,91,5902831,91,5902831,91
5061,13,5902832,197,91,5902832,91,5902832,91
5062,13,6517252,198,91,6517252,91,6517252,91
5063,13,6517253,199,92,6517253,92,6517253,92
5064,13,6517254,200,92,6517254,92,6517254,92
5065,13,7195628,201,92,7195628,92,7195628,92
5066,13,7195629,202,93,7195629,93,7195629,93
5067,13,7195630,203,93,7195630,93,7195630,93
5068,13,7944613,204,93,7944613,93,7944613,93
5069,13,7944614,205,94,7944614,94,7944614,94
5070,13,7944615,206,94,7944615,94,7944615,94
5071,13,8771557,207,94,8771557,94,8771557,94
5072,13,8771558,208,95,8771558,95,8771558,95
5073,13,8771559,209,95,8771559,95,8771559,95
5074,13,9684576,210,95,9684576,95,9684576,95
5075,13,9684577,211,96,9684577,96,9684577,96
5076,13,9684578,212,96,9684578,96,9684578,96
5077,13,10692628,213,96,10692628,96,10692628,96
5078,13,10692629,214,97,10692629,97,10692629,97
5079,13,10692630,215,97,10692630,97,10692630,97
5080,13,11805605,216,97,11805605,97,11805605,97
5081,13,11805606,217,98,11805606,98,11805606,98
5082,13,11805607,218,98,11805607,98,11805607,98
5083,13,13034430,219,98,13034430,98,13034430,98
5084,13,13034431,220,99,13034431,99,13034431,99
5085,13,13034432,221,99,13034432,99,13034432,99
5086,13,14391159,222,99,14391159,99,14391159,99
5087,13,14391160,223,99,14391160,99,14391160,99
5088,13,14391161,224,99,14391161,99,14391161,99
5089,13,15889108,225,99,15889108,99,15889108,99
5090,13,15889109,226,99,15889109,99,15889109,99
5091,13,15889110,227,99,15889110,99,15889110,99
5092,13,17542975,228,99,17542975,99,17542975,99
5093,13,17542976,229,99,17542976,99,17542976,99
5094,13,17542977,230,99,17542977,99,17542977,99
5095,13,19368991,231,99,19368991,99,19368991,99
5096,13,19368992,232,99,19368992,99,19368992,99
5097,13,19368993,233,99,19368993,99,19368993,99
5098,13,21385072,234,99,21385072,99,21385072,99
5099,13,21385073,235,99,21385073,99,21385073,99
5100,13,21385074,236,99,21385074,99,21385074,99
5101,13,23611005,237,99,23611005,99,23611005,99
5102,13,23611006,238,99,23611006,99,23611006,99
5103,13,23611007,239,99,23611007,99,23611007,99
5104,13,26068631,240,99,26068631,99,26068631,99
5105,13,26068632,241,99,26068632,99,26068632,99
5106,13,26068633,242,99,26068633,99,26068633,99
5107,13,28782068,243,99,28782068,99,28782068,99
5108,13,28782069,244,99,28782069,99,28782069,99
5109,13,28782070,245,99,28782070,99,28782070,99
5110,13,31777942,246,99,31777942,99,31777942,99
5111,13,31777943,247,99,31777943,99,31777943,99
5112,13,31777944,248,99,31777944,99,31777944,99
5113,13,35085653,249,99,35085653,99,35085653,99
5114,13,35085654,250,99,35085654,99,35085654,99
5115,13,35085655,251,99,35085655,99,35085655,99
5116,13,38737660,252,99,38737660,99,38737660,99
5117,13,38737661,253,99,38737661,99,38737661,99
5118,13,38737662,254,99,38737662,99,38737662,99
5119,13,42769800,255,99,42769800,99,42769800,99
5120,13,42769801,0,99,42769801,99,42769801,99
5121,13,42769802,1,99,42769802,99,42769802,99
5122,13,47221640,2,99,47221640,99,47221640,99
5123,13,47221641,3,99,47221641,99,47221641,99
5124,13,47221642,4,99,47221642,99,47221642,99
5125,13,52136868,5,99,52136868,99,52136868,99
5126,13,52136869,6,99,52136869,99,52136869,99
5127,13,52136870,7,99,52136870,99,52136870,99
5128,13,57563717,8,99,57563717,99,57563717,99
5129,13,57563718,9,99,57563718,99,57563718,99
5130,13,57563719,10,99,57563719,99,57563719,99
5131,13,63555442,11,99,63555442,99,63555442,99
5132,13,63555443,12,99,63555443,99,63555443,99
5133,13,63555444,13,99,63555444,99,63555444,99
5134,13,70170839,14,99,70170839,99,70170839,99
5135,13,70170840,15,99,70170840,99,70170840,99
5136,13,70170841,16,99,70170841,99,70170841,99
5137,13,77474827,17,99,77474827,99,77474827,99
5138,13,77474828,18,99,77474828,99,77474828,99
5139,13,77474829,19,99,77474829,99,77474829,99
5140,13,85539081,20,99,85539081,99,85539081,99
5141,13,85539082,21,99,85539082,99,85539082,99
5142,13,85539083,22,99,85539083,99,85539083,99
5143,13,94442736,23,99,94442736,99,94442736,99
5144,13,94442737,24,99,94442737,99,94442737,99
5145,13,94442738,25,99,94442738,99,94442738,99
5146,13,104273166,26,99,104273166,99,104273166,99
5147,13,104273167,27,99,104273167,99,104273167,99
5148,13,104273168,28,99,104273168,99,104273168,99
5149,13,115126837,29,99,115126837,99,115126837,99
5150,13,115126838,30,99,115126838,99,115126838,99
5151,13,115126839,31,99,115126839,99,115126839,99
5152,14,0,32,1,0,1,0,1
5153,14,0,33,1,0,1,0,1
5154,14,0,34,1,0,1,0,1
5155,14,1,35,1,1,1,1,1
5156,14,199999999,36,99,199999999,99,199999999,99
5157,14,200000000,37,99,200000000,99,200000000,99
5158,14,200000000,38,99,200000000,99,200000000,99
5159,14,200000000,39,99,200000000,99,200000000,99
5160,14,82,40,1,82,1,82,1
5161,14,83,41,2,83,2,83,2
5162,14,84,42,2,84,2,84,2
5163,14,173,43,2,173,2,173,2
5164,14,174,44,3,174,3,174,3
5165,14,175,45,3,175,3,175,3
5166,14,275,46,3,275,3,275,3
5167,14,276,47,4,276,4,276,4
5168,14,277,48,4,277,4,277,4
5169,14,387,49,4,387,4,387,4
5170,14,388,50,5,388,5,388,5
5171,14,389,51,5,389,5,389,5
5172,14,511,52,5,511,5,511,5
5173,14,512,53,6,512,6,512,6
5174,14,513,54,6,513,6,513,6
5175,14,649,55,6,649,6,649,6
5176,14,650,56,7,650,7,650,7
5177,14,651,57,7,651,7,651,7
5178,14,800,58,7,800,7,800,7
5179,14,801,59,8,801,8,801,8
5180,14,802,60,8,802,8,802,8
5181,14,968,61,8,968,8,968,8
5182,14,969,62,9,969,9,969,9
5183,14,970,63,9,970,9,970,9
5184,14,1153,64,9,1153,9,1153,9
5185,14,1154,65,10,1154,10,1154,10
5186,14,1155,66,10,1155,10,1155,10
5187,14,1357,67,10,1357,10,1357,10
5188,14,1358,68,11,1358,11,1358,11
5189,14,1359,69,11,1359,11,1359,11
5190,14,1583,70,11,1583,11,1583,11
5191,14,1584,71,12,1584,12,1584,12
5192,14,1585,72,12,1585,12,1585,12
5193,14,1832,73,12,1832,12,1832,12
5194,14,1833,74,13,1833,13,1833,13
5195,14,1834,75,13,1834,13,1834,13
5196,14,2106,76,13,2106,13,2106,13
5197,14,2107,77,14,2107,14,2107,14
5198,14,2108,78,14,2108,14,2108,14
5199,14,2410,79,14,2410,14,2410,14
5200,14,2411,80,15,2411,15,2411,15
5201,14,2412,81,15,2412,15,2412,15
5202,14,2745,82,15,2745,15,2745,15
5203,14,2746,83,16,2746,16,2746,16
5204,14,2747,84,16,2747,16,2747,16
5205,14,3114,85,16,3114,16,3114,16
5206,14,3115,86,17,3115,17,3115,17
5207,14,3116,87,17,3116,17,3116,17
5208,14,3522,88,17,3522,17,3522,17
5209,14,3523,89,18,3523,18,3523,18
5210,14,3524,90,18,3524,18,3524,18
5211,14,3972,91,18,3972,18,3972,18
5212,14,3973,92,19,3973,19,3973,19
5213,14,3974,93,19,3974,19,3974,19
5214,14,4469,94,19,4469,19,4469,19
5215,14,4470,95,20,4470,20,4470,20
5216,14,4471,96,20,4471,20,4471,20
5217,14,5017,97,20,5017,20,5017,20
5218,14,5018,98,21,5018,21,5018,21
5219,14,5019,99,21,5019,21,5019,21
5220,14,5623,100,21,5623,21,5623,21
5221,14,5624,101,22,5624,22,5624,22
5222,14,5625,102,22,5625,22,5625,22
5223,14,6290,103,22,6290,22,6290,22
5224,14,6291,104,23,6291,23,6291,23
5225,14,6292,105,23,6292,23,6292,23
5226,14,7027,106,23,7027,23,7027,23
5227,14,7028,107,24,7028,24,7028,24
5228,14,7029,108,24,7029,24,7029,24
5229,14,7841,109,24,7841,24,7841,24
5230,14,7842,110,25,7842,25,7842,25
5231,14,7843,111,25,7843,25,7843,25
5232,14,8739,112,25,8739,25,8739,25
5233,14,8740,113,26,8740,26,8740,26
5234,14,8741,114,26,8741,26,8741,26
5235,14,9729,115,26,9729,26,9729,26
5236,14,9730,116,27,9730,27,9730,27
5237,14,9731,117,27,9731,27,9731,27
5238,14,10823,118,27,10823,27,10823,27
5239,14,10824,119,28,10824,28,10824,28
5240,14,10825,120,28,10825,28,10825,28
5241,14,12030,121,28,12030,28,12030,28
5242,14,12031,122,29,12031,29,12031,29
5243,14,12032,123,29,12032,29,12032,29
5244,14,13362,124,29,13362,29,13362,29
5245,14,13363,125,30,13363,30,13363,30
5246,14,13364,126,30,13364,30,13364,30
5247,14,14832,127,30,14832,30,14832,30
5248,14,14833,128,31,14833,31,14833,31
5249,14,14834,129,31,14834,31,14834,31
5250,14,16455,130,31,16455,31,16455,31
5251,14,16456,131,32,16456,32,16456,32
5252,14,16457,132,32,16457,32,16457,32
5253,14,18246,133,32,18246,32,18246,32
5254,14,18247,134,33,18247,33,18247,33
5255,14,18248,135,33,18248,33,18248,33
5256,14,20223,136,33,20223,33,20223,33
5257,14,20224,137,34,20224,34,20224,34
5258,14,20225,138,34,20225,34,20225,34
5259,14,22405,139,34,22405,34,22405,34
5260,14,22406,140,35,22406,35,22406,35
5261,14,22407,141,35,22407,35,22407,35
5262,14,24814,142,35,24814,35,24814,35
5263,14,24815,143,36,24815,36,24815,36
5264,14,24816,144,36,24816,36,24816,36
5265,14,27472,145,36,27472,36,27472,36
5266,14,27473,146,37,27473,37,27473,37
5267,14,27474,147,37,27474,37,27474,37
5268,14,30407,148,37,30407,37,30407,37
5269,14,30408,149,38,30408,38,30408,38
5270,14,30409,150,38,30409,38,30409,38
5271,14,33647,151,38,33647,38,33647,38
5272,14,33648,152,39,33648,39,33648,39
5273,14,33649,153,39,33649,39,33649,39
5274,14,37223,154,39,37223,39,37223,39
5275,14,37224,155,40,37224,40,37224,40
5276,14,37225,156,40,37225,40,37225,40
5277,14,41170,157,40,41170,40,41170,40
5278,14,41171,158,41,41171,41,41171,41
5279,14,41172,159,41,41172,41,41172,41
5280,14,45528,160,41,45528,41,45528,41
5281,14,45529,161,42,45529,42,45529,42
5282,14,45530,162,42,45530,42,45530,42
5283,14,50338,163,42,50338,42,50338,42
5284,14,50339,164,43,50339,43,50339,43
5285,14,50340,165,43,50340,43,50340,43
5286,14,55648,166,43,55648,43,55648,43
5287,14,55649,167,44,55649,44,55649,44
5288,14,55650,168,44,55650,44,55650,44
5289,14,61511,169,44,61511,44,61511,44
5290,14,61512,170,45,61512,45,61512,45
5291,14,61513,171,45,61513,45,61513,45
5292,14,67982,172,45,67982,45,67982,45
5293,14,67983,173,46,67983,46,67983,46
5294,14,67984,174,46,67984,46,67984,46
5295,14,75126,175,46,75126,46,75126,46
5296,14,75127,176,47,75127,47,75127,47
5297,14,75128,177,47,75128,47,75128,47
5298,14,83013,178,47,83013,47,83013,47
5299,14,83014,179,48,83014,48,83014,48
5300,14,83015,180,48,83015,48,83015,48
5301,14,91720,181,48,91720,48,91720,48
5302,14,91721,182,49,91721,49,91721,49
5303,14,91722,183,49,91722,49,91722,49
5304,14,101332,184,49,101332,49,101332,49
5305,14,101333,185,50,101333,50,101333,50
5306,14,101334,186,50,101334,50,101334,50
5307,14,111944,187,50,111944,50,111944,50
5308,14,111945,188,51,111945,51,111945,51
5309,14,111946,189,51,111946,51,111946,51
5310,14,123659,190,51,123659,51,123659,51
5311,14,123660,191,52,123660,52,123660,52
5312,14,123661,192,52,123661,52,123661,52
5313,14,136593,193,52,136593,52,136593,52
5314,14,136594,194,53,136594,53,136594,53
5315,14,136595,195,53,136595,53,136595,53
5316,14,150871,196,53,150871,53,150871,53
5317,14,150872,197,54,150872,54,150872,54
5318,14,150873,198,54,150873,54,150873,54
5319,14,166635,199,54,166635,54,166635,54
5320,14,166636,200,55,166636,55,166636,55
5321,14,166637,201,55,166637,55,166637,55
5322,14,184039,202,55,184039,55,184039,55
5323,14,184040,203,56,184040,56,184040,56
5324,14,184041,204,56,184041,56,184041,56
5325,14,203253,205,56,203253,56,203253,56
5326,14,203254,206,57,203254,57,203254,57
5327,14,203255,207,57,203255,57,203255,57
5328,14,224465,208,57,224465,57,224465,57
5329,14,224466,209,58,224466,58,224466,58
5330,14,224467,210,58,224467,58,224467,58
5331,14,247885,211,58,247885,58,247885,58
5332,14,247886,212,59,247886,59,247886,59
5333,14,247887,213,59,247887,59,247887,59
5334,14,273741,214,59,273741,59,273741,59
5335,14,273742,215,60,273742,60,273742,60
5336,14,273743,216,60,273743,60,273743,60
5337,14,302287,217,60,302287,60,302287,60
5338,14,302288,218,61,302288,61,302288,61
5339,14,302289,219,61,302289,61,302289,61
5340,14,333803,220,61,333803,61,333803,61
5341,14,333804,221,62,333804,62,333804,62
5342,14,333805,222,62,333805,62,333805,62
5343,14,368598,223,62,368598,62,368598,62
5344,14,368599,224,63,368599,63,368599,63
5345,14,368600,225,63,368600,63,368600,63
5346,14,407014,226,63,407014,63,407014,63
5347,14,407015,227,64,407015,64,407015,64
5348,14,407016,228,64,407016,64,407016,64
5349,14,449427,229,64,449427,64,449427,64
5350,14,449428,230,65,449428,65,449428,65
5351,14,449429,231,65,449429,65,449429,65
5352,14,496253,232,65,496253,65,496253,65
5353,14,496254,233,66,496254,66,496254,66
5354,14,496255,234,66,496255,66,496255,66
5355,14,547952,235,66,547952,66,547952,66
5356,14,547953,236,67,547953,67,547953,67
5357,14,547954,237,67,547954,67,547954,67
5358,14,605031,238,67,605031,67,605031,67
5359,14,605032,239,68,605032,68,605032,68
5360,14,605033,240,68,605033,68,605033,68
5361,14,668050,241,68,668050,68,668050,68
5362,14,668051,242,69,668051,69,668051,69
5363,14,668052,243,69,668052,69,668052,69
5364,14,737626,244,69,737626,69,737626,69
5365,14,737627,245,70,737627,70,737627,70
5366,14,737628,246,70,737628,70,737628,70
5367,14,814444,247,70,814444,70,814444,70
5368,14,814445,248,71,814445,71,814445,71
5369,14,814446,249,71,814446,71,814446,71
5370,14,899256,250,71,899256,71,899256,71
5371,14,899257,251,72,899257,72,899257,72
5372,14,899258,252,72,899258,72,899258,72
5373,14,992894,253,72,992894,72,992894,72
5374,14,992895,254,73,992895,73,992895,73
5375,14,992896,255,73,992896,73,992896,73
5376,14,1096277,0,73,1096277,73,1096277,73
5377,14,1096278,1,74,1096278,74,1096278,74
5378,14,1096279,2,74,1096279,74,1096279,74
5379,14,1210420,3,74,1210420,74,1210420,74
5380,14,1210421,4,75,1210421,75,1210421,75
5381,14,1210422,5,75,1210422,75,1210422,75
5382,14,1336442,6,75,1336442,75,1336442,75
5383,14,1336443,7,76,1336443,76,1336443,76
5384,14,1336444,8,76,1336444,76,1336444,76
5385,14,1475580,9,76,1475580,76,1475580,76
5386,14,1475581,10,77,1475581,77,1475581,77
5387,14,1475582,11,77,1475582,77,1475582,77
5388,14,1629199,12,77,1629199,77,1629199,77
5389,14,1629200,13,78,1629200,78,1629200,78
5390,14,1629201,14,78,1629201,78,1629201,78
5391,14,1798807,15,78,1798807,78,1798807,78
5392,14,1798808,16,79,1798808,79,1798808,79
5393,14,1798809,17,79,1798809,79,1798809,79
5394,14,1986067,18,79,1986067,79,1986067,79
5395,14,1986068,19,80,1986068,80,1986068,80
5396,14,1986069,20,80,1986069,80,1986069,80
5397,14,2192817,21,80,2192817,80,2192817,80
5398,14,2192818,22,81,2192818,81,2192818,81
5399,14,2192819,23,81,2192819,81,2192819,81
5400,14,2421086,24,81,2421086,81,2421086,81
5401,14,2421087,25,82,2421087,82,2421087,82
5402,14,2421088,26,82,2421088,82,2421088,82
5403,14,2673113,27,82,2673113,82,2673113,82
5404,14,2673114,28,83,2673114,83,2673114,83
5405,14,2673115,29,83,2673115,83,2673115,83
5406,14,2951372,30,83,2951372,83,2951372,83
5407,14,2951373,31,84,2951373,84,2951373,84
5408,14,2951374,32,84,2951374,84,2951374,84
5409,14,3258593,33,84,3258593,84,3258593,84
5410,14,3258594,34,85,3258594,85,3258594,85
5411,14,3258595,35,85,3258595,85,3258595,85
5412,14,3597791,36,85,3597791,85,3597791,85
5413,14,3597792,37,86,3597792,86,3597792,86
5414,14,3597793,38,86,3597793,86,3597793,86
5415,14,3972293,39,86,3972293,86,3972293,86
5416,14,3972294,40,87,3972294,87,3972294,87
5417,14,3972295,41,87,3972295,87,3972295,87
5418,14,4385775,42,87,4385775,87,4385775,87
5419,14,4385776,43,88,4385776,88,4385776,88
5420,14,4385777,44,88,4385777,88,4385777,88
5421,14,4842294,45,88,4842294,88,4842294,88
5422,14,4842295,46,89,4842295,89,4842295,89
5423,14,4842296,47,89,4842296,89,4842296,89
5424,14,5346331,48,89,5346331,89,5346331,89
5425,14,5346332,49,90,5346332,90,5346332,90
5426,14,5346333,50,90,5346333,90,5346333,90
5427,14,5902830,51,90,5902830,90,5902830,90
5428,14,5902831,52,91,5902831,91,5902831,91
5429,14,5902832,53,91,5902832,91,5902832,91
5430,14,6517252,54,91,6517252,91,6517252,91
5431,14,6517253,55,92,6517253,92,6517253,92
5432,14,6517254,56,92,6517254,92,6517254,92
5433,14,7195628,57,92,7195628,92,7195628,92
5434,14,7195629,58,93,7195629,93,7195629,93
5435,14,7195630,59,93,7195630,93,7195630,93
5436,14,7944613,60,93,7944613,93,7944613,93
5437,14,7944614,61,94,7944614,94,7944614,94
5438,14,7944615,62,94,7944615,94,7944615,94
5439,14,8771557,63,94,8771557,94,8771557,94
5440,14,8771558,64,95,8771558,95,8771558,95
5441,14,8771559,65,95,8771559,95,8771559,95
5442,14,9684576,66,95,9684576,95,9684576,95
5443,14,9684577,67,96,9684577,96,9684577,96
5444,14,9684578,68,96,9684578,96,9684578,96
5445,14,10692628,69,96,10692628,96,10692628,96
5446,14,10692629,70,97,10692629,97,10692629,97
5447,14,10692630,71,97,10692630,97,10692630,97
5448,14,11805605,72,97,11805605,97,11805605,97
5449,14,11805606,73,98,11805606,98,11805606,98
5450,14,11805607,74,98,11805607,98,11805607,98
5451,14,13034430,75,98,13034430,98,13034430,98
5452,14,13034431,76,99,13034431,99,13034431,99
5453,14,13034432,77,99,13034432,99,13034432,99
5454,14,14391159,78,99,14391159,99,14391159,99
5455,14,14391160,79,99,14391160,99,14391160,99
5456,14,14391161,80,99,14391161,99,14391161,99
5457,14,15889108,81,99,15889108,99,15889108,99
5458,14,15889109,82,99,15889109,99,15889109,99
5459,14,15889110,83,99,15889110,99,15889110,99
5460,14,17542975,84,99,17542975,99,17542975,99
5461,14,17542976,85,99,17542976,99,17542976,99
5462,14,17542977,86,99,17542977,99,17542977,99
5463,14,19368991,87,99,19368991,99,19368991,99
5464,14,19368992,88,99,19368992,99,19368992,99
5465,14,19368993,89,99,19368993,99,19368993,99
5466,14,21385072,90,99,21385072,99,21385072,99
5467,14,21385073,91,99,21385073,99,21385073,99
5468,14,21385074,92,99,21385074,99,21385074,99
5469,14,23611005,93,99,23611005,99,23611005,99
5470,14,23611006,94,99,23611006,99,23611006,99
5471,14,23611007,95,99,23611007,99,23611007,99
5472,14,26068631,96,99,26068631,99,26068631,99
5473,14,26068632,97,99,26068632,99,26068632,99
5474,14,26068633,98,99,26068633,99,26068633,99
5475,14,28782068,99,99,28782068,99,28782068,99
5476,14,28782069,100,99,28782069,99,28782069,99
5477,14,28782070,101,99,28782070,99,28782070,99
5478,14,31777942,102,99,31777942,99,31777942,99
5479,14,31777943,103,99,31777943,99,31777943,99
5480,14,31777944,104,99,31777944,99,31777944,99
5481,14,35085653,105,99,35085653,99,35085653,99
5482,14,35085654,106,99,35085654,99,35085654,99
5483,14,35085655,107,99,35085655,99,35085655,99
5484,14,38737660,108,99,38737660,99,38737660,99
5485,14,38737661,109,99,38737661,99,38737661,99
5486,14,38737662,110,99,38737662,99,38737662,99
5487,14,42769800,111,99,42769800,99,42769800,99
5488,14,42769801,112,99,42769801,99,42769801,99
5489,14,42769802,113,99,42769802,99,42769802,99
5490,14,47221640,114,99,47221640,99,47221640,99
5491,14,47221641,115,99,47221641,99,47221641,99
5492,14,47221642,116,99,47221642,99,47221642,99
5493,14,52136868,117,99,52136868,99,52136868,99
5494,14,52136869,118,99,52136869,99,52136869,99
5495,14,52136870,119,99,52136870,99,52136870,99
5496,14,57563717,120,99,57563717,99,57563717,99
5497,14,57563718,121,99,57563718,99,57563718,99
5498,14,57563719,122,99,57563719,99,57563719,99
5499,14,63555442,123,99,63555442,99,63555442,99
5500,14,63555443,124,99,63555443,99,63555443,99
5501,14,63555444,125,99,63555444,99,63555444,99
5502,14,70170839,126,99,70170839,99,70170839,99
5503,14,70170840,127,99,70170840,99,70170840,99
5504,14,70170841,128,99,70170841,99,70170841,99
5505,14,77474827,129,99,77474827,99,77474827,99
5506,14,77474828,130,99,77474828,99,77474828,99
5507,14,77474829,131,99,77474829,99,77474829,99
5508,14,85539081,132,99,85539081,99,85539081,99
5509,14,85539082,133,99,85539082,99,85539082,99
5510,14,85539083,134,99,85539083,99,85539083,99
5511,14,94442736,135,99,94442736,99,94442736,99
5512,14,94442737,136,99,94442737,99,94442737,99
5513,14,94442738,137,99,94442738,99,94442738,99
5514,14,104273166,138,99,104273166,99,104273166,99
5515,14,104273167,139,99,104273167,99,104273167,99
5516,14,104273168,140,99,104273168,99,104273168,99
5517,14,115126837,141,99,115126837,99,115126837,99
5518,14,115126838,142,99,115126838,99,115126838,99
5519,14,115126839,143,99,115126839,99,115126839,99
5520,15,0,144,1,0,1,0,1
5521,15,0,145,1,0,1,0,1
5522,15,0,146,1,0,1,0,1
5523,15,1,147,1,1,1,1,1
5524,15,199999999,148,120,388,5,199999999,120
5525,15,200000000,149,120,388,5,200000000,120
5526,15,200000000,150,120,388,5,200000000,120
5527,15,200000000,151,120,388,5,200000000,120
5528,15,82,152,1,82,1,82,1
5529,15,83,153,2,83,2,83,2
5530,15,84,154,2,84,2,84,2
5531,15,173,155,2,173,2,173,2
5532,15,174,156,3,174,3,174,3
5533,15,175,157,3,175,3,175,3
5534,15,275,158,3,275,3,275,3
5535,15,276,159,4,276,4,276,4
5536,15,277,160,4,277,4,277,4
5537,15,387,161,4,387,4,387,4
5538,15,388,162,5,388,5,388,5
5539,15,389,163,5,388,5,389,5
5540,15,511,164,5,388,5,511,5
5541,15,512,165,6,388,5,512,6
5542,15,513,166,6,388,5,513,6
5543,15,649,167,6,388,5,649,6
5544,15,650,168,7,388,5,650,7
5545,15,651,169,7,388,5,651,7
5546,15,800,170,7,388,5,800,7
5547,15,801,171,8,388,5,801,8
5548,15,802,172,8,388,5,802,8
5549,15,968,173,8,388,5,968,8
5550,15,969,174,9,388,5,969,9
5551,15,970,175,9,388,5,970,9
5552,15,1153,176,9,388,5,1153,9
5553,15,1154,177,10,388,5,1154,10
5554,15,1155,178,10,388,5,1155,10
5555,15,1357,179,10,388,5,1357,10
5556,15,1358,180,11,388,5,1358,11
5557,15,1359,181,11,388,5,1359,11
5558,15,1583,182,11,388,5,1583,11
5559,15,1584,183,12,388,5,1584,12
5560,15,1585,184,12,388,5,1585,12
5561,15,1832,185,12,388,5,1832,12
5562,15,1833,186,13,388,5,1833,13
5563,15,1834,187,13,388,5,1834,13
5564,15,2106,188,13,388,5,2106,13
5565,15,2107,189,14,388,5,2107,14
5566,15,2108,190,14,388,5,2108,14
5567,15,2410,191,14,388,5,2410,14
5568,15,2411,192,15,388,5,2411,15
5569,15,2412,193,15,388,5,2412,15
5570,15,2745,194,15,388,5,2745,15
5571,15,2746,195,16,388,5,2746,16
5572,15,2747,196,16,388,5,2747,16
5573,15,3114,197,16,388,5,3114,16
5574,15,3115,198,17,388,5,3115,17
5575,15,3116,199,17,388,5,3116,17
5576,15,3522,200,17,388,5,3522,17
5577,15,3523,201,18,388,5,3523,18
5578,15,3524,202,18,388,5,3524,18
5579,15,3972,203,18,388,5,3972,18
5580,15,3973,204,19,388,5,3973,19
5581,15,3974,205,19,388,5,3974,19
5582,15,4469,206,19,388,5,4469,19
5583,15,4470,207,20,388,5,4470,20
5584,15,4471,208,20,388,5,4471,20
5585,15,5017,209,20,388,5,5017,20
5586,15,5018,210,21,388,5,5018,21
5587,15,5019,211,21,388,5,5019,21
5588,15,5623,212,21,388,5,5623,21
5589,15,5624,213,22,388,5,5624,22
5590,15,5625,214,22,388,5,5625,22
5591,15,6290,215,22,388,5,6290,22
5592,15,6291,216,23,388,5,6291,23
5593,15,6292,217,23,388,5,6292,23
5594,15,7027,218,23,388,5,7027,23
5595,15,7028,219,24,388,5,7028,24
5596,15,7029,220,24,388,5,7029,24
5597,15,7841,221,24,388,5,7841,24
5598,15,7842,222,25,388,5,7842,25
5599,15,7843,223,25,388,5,7843,25
5600,15,8739,224,25,388,5,8739,25
5601,15,8740,225,26,388,5,8740,26
5602,15,8741,226,26,388,5,8741,26
5603,15,9729,227,26,388,5,9729,26
5604,15,9730,228,27,388,5,9730,27
5605,15,9731,229,27,388,5,9731,27
5606,15,10823,230,27,388,5,10823,27
5607,15,10824,231,28,388,5,10824,28
5608,15,10825,232,28,388,5,10825,28
5609,15,12030,233,28,388,5,12030,28
5610,15,12031,234,29,388,5,12031,29
5611,15,12032,235,29,388,5,12032,29
5612,15,13362,236,29,388,5,13362,29
5613,15,13363,237,30,388,5,13363,30
5614,15,13364,238,30,388,5,13364,30
5615,15,14832,239,30,388,5,14832,30
5616,15,14833,240,31,388,5,14833,31
5617,15,14834,241,31,388,5,14834,31
5618,15,16455,242,31,388,5,16455,31
5619,15,16456,243,32,388,5,16456,32
5620,15,16457,244,32,388,5,16457,32
5621,15,18246,245,32,388,5,18246,32
5622,15,18247,246,33,388,5,18247,33
5623,15,18248,247,33,388,5,18248,33
5624,15,20223,248,33,388,5,20223,33
5625,15,20224,249,34,388,5,20224,34
5626,15,20225,250,34,388,5,20225,34
5627,15,22405,251,34,388,5,22405,34
5628,15,22406,252,35,388,5,22406,35
5629,15,22407,253,35,388,5,22407,35
5630,15,24814,254,35,388,5,24814,35
5631,15,24815,255,36,388,5,24815,36
5632,15,24816,0,36,388,5,24816,36
5633,15,27472,1,36,388,5,27472,36
5634,15,27473,2,37,388,5,27473,37
5635,15,27474,3,37,388,5,27474,37
5636,15,30407,4,37,388,5,30407,37
5637,15,30408,5,38,388,5,30408,38
5638,15,30409,6,38,388,5,30409,38
5639,15,33647,7,38,388,5,33647,38
5640,15,33648,8,39,388,5,33648,39
5641,15,33649,9,39,388,5,33649,39
5642,15,37223,10,39,388,5,37223,39
5643,15,37224,11,40,388,5,37224,40
5644,15,37225,12,40,388,5,37225,40
5645,15,41170,13,40,388,5,41170,40
5646,15,41171,14,41,388,5,41171,41
5647,15,41172,15,41,388,5,41172,41
5648,15,45528,16,41,388,5,45528,41
5649,15,45529,17,42,388,5,45529,42
5650,15,45530,18,42,388,5,45530,42
5651,15,50338,19,42,388,5,50338,42
5652,15,50339,20,43,388,5,50339,43
5653,15,50340,21,43,388,5,50340,43
5654,15,55648,22,43,388,5,55648,43
5655,15,55649,23,44,388,5,55649,44
5656,15,55650,24,44,388,5,55650,44
5657,15,61511,25,44,388,5,61511,44
5658,15,61512,26,45,388,5,61512,45
5659,15,61513,27,45,388,5,61513,45
5660,15,67982,28,45,388,5,67982,45
5661,15,67983,29,46,388,5,67983,46
5662,15,67984,30,46,388,5,67984,46
5663,15,75126,31,46,388,5,75126,46
5664,15,75127,32,47,388,5,75127,47
5665,15,75128,33,47,388,5,75128,47
5666,15,83013,34,47,388,5,83013,47
5667,15,83014,35,48,388,5,83014,48
5668,15,83015,36,48,388,5,83015,48
5669,15,91720,37,48,388,5,91720,48
5670,15,91721,38,49,388,5,91721,49
5671,15,91722,39,49,388,5,91722,49
5672,15,101332,40,49,388,5,101332,49
5673,15,101333,41,50,388,5,101333,50
5674,15,101334,42,50,388,5,101334,50
5675,15,111944,43,50,388,5,111944,50
5676,15,111945,44,51,388,5,111945,51
5677,15,111946,45,51,388,5,111946,51
5678,15,123659,46,51,388,5,123659,51
5679,15,123660,47,52,388,5,123660,52
5680,15,123661,48,52,388,5,123661,52
5681,15,136593,49,52,388,5,136593,52
5682,15,136594,50,53,388,5,136594,53
5683,15,136595,51,53,388,5,136595,53
5684,15,150871,52,53,388,5,150871,53
5685,15,150872,53,54,388,5,150872,54
5686,15,150873,54,54,388,5,150873,54
5687,15,166635,55,54,388,5,166635,54
5688,15,166636,56,55,388,5,166636,55
5689,15,166637,57,55,388,5,166637,55
5690,15,184039,58,55,388,5,184039,55
5691,15,184040,59,56,388,5,184040,56
5692,15,184041,60,56,388,5,184041,56
5693,15,203253,61,56,388,5,203253,56
5694,15,203254,62,57,388,5,203254,57
5695,15,203255,63,57,388,5,203255,57
5696,15,224465,64,57,388,5,224465,57
5697,15,224466,65,58,388,5,224466,58
5698,15,224467,66,58,388,5,224467,58
5699,15,247885,67,58,388,5,247885,58
5700,15,247886,68,59,388,5,247886,59
5701,15,247887,69,59,388,5,247887,59
5702,15,273741,70,59,388,5,273741,59
5703,15,273742,71,60,388,5,273742,60
5704,15,273743,72,60,388,5,273743,60
5705,15,302287,73,60,388,5,302287,60
5706,15,302288,74,61,388,5,302288,61
5707,15,302289,75,61,388,5,302289,61
5708,15,333803,76,61,388,5,333803,61
5709,15,333804,77,62,388,5,333804,62
5710,15,333805,78,62,388,5,333805,62
5711,15,368598,79,62,388,5,368598,62
5712,15,368599,80,63,388,5,368599,63
5713,15,368600,81,63,388,5,368600,63
5714,15,407014,82,63,388,5,407014,63
5715,15,407015,83,64,388,5,407015,64
5716,15,407016,84,64,388,5,407016,64
5717,15,449427,85,64,388,5,449427,64
5718,15,449428,86,65,388,5,449428,65
5719,15,449429,87,65,388,5,449429,65
5720,15,496253,88,65,388,5,496253,65
5721,15,496254,89,66,388,5,496254,66
5722,15,496255,90,66,388,5,496255,66
5723,15,547952,91,66,388,5,547952,66
5724,15,547953,92,67,388,5,547953,67
5725,15,547954,93,67,388,5,547954,67
5726,15,605031,94,67,388,5,605031,67
5727,15,605032,95,68,388,5,605032,68
5728,15,605033,96,68,388,5,605033,68
5729,15,668050,97,68,388,5,668050,68
5730,15,668051,98,69,388,5,668051,69
5731,15,668052,99,69,388,5,668052,69
5732,15,737626,100,69,388,5,737626,69
5733,15,737627,101,70,388,5,737627,70
5734,15,737628,102,70,388,5,737628,70
5735,15,814444,103,70,388,5,814444,70
5736,15,814445,104,71,388,5,814445,71
5737,15,814446,105,71,388,5,814446,71
5738,15,899256,106,71,388,5,899256,71
5739,15,899257,107,72,388,5,899257,72
5740,15,899258,108,72,388,5,899258,72
5741,15,992894,109,72,388,5,992894,72
5742,15,992895,110,73,388,5,992895,73
5743,15,992896,111,73,388,5,992896,73
5744,15,1096277,112,73,388,5,1096277,73
5745,15,1096278,113,74,388,5,1096278,74
5746,15,1096279,114,74,388,5,1096279,74
5747,15,1210420,115,74,388,5,1210420,74
5748,15,1210421,116,75,388,5,1210421,75
5749,15,1210422,117,75,388,5,1210422,75
5750,15,1336442,118,75,388,5,1336442,75
5751,15,1336443,119,76,388,5,1336443,76
5752,15,1336444,120,76,388,5,1336444,76
5753,15,1475580,121,76,388,5,1475580,76
5754,15,1475581,122,77,388,5,1475581,77
5755,15,1475582,123,77,388,5,1475582,77
5756,15,1629199,124,77,388,5,1629199,77
5757,15,1629200,125,78,388,5,1629200,78
5758,15,1629201,126,78,388,5,1629201,78
5759,15,1798807,127,78,388,5,1798807,78
5760,15,1798808,128,79,388,5,1798808,79
5761,15,1798809,129,79,388,5,1798809,79
5762,15,1986067,130,79,388,5,1986067,79
5763,15,1986068,131,80,388,5,1986068,80
5764,15,1986069,132,80,388,5,1986069,80
5765,15,2192817,133,80,388,5,2192817,80
5766,15,2192818,134,81,388,5,2192818,81
5767,15,2192819,135,81,388,5,2192819,81
5768,15,2421086,136,81,388,5,2421086,81
5769,15,2421087,137,82,388,5,2421087,82
5770,15,2421088,138,82,388,5,2421088,82
5771,15,2673113,139,82,388,5,2673113,82
5772,15,2673114,140,83,388,5,2673114,83
5773,15,2673115,141,83,388,5,2673115,83
5774,15,2951372,142,83,388,5,2951372,83
5775,15,2951373,143,84,388,5,2951373,84
5776,15,2951374,144,84,388,5,2951374,84
5777,15,3258593,145,84,388,5,3258593,84
5778,15,3258594,146,85,388,5,3258594,85
5779,15,3258595,147,85,388,5,3258595,85
5780,15,3597791,148,85,388,5,3597791,85
5781,15,3597792,149,86,388,5,3597792,86
5782,15,3597793,150,86,388,5,3597793,86
5783,15,3972293,151,86,388,5,3972293,86
5784,15,3972294,152,87,388,5,3972294,87
5785,15,3972295,153,87,388,5,3972295,87
5786,15,4385775,154,87,388,5,4385775,87
5787,15,4385776,155,88,388,5,4385776,88
5788,15,4385777,156,88,388,5,4385777,88
5789,15,4842294,157,88,388,5,4842294,88
5790,15,4842295,158,89,388,5,4842295,89
5791,15,4842296,159,89,388,5,4842296,89
5792,15,5346331,160,89,388,5,5346331,89
5793,15,5346332,161,90,388,5,5346332,90
5794,15,5346333,162,90,388,5,5346333,90
5795,15,5902830,163,90,388,5,5902830,90
5796,15,5902831,164,91,388,5,5902831,91
5797,15,5902832,165,91,388,5,5902832,91
5798,15,6517252,166,91,388,5,6517252,91
5799,15,6517253,167,92,388,5,6517253,92
5800,15,6517254,168,92,388,5,6517254,92
5801,15,7195628,169,92,388,5,7195628,92
5802,15,7195629,170,93,388,5,7195629,93
5803,15,7195630,171,93,388,5,7195630,93
5804,15,7944613,172,93,388,5,7944613,93
5805,15,7944614,173,94,388,5,7944614,94
5806,15,7944615,174,94,388,5,7944615,94
5807,15,8771557,175,94,388,5,8771557,94
5808,15,8771558,176,95,388,5,8771558,95
5809,15,8771559,177,95,388,5,8771559,95
5810,15,9684576,178,95,388,5,9684576,95
5811,15,9684577,179,96,388,5,9684577,96
5812,15,9684578,180,96,388,5,9684578,96
5813,15,10692628,181,96,388,5,10692628,96
5814,15,10692629,182,97,388,5,10692629,97
5815,15,10692630,183,97,388,5,10692630,97
5816,15,11805605,184,97,388,5,11805605,97
5817,15,11805606,185,98,388,5,11805606,98
5818,15,11805607,186,98,388,5,11805607,98
5819,15,13034430,187,98,388,5,13034430,98
5820,15,13034431,188,99,388,5,13034431,99
5821,15,13034432,189,99,388,5,13034432,99
5822,15,14391159,190,99,388,5,14391159,99
5823,15,14391160,191,100,388,5,14391160,100
5824,15,14391161,192,100,388,5,14391161,100
5825,15,15889108,193,100,388,5,15889108,100
5826,15,15889109,194,101,388,5,15889109,101
5827,15,15889110,195,101,388,5,15889110,101
5828,15,17542975,196,101,388,5,17542975,101
5829,15,17542976,197,102,388,5,17542976,102
5830,15,17542977,198,102,388,5,17542977,102
5831,15,19368991,199,102,388,5,19368991,102
5832,15,19368992,200,103,388,5,19368992,103
5833,15,19368993,201,103,388,5,19368993,103
5834,15,21385072,202,103,388,5,21385072,103
5835,15,21385073,203,104,388,5,21385073,104
5836,15,21385074,204,104,388,5,21385074,104
5837,15,23611005,205,104,388,5,23611005,104
5838,15,23611006,206,105,388,5,23611006,105
5839,15,23611007,207,105,388,5,23611007,105
5840,15,26068631,208,105,388,5,26068631,105
5841,15,26068632,209,106,388,5,26068632,106
5842,15,26068633,210,106,388,5,26068633,106
5843,15,28782068,211,106,388,5,28782068,106
5844,15,28782069,212,107,388,5,28782069,107
5845,15,28782070,213,107,388,5,28782070,107
5846,15,31777942,214,107,388,5,31777942,107
5847,15,31777943,215,108,388,5,31777943,108
5848,15,31777944,216,108,388,5,31777944,108
5849,15,35085653,217,108,388,5,35085653,108
5850,15,35085654,218,109,388,5,35085654,109
5851,15,35085655,219,109,388,5,35085655,109
5852,15,38737660,220,109,388,5,38737660,109
5853,15,38737661,221,110,388,5,38737661,110
5854,15,38737662,222,110,388,5,38737662,110
5855,15,42769800,223,110,388,5,42769800,110
5856,15,42769801,224,111,388,5,42769801,111
5857,15,42769802,225,111,388,5,42769802,111
5858,15,47221640,226,111,388,5,47221640,111
5859,15,47221641,227,112,388,5,47221641,112
5860,15,47221642,228,112,388,5,47221642,112
5861,15,52136868,229,112,388,5,52136868,112
5862,15,52136869,230,113,388,5,52136869,113
5863,15,52136870,231,113,388,5,52136870,113
5864,15,57563717,232,113,388,5,57563717,113
5865,15,57563718,233,114,388,5,57563718,114
5866,15,57563719,234,114,388,5,57563719,114
5867,15,63555442,235,114,388,5,63555442,114
5868,15,63555443,236,115,388,5,63555443,115
5869,15,63555444,237,115,388,5,63555444,115
5870,15,70170839,238,115,388,5,70170839,115
5871,15,70170840,239,116,388,5,70170840,116
5872,15,70170841,240,116,388,5,70170841,116
5873,15,77474827,241,116,388,5,77474827,116
5874,15,77474828,242,117,388,5,77474828,117
5875,15,77474829,243,117,388,5,77474829,117
5876,15,85539081,244,117,388,5,85539081,117
5877,15,85539082,245,118,388,5,85539082,118
5878,15,85539083,246,118,388,5,85539083,118
5879,15,94442736,247,118,388,5,94442736,118
5880,15,94442737,248,119,388,5,94442737,119
5881,15,94442738,249,119,388,5,94442738,119
5882,15,104273166,250,119,388,5,104273166,119
5883,15,104273167,251,120,388,5,104273167,120
5884,15,104273168,252,120,388,5,104273168,120
5885,15,115126837,253,120,388,5,115126837,120
5886,15,115126838,254,120,388,5,115126838,120
5887,15,115126839,255,120,388,5,115126839,120
5888,16,0,0,1,0,1,0,1
5889,16,0,1,1,0,1,0,1
5890,16,0,2,1,0,1,0,1
5891,16,1,3,1,1,1,1,1
5892,16,199999999,4,99,388,5,199999999,99
5893,16,200000000,5,99,388,5,200000000,99
5894,16,200000000,6,99,388,5,200000000,99
5895,16,200000000,7,99,388,5,200000000,99
5896,16,82,8,1,82,1,82,1
5897,16,83,9,2,83,2,83,2
5898,16,84,10,2,84,2,84,2
5899,16,173,11,2,173,2,173,2
5900,16,174,12,3,174,3,174,3
5901,16,175,13,3,175,3,175,3
5902,16,275,14,3,275,3,275,3
5903,16,276,15,4,276,4,276,4
5904,16,277,16,4,277,4,277,4
5905,16,387,17,4,387,4,387,4
5906,16,388,18,5,388,5,388,5
5907,16,389,19,5,388,5,389,5
5908,16,511,20,5,388,5,511,5
5909,16,512,21,6,388,5,512,6
5910,16,513,22,6,388,5,513,6
5911,16,649,23,6,388,5,649,6
5912,16,650,24,7,388,5,650,7
5913,16,651,25,7,388,5,651,7
5914,16,800,26,7,388,5,800,7
5915,16,801,27,8,388,5,801,8
5916,16,802,28,8,388,5,802,8
5917,16,968,29,8,388,5,968,8
5918,16,969,30,9,388,5,969,9
5919,16,970,31,9,388,5,970,9
5920,16,1153,32,9,388,5,1153,9
5921,16,1154,33,10,388,5,1154,10
5922,16,1155,34,10,388,5,1155,10
5923,16,1357,35,10,388,5,1357,10
5924,16,1358,36,11,388,5,1358,11
5925,16,1359,37,11,388,5,1359,11
5926,16,1583,38,11,388,5,1583,11
5927,16,1584,39,12,388,5,1584,12
5928,16,1585,40,12,388,5,1585,12
5929,16,1832,41,12,388,5,1832,12
5930,16,1833,42,13,388,5,1833,13
5931,16,1834,43,13,388,5,1834,13
5932,16,2106,44,13,388,5,2106,13
5933,16,2107,45,14,388,5,2107,14
5934,16,2108,46,14,388,5,2108,14
5935,16,2410,47,14,388,5,2410,14
5936,16,2411,48,15,388,5,2411,15
5937,16,2412,49,15,388,5,2412,15
5938,16,2745,50,15,388,5,2745,15
5939,16,2746,51,16,388,5,2746,16
5940,16,2747,52,16,388,5,2747,16
5941,16,3114,53,16,388,5,3114,16
5942,16,3115,54,17,388,5,3115,17
5943,16,3116,55,17,388,5,3116,17
5944,16,3522,56,17,388,5,3522,17
5945,16,3523,57,18,388,5,3523,18
5946,16,3524,58,18,388,5,3524,18
5947,16,3972,59,18,388,5,3972,18
5948,16,3973,60,19,388,5,3973,19
5949,16,3974,61,19,388,5,3974,19
5950,16,4469,62,19,388,5,4469,19
5951,16,4470,63,20,388,5,4470,20
5952,16,4471,64,20,388,5,4471,20
5953,16,5017,65,20,388,5,5017,20
5954,16,5018,66,21,388,5,5018,21
5955,16,5019,67,21,388,5,5019,21
5956,16,5623,68,21,388,5,5623,21
5957,16,5624,69,22,388,5,5624,22
5958,16,5625,70,22,388,5,5625,22
5959,16,6290,71,22,388,5,6290,22
5960,16,6291,72,23,388,5,6291,23
5961,16,6292,73,23,388,5,6292,23
5962,16,7027,74,23,388,5,7027,23
5963,16,7028,75,24,388,5,7028,24
5964,16,7029,76,24,388,5,7029,24
5965,16,7841,77,24,388,5,7841,24
5966,16,7842,78,25,388,5,7842,25
5967,16,7843,79,25,388,5,7843,25
5968,16,8739,80,25,388,5,8739,25
5969,16,8740,81,26,388,5,8740,26
5970,16,8741,82,26,388,5,8741,26
5971,16,9729,83,26,388,5,9729,26
5972,16,9730,84,27,388,5,9730,27
5973,16,9731,85,27,388,5,9731,27
5974,16,10823,86,27,388,5,10823,27
5975,16,10824,87,28,388,5,10824,28
5976,16,10825,88,28,388,5,10825,28
5977,16,12030,89,28,388,5,12030,28
5978,16,12031,90,29,388,5,12031,29
5979,16,12032,91,29,388,5,12032,29
5980,16,13362,92,29,388,5,13362,29
5981,16,13363,93,30,388,5,13363,30
5982,16,13364,94,30,388,5,13364,30
5983,16,14832,95,30,388,5,14832,30
5984,16,14833,96,31,388,5,14833,31
5985,16,14834,97,31,388,5,14834,31
5986,16,16455,98,31,388,5,16455,31
5987,16,16456,99,32,388,5,16456,32
5988,16,16457,100,32,388,5,16457,32
5989,16,18246,101,32,388,5,18246,32
5990,16,18247,102,33,388,5,18247,33
5991,16,18248,103,33,388,5,18248,33
5992,16,20223,104,33,388,5,20223,33
5993,16,20224,105,34,388,5,20224,34
5994,16,20225,106,34,388,5,20225,34
5995,16,22405,107,34,388,5,22405,34
5996,16,22406,108,35,388,5,22406,35
5997,16,22407,109,35,388,5,22407,35
5998,16,24814,110,35,388,5,24814,35
5999,16,24815,111,36,388,5,24815,36
6000,16,24816,112,36,388,5,24816,36
6001,16,27472,113,36,388,5,27472,36
6002,16,27473,114,37,388,5,27473,37
6003,16,27474,115,37,388,5,27474,37
6004,16,30407,116,37,388,5,30407,37
6005,16,30408,117,38,388,5,30408,38
6006,16,30409,118,38,388,5,30409,38
6007,16,33647,119,38,388,5,33647,38
6008,16,33648,120,39,388,5,33648,39
6009,16,33649,121,39,388,5,33649,39
6010,16,37223,122,39,388,5,37223,39
6011,16,37224,123,40,388,5,37224,40
6012,16,37225,124,40,388,5,37225,40
6013,16,41170,125,40,388,5,41170,40
6014,16,41171,126,41,388,5,41171,41
6015,16,41172,127,41,388,5,41172,41
6016,16,45528,128,41,388,5,45528,41
6017,16,45529,129,42,388,5,45529,42
6018,16,45530,130,42,388,5,45530,42
6019,16,50338,131,42,388,5,50338,42
6020,16,50339,132,43,388,5,50339,43
6021,16,50340,133,43,388,5,50340,43
6022,16,55648,134,43,388,5,55648,43
6023,16,55649,135,44,388,5,55649,44
6024,16,55650,136,44,388,5,55650,44
6025,16,61511,137,44,388,5,61511,44
6026,16,61512,138,45,388,5,61512,45
6027,16,61513,139,45,388,5,61513,45
6028,16,67982,140,45,388,5,67982,45
6029,16,67983,141,46,388,5,67983,46
6030,16,67984,142,46,388,5,67984,46
6031,16,75126,143,46,388,5,75126,46
6032,16,75127,144,47,388,5,75127,47
6033,16,75128,145,47,388,5,75128,47
6034,16,83013,146,47,388,5,83013,47
6035,16,83014,147,48,388,5,83014,48
6036,16,83015,148,48,388,5,83015,48
6037,16,91720,149,48,388,5,91720,48
6038,16,91721,150,49,388,5,91721,49
6039,16,91722,151,49,388,5,91722,49
6040,16,101332,152,49,388,5,101332,49
6041,16,101333,153,50,388,5,101333,50
6042,16,101334,154,50,388,5,101334,50
6043,16,111944,155,50,388,5,111944,50
6044,16,111945,156,51,388,5,111945,51
6045,16,111946,157,51,388,5,111946,51
6046,16,123659,158,51,388,5,123659,51
6047,16,123660,159,52,388,5,123660,52
6048,16,123661,160,52,388,5,123661,52
6049,16,136593,161,52,388,5,136593,52
6050,16,136594,162,53,388,5,136594,53
6051,16,136595,163,53,388,5,136595,53
6052,16,150871,164,53,388,5,150871,53
6053,16,150872,165,54,388,5,150872,54
6054,16,150873,166,54,388,5,150873,54
6055,16,166635,167,54,388,5,166635,54
6056,16,166636,168,55,388,5,166636,55
6057,16,166637,169,55,388,5,166637,55
6058,16,184039,170,55,388,5,184039,55
6059,16,184040,171,56,388,5,184040,56
6060,16,184041,172,56,388,5,184041,56
6061,16,203253,173,56,388,5,203253,56
6062,16,203254,174,57,388,5,203254,57
6063,16,203255,175,57,388,5,203255,57
6064,16,224465,176,57,388,5,224465,57
6065,16,224466,177,58,388,5,224466,58
6066,16,224467,178,58,388,5,224467,58
6067,16,247885,179,58,388,5,247885,58
6068,16,247886,180,59,388,5,247886,59
6069,16,247887,181,59,388,5,247887,59
6070,16,273741,182,59,388,5,273741,59
6071,16,273742,183,60,388,5,273742,60
6072,16,273743,184,60,388,5,273743,60
6073,16,302287,185,60,388,5,302287,60
6074,16,302288,186,61,388,5,302288,61
6075,16,302289,187,61,388,5,302289,61
6076,16,333803,188,61,388,5,333803,61
6077,16,333804,189,62,388,5,333804,62
6078,16,333805,190,62,388,5,333805,62
6079,16,368598,191,62,388,5,368598,62
6080,16,368599,192,63,388,5,368599,63
6081,16,368600,193,63,388,5,368600,63
6082,16,407014,194,63,388,5,407014,63
6083,16,407015,195,64,388,5,407015,64
6084,16,407016,196,64,388,5,407016,64
6085,16,449427,197,64,388,5,449427,64
6086,16,449428,198,65,388,5,449428,65
6087,16,449429,199,65,388,5,449429,65
6088,16,496253,200,65,388,5,496253,65
6089,16,496254,201,66,388,5,496254,66
6090,16,496255,202,66,388,5,496255,66
6091,16,547952,203,66,388,5,547952,66
6092,16,547953,204,67,388,5,547953,67
6093,16,547954,205,67,388,5,547954,67
6094,16,605031,206,67,388,5,605031,67
6095,16,605032,207,68,388,5,605032,68
6096,16,605033,208,68,388,5,605033,68
6097,16,668050,209,68,388,5,668050,68
6098,16,668051,210,69,388,5,668051,69
6099,16,668052,211,69,388,5,668052,69
6100,16,737626,212,69,388,5,737626,69
6101,16,737627,213,70,388,5,737627,70
6102,16,737628,214,70,388,5,737628,70
6103,16,814444,215,70,388,5,814444,70
6104,16,814445,216,71,388,5,814445,71
6105,16,814446,217,71,388,5,814446,71
6106,16,899256,218,71,388,5,899256,71
6107,16,899257,219,72,388,5,899257,72
6108,16,899258,220,72,388,5,899258,72
6109,16,992894,221,72,388,5,992894,72
6110,16,992895,222,73,388,5,992895,73
6111,16,992896,223,73,388,5,992896,73
6112,16,1096277,224,73,388,5,1096277,73
6113,16,1096278,225,74,388,5,1096278,74
6114,16,1096279,226,74,388,5,1096279,74
6115,16,1210420,227,74,388,5,1210420,74
6116,16,1210421,228,75,388,5,1210421,75
6117,16,1210422,229,75,388,5,1210422,75
6118,16,1336442,230,75,388,5,1336442,75
6119,16,1336443,231,76,388,5,1336443,76
6120,16,1336444,232,76,388,5,1336444,76
6121,16,1475580,233,76,388,5,1475580,76
6122,16,1475581,234,77,388,5,1475581,77
6123,16,1475582,235,77,388,5,1475582,77
6124,16,1629199,236,77,388,5,1629199,77
6125,16,1629200,237,78,388,5,1629200,78
6126,16,1629201,238,78,388,5,1629201,78
6127,16,1798807,239,78,388,5,1798807,78
6128,16,1798808,240,79,388,5,1798808,79
6129,16,1798809,241,79,388,5,1798809,79
6130,16,1986067,242,79,388,5,1986067,79
6131,16,1986068,243,80,388,5,1986068,80
6132,16,1986069,244,80,388,5,1986069,80
6133,16,2192817,245,80,388,5,2192817,80
6134,16,2192818,246,81,388,5,2192818,81
6135,16,2192819,247,81,388,5,2192819,81
6136,16,2421086,248,81,388,5,2421086,81
6137,16,2421087,249,82,388,5,2421087,82
6138,16,2421088,250,82,388,5,2421088,82
6139,16,2673113,251,82,388,5,2673113,82
6140,16,2673114,252,83,388,5,2673114,83
6141,16,2673115,253,83,388,5,2673115,83
6142,16,2951372,254,83,388,5,2951372,83
6143,16,2951373,255,84,388,5,2951373,84
6144,16,2951374,0,84,388,5,2951374,84
6145,16,3258593,1,84,388,5,3258593,84
6146,16,3258594,2,85,388,5,3258594,85
6147,16,3258595,3,85,388,5,3258595,85
6148,16,3597791,4,85,388,5,3597791,85
6149,16,3597792,5,86,388,5,3597792,86
6150,16,3597793,6,86,388,5,3597793,86
6151,16,3972293,7,86,388,5,3972293,86
6152,16,3972294,8,87,388,5,3972294,87
6153,16,3972295,9,87,388,5,3972295,87
6154,16,4385775,10,87,388,5,4385775,87
6155,16,4385776,11,88,388,5,4385776,88
6156,16,4385777,12,88,388,5,4385777,88
6157,16,4842294,13,88,388,5,4842294,88
6158,16,4842295,14,89,388,5,4842295,89
6159,16,4842296,15,89,388,5,4842296,89
6160,16,5346331,16,89,388,5,5346331,89
6161,16,5346332,17,90,388,5,5346332,90
6162,16,5346333,18,90,388,5,5346333,90
6163,16,5902830,19,90,388,5,5902830,90
6164,16,5902831,20,91,388,5,5902831,91
6165,16,5902832,21,91,388,5,5902832,91
6166,16,6517252,22,91,388,5,6517252,91
6167,16,6517253,23,92,388,5,6517253,92
6168,16,6517254,24,92,388,5,6517254,92
6169,16,7195628,25,92,388,5,7195628,92
6170,16,7195629,26,93,388,5,7195629,93
6171,16,7195630,27,93,388,5,7195630,93
6172,16,7944613,28,93,388,5,7944613,93
6173,16,7944614,29,94,388,5,7944614,94
6174,16,7944615,30,94,388,5,7944615,94
6175,16,8771557,31,94,388,5,8771557,94
6176,16,8771558,32,95,388,5,8771558,95
6177,16,8771559,33,95,388,5,8771559,95
6178,16,9684576,34,95,388,5,9684576,95
6179,16,9684577,35,96,388,5,9684577,96
6180,16,9684578,36,96,388,5,9684578,96
6181,16,10692628,37,96,388,5,10692628,96
6182,16,10692629,38,97,388,5,10692629,97
6183,16,10692630,39,97,388,5,10692630,97
6184,16,11805605,40,97,388,5,11805605,97
6185,16,11805606,41,98,388,5,11805606,98
6186,16,11805607,42,98,388,5,11805607,98
6187,16,13034430,43,98,388,5,13034430,98
6188,16,13034431,44,99,388,5,13034431,99
6189,16,13034432,45,99,388,5,13034432,99
6190,16,14391159,46,99,388,5,14391159,99
6191,16,14391160,47,99,388,5,14391160,99
6192,16,14391161,48,99,388,5,14391161,99
6193,16,15889108,49,99,388,5,15889108,99
6194,16,15889109,50,99,388,5,15889109,99
6195,16,15889110,51,99,388,5,15889110,99
6196,16,17542975,52,99,388,5,17542975,99
6197,16,17542976,53,99,388,5,17542976,99
6198,16,17542977,54,99,388,5,17542977,99
6199,16,19368991,55,99,388,5,19368991,99
6200,16,19368992,56,99,388,5,19368992,99
6201,16,19368993,57,99,388,5,19368993,99
6202,16,21385072,58,99,388,5,21385072,99
6203,16,21385073,59,99,388,5,21385073,99
6204,16,21385074,60,99,388,5,21385074,99
6205,16,23611005,61,99,388,5,23611005,99
6206,16,23611006,62,99,388,5,23611006,99
6207,16,23611007,63,99,388,5,23611007,99
6208,16,26068631,64,99,388,5,26068631,99
6209,16,26068632,65,99,388,5,26068632,99
6210,16,26068633,66,99,388,5,26068633,99
6211,16,28782068,67,99,388,5,28782068,99
6212,16,28782069,68,99,388,5,28782069,99
6213,16,28782070,69,99,388,5,28782070,99
6214,16,31777942,70,99,388,5,31777942,99
6215,16,31777943,71,99,388,5,31777943,99
6216,16,31777944,72,99,388,5,31777944,99
6217,16,35085653,73,99,388,5,35085653,99
6218,16,35085654,74,99,388,5,35085654,99
6219,16,35085655,75,99,388,5,35085655,99
6220,16,38737660,76,99,388,5,38737660,99
6221,16,38737661,77,99,388,5,38737661,99
6222,16,38737662,78,99,388,5,38737662,99
6223,16,42769800,79,99,388,5,42769800,99
6224,16,42769801,80,99,388,5,42769801,99
6225,16,42769802,81,99,388,5,42769802,99
6226,16,47221640,82,99,388,5,47221640,99
6227,16,47221641,83,99,388,5,47221641,99
6228,16,47221642,84,99,388,5,47221642,99
6229,16,52136868,85,99,388,5,52136868,99
6230,16,52136869,86,99,388,5,52136869,99
6231,16,52136870,87,99,388,5,52136870,99
6232,16,57563717,88,99,388,5,57563717,99
6233,16,57563718,89,99,388,5,57563718,99
6234,16,57563719,90,99,388,5,57563719,99
6235,16,63555442,91,99,388,5,63555442,99
6236,16,63555443,92,99,388,5,63555443,99
6237,16,63555444,93,99,388,5,63555444,99
6238,16,70170839,94,99,388,5,70170839,99
6239,16,70170840,95,99,388,5,70170840,99
6240,16,70170841,96,99,388,5,70170841,99
6241,16,77474827,97,99,388,5,77474827,99
6242,16,77474828,98,99,388,5,77474828,99
6243,16,77474829,99,99,388,5,77474829,99
6244,16,85539081,100,99,388,5,85539081,99
6245,16,85539082,101,99,388,5,85539082,99
6246,16,85539083,102,99,388,5,85539083,99
6247,16,94442736,103,99,388,5,94442736,99
6248,16,94442737,104,99,388,5,94442737,99
6249,16,94442738,105,99,388,5,94442738,99
6250,16,104273166,106,99,388,5,104273166,99
6251,16,104273167,107,99,388,5,104273167,99
6252,16,104273168,108,99,388,5,104273168,99
6253,16,115126837,109,99,388,5,115126837,99
6254,16,115126838,110,99,388,5,115126838,99
6255,16,115126839,111,99,388,5,115126839,99
6256,17,0,112,1,0,1,0,1
6257,17,0,113,1,0,1,0,1
6258,17,0,114,1,0,1,0,1
6259,17,1,115,1,1,1,1,1
6260,17,199999999,116,99,388,5,199999999,99
6261,17,200000000,117,99,388,5,200000000,99
6262,17,200000000,118,99,388,5,200000000,99
6263,17,200000000,119,99,388,5,200000000,99
6264,17,82,120,1,82,1,82,1
6265,17,83,121,2,83,2,83,2
6266,17,84,122,2,84,2,84,2
6267,17,173,123,2,173,2,173,2
6268,17,174,124,3,174,3,174,3
6269,17,175,125,3,175,3,175,3
6270,17,275,126,3,275,3,275,3
6271,17,276,127,4,276,4,276,4
6272,17,277,128,4,277,4,277,4
6273,17,387,129,4,387,4,387,4
6274,17,388,130,5,388,5,388,5
6275,17,389,131,5,388,5,389,5
6276,17,511,132,5,388,5,511,5
6277,17,512,133,6,388,5,512,6
6278,17,513,134,6,388,5,513,6
6279,17,649,135,6,388,5,649,6
6280,17,650,136,7,388,5,650,7
6281,17,651,137,7,388,5,651,7
6282,17,800,138,7,388,5,800,7
6283,17,801,139,8,388,5,801,8
6284,17,802,140,8,388,5,802,8
6285,17,968,141,8,388,5,968,8
6286,17,969,142,9,388,5,969,9
6287,17,970,143,9,388,5,970,9
6288,17,1153,144,9,388,5,1153,9
6289,17,1154,145,10,388,5,1154,10
6290,17,1155,146,10,388,5,1155,10
6291,17,1357,147,10,388,5,1357,10
6292,17,1358,148,11,388,5,1358,11
6293,17,1359,149,11,388,5,1359,11
6294,17,1583,150,11,388,5,1583,11
6295,17,1584,151,12,388,5,1584,12
6296,17,1585,152,12,388,5,1585,12
6297,17,1832,153,12,388,5,1832,12
6298,17,1833,154,13,388,5,1833,13
6299,17,1834,155,13,388,5,1834,13
6300,17,2106,156,13,388,5,2106,13
6301,17,2107,157,14,388,5,2107,14
6302,17,2108,158,14,388,5,2108,14
6303,17,2410,159,14,388,5,2410,14
6304,17,2411,160,15,388,5,2411,15
6305,17,2412,161,15,388,5,2412,15
6306,17,2745,162,15,388,5,2745,15
6307,17,2746,163,16,388,5,2746,16
6308,17,2747,164,16,388,5,2747,16
6309,17,3114,165,16,388,5,3114,16
6310,17,3115,166,17,388,5,3115,17
6311,17,3116,167,17,388,5,3116,17
6312,17,3522,168,17,388,5,3522,17
6313,17,3523,169,18,388,5,3523,18
6314,17,3524,170,18,388,5,3524,18
6315,17,3972,171,18,388,5,3972,18
6316,17,3973,172,19,388,5,3973,19
6317,17,3974,173,19,388,5,3974,19
6318,17,4469,174,19,388,5,4469,19
6319,17,4470,175,20,388,5,4470,20
6320,17,4471,176,20,388,5,4471,20
6321,17,5017,177,20,388,5,5017,20
6322,17,5018,178,21,388,5,5018,21
6323,17,5019,179,21,388,5,5019,21
6324,17,5623,180,21,388,5,5623,21
6325,17,5624,181,22,388,5,5624,22
6326,17,5625,182,22,388,5,5625,22
6327,17,6290,183,22,388,5,6290,22
6328,17,6291,184,23,388,5,6291,23
6329,17,6292,185,23,388,5,6292,23
6330,17,7027,186,23,388,5,7027,23
6331,17,7028,187,24,388,5,7028,24
6332,17,7029,188,24,388,5,7029,24
6333,17,7841,189,24,388,5,7841,24
6334,17,7842,190,25,388,5,7842,25
6335,17,7843,191,25,388,5,7843,25
6336,17,8739,192,25,388,5,8739,25
6337,17,8740,193,26,388,5,8740,26
6338,17,8741,194,26,388,5,8741,26
6339,17,9729,195,26,388,5,9729,26
6340,17,9730,196,27,388,5,9730,27
6341,17,9731,197,27,388,5,9731,27
6342,17,10823,198,27,388,5,10823,27
6343,17,10824,199,28,388,5,10824,28
6344,17,10825,200,28,388,5,10825,28
6345,17,12030,201,28,388,5,12030,28
6346,17,12031,202,29,388,5,12031,29
6347,17,12032,203,29,388,5,12032,29
6348,17,13362,204,29,388,5,13362,29
6349,17,13363,205,30,388,5,13363,30
6350,17,13364,206,30,388,5,13364,30
6351,17,14832,207,30,388,5,14832,30
6352,17,14833,208,31,388,5,14833,31
6353,17,14834,209,31,388,5,14834,31
6354,17,16455,210,31,388,5,16455,31
6355,17,16456,211,32,388,5,16456,32
6356,17,16457,212,32,388,5,16457,32
6357,17,18246,213,32,388,5,18246,32
6358,17,18247,214,33,388,5,18247,33
6359,17,18248,215,33,388,5,18248,33
6360,17,20223,216,33,388,5,20223,33
6361,17,20224,217,34,388,5,20224,34
6362,17,20225,218,34,388,5,20225,34
6363,17,22405,219,34,388,5,22405,34
6364,17,22406,220,35,388,5,22406,35
6365,17,22407,221,35,388,5,22407,35
6366,17,24814,222,35,388,5,24814,35
6367,17,24815,223,36,388,5,24815,36
6368,17,24816,224,36,388,5,24816,36
6369,17,27472,225,36,388,5,27472,36
6370,17,27473,226,37,388,5,27473,37
6371,17,27474,227,37,388,5,27474,37
6372,17,30407,228,37,388,5,30407,37
6373,17,30408,229,38,388,5,30408,38
6374,17,30409,230,38,388,5,30409,38
6375,17,33647,231,38,388,5,33647,38
6376,17,33648,232,39,388,5,33648,39
6377,17,33649,233,39,388,5,33649,39
6378,17,37223,234,39,388,5,37223,39
6379,17,37224,235,40,388,5,37224,40
6380,17,37225,236,40,388,5,37225,40
6381,17,41170,237,40,388,5,41170,40
6382,17,41171,238,41,388,5,41171,41
6383,17,41172,239,41,388,5,41172,41
6384,17,45528,240,41,388,5,45528,41
6385,17,45529,241,42,388,5,45529,42
6386,17,45530,242,42,388,5,45530,42
6387,17,50338,243,42,388,5,50338,42
6388,17,50339,244,43,388,5,50339,43
6389,17,50340,245,43,388,5,50340,43
6390,17,55648,246,43,388,5,55648,43
6391,17,55649,247,44,388,5,55649,44
6392,17,55650,248,44,388,5,55650,44
6393,17,61511,249,44,388,5,61511,44
6394,17,61512,250,45,388,5,61512,45
6395,17,61513,251,45,388,5,61513,45
6396,17,67982,252,45,388,5,67982,45
6397,17,67983,253,46,388,5,67983,46
6398,17,67984,254,46,388,5,67984,46
6399,17,75126,255,46,388,5,75126,46
6400,17,75127,0,47,388,5,75127,47
6401,17,75128,1,47,388,5,75128,47
6402,17,83013,2,47,388,5,83013,47
6403,17,83014,3,48,388,5,83014,48
6404,17,83015,4,48,388,5,83015,48
6405,17,91720,5,48,388,5,91720,48
6406,17,91721,6,49,388,5,91721,49
6407,17,91722,7,49,388,5,91722,49
6408,17,101332,8,49,388,5,101332,49
6409,17,101333,9,50,388,5,101333,50
6410,17,101334,10,50,388,5,101334,50
6411,17,111944,11,50,388,5,111944,50
6412,17,111945,12,51,388,5,111945,51
6413,17,111946,13,51,388,5,111946,51
6414,17,123659,14,51,388,5,123659,51
6415,17,123660,15,52,388,5,123660,52
6416,17,123661,16,52,388,5,123661,52
6417,17,136593,17,52,388,5,136593,52
6418,17,136594,18,53,388,5,136594,53
6419,17,136595,19,53,388,5,136595,53
6420,17,150871,20,53,388,5,150871,53
6421,17,150872,21,54,388,5,150872,54
6422,17,150873,22,54,388,5,150873,54
6423,17,166635,23,54,388,5,166635,54
6424,17,166636,24,55,388,5,166636,55
6425,17,166637,25,55,388,5,166637,55
6426,17,184039,26,55,388,5,184039,55
6427,17,184040,27,56,388,5,184040,56
6428,17,184041,28,56,388,5,184041,56
6429,17,203253,29,56,388,5,203253,56
6430,17,203254,30,57,388,5,203254,57
6431,17,203255,31,57,388,5,203255,57
6432,17,224465,32,57,388,5,224465,57
6433,17,224466,33,58,388,5,224466,58
6434,17,224467,34,58,388,5,224467,58
6435,17,247885,35,58,388,5,247885,58
6436,17,247886,36,59,388,5,247886,59
6437,17,247887,37,59,388,5,247887,59
6438,17,273741,38,59,388,5,273741,59
6439,17,273742,39,60,388,5,273742,60
6440,17,273743,40,60,388,5,273743,60
6441,17,302287,41,60,388,5,302287,60
6442,17,302288,42,61,388,5,302288,61
6443,17,302289,43,61,388,5,302289,61
6444,17,333803,44,61,388,5,333803,61
6445,17,333804,45,62,388,5,333804,62
6446,17,333805,46,62,388,5,333805,62
6447,17,368598,47,62,388,5,368598,62
6448,17,368599,48,63,388,5,368599,63
6449,17,368600,49,63,388,5,368600,63
6450,17,407014,50,63,388,5,407014,63
6451,17,407015,51,64,388,5,407015,64
6452,17,407016,52,64,388,5,407016,64
6453,17,449427,53,64,388,5,449427,64
6454,17,449428,54,65,388,5,449428,65
6455,17,449429,55,65,388,5,449429,65
6456,17,496253,56,65,388,5,496253,65
6457,17,496254,57,66,388,5,496254,66
6458,17,496255,58,66,388,5,496255,66
6459,17,547952,59,66,388,5,547952,66
6460,17,547953,60,67,388,5,547953,67
6461,17,547954,61,67,388,5,547954,67
6462,17,605031,62,67,388,5,605031,67
6463,17,605032,63,68,388,5,605032,68
6464,17,605033,64,68,388,5,605033,68
6465,17,668050,65,68,388,5,668050,68
6466,17,668051,66,69,388,5,668051,69
6467,17,668052,67,69,388,5,668052,69
6468,17,737626,68,69,388,5,737626,69
6469,17,737627,69,70,388,5,737627,70
6470,17,737628,70,70,388,5,737628,70
6471,17,814444,71,70,388,5,814444,70
6472,17,814445,72,71,388,5,814445,71
6473,17,814446,73,71,388,5,814446,71
6474,17,899256,74,71,388,5,899256,71
6475,17,899257,75,72,388,5,899257,72
6476,17,899258,76,72,388,5,899258,72
6477,17,992894,77,72,388,5,992894,72
6478,17,992895,78,73,388,5,992895,73
6479,17,992896,79,73,388,5,992896,73
6480,17,1096277,80,73,388,5,1096277,73
6481,17,1096278,81,74,388,5,1096278,74
6482,17,1096279,82,74,388,5,1096279,74
6483,17,1210420,83,74,388,5,1210420,74
6484,17,1210421,84,75,388,5,1210421,75
6485,17,1210422,85,75,388,5,1210422,75
6486,17,1336442,86,75,388,5,1336442,75
6487,17,1336443,87,76,388,5,1336443,76
6488,17,1336444,88,76,388,5,1336444,76
6489,17,1475580,89,76,388,5,1475580,76
6490,17,1475581,90,77,388,5,1475581,77
6491,17,1475582,91,77,388,5,1475582,77
6492,17,1629199,92,77,388,5,1629199,77
6493,17,1629200,93,78,388,5,1629200,78
6494,17,1629201,94,78,388,5,1629201,78
6495,17,1798807,95,78,388,5,1798807,78
6496,17,1798808,96,79,388,5,1798808,79
6497,17,1798809,97,79,388,5,1798809,79
6498,17,1986067,98,79,388,5,1986067,79
6499,17,1986068,99,80,388,5,1986068,80
6500,17,1986069,100,80,388,5,1986069,80
6501,17,2192817,101,80,388,5,2192817,80
6502,17,2192818,102,81,388,5,2192818,81
6503,17,2192819,103,81,388,5,2192819,81
6504,17,2421086,104,81,388,5,2421086,81
6505,17,2421087,105,82,388,5,2421087,82
6506,17,2421088,106,82,388,5,2421088,82
6507,17,2673113,107,82,388,5,2673113,82
6508,17,2673114,108,83,388,5,2673114,83
6509,17,2673115,109,83,388,5,2673115,83
6510,17,2951372,110,83,388,5,2951372,83
6511,17,2951373,111,84,388,5,2951373,84
6512,17,2951374,112,84,388,5,2951374,84
6513,17,3258593,113,84,388,5,3258593,84
6514,17,3258594,114,85,388,5,3258594,85
6515,17,3258595,115,85,388,5,3258595,85
6516,17,3597791,116,85,388,5,3597791,85
6517,17,3597792,117,86,388,5,3597792,86
6518,17,3597793,118,86,388,5,3597793,86
6519,17,3972293,119,86,388,5,3972293,86
6520,17,3972294,120,87,388,5,3972294,87
6521,17,3972295,121,87,388,5,3972295,87
6522,17,4385775,122,87,388,5,4385775,87
6523,17,4385776,123,88,388,5,4385776,88
6524,17,4385777,124,88,388,5,4385777,88
6525,17,4842294,125,88,388,5,4842294,88
6526,17,4842295,126,89,388,5,4842295,89
6527,17,4842296,127,89,388,5,4842296,89
6528,17,5346331,128,89,388,5,5346331,89
6529,17,5346332,129,90,388,5,5346332,90
6530,17,5346333,130,90,388,5,5346333,90
6531,17,5902830,131,90,388,5,5902830,90
6532,17,5902831,132,91,388,5,5902831,91
6533,17,5902832,133,91,388,5,5902832,91
6534,17,6517252,134,91,388,5,6517252,91
6535,17,6517253,135,92,388,5,6517253,92
6536,17,6517254,136,92,388,5,6517254,92
6537,17,7195628,137,92,388,5,7195628,92
6538,17,7195629,138,93,388,5,7195629,93
6539,17,7195630,139,93,388,5,7195630,93
6540,17,7944613,140,93,388,5,7944613,93
6541,17,7944614,141,94,388,5,7944614,94
6542,17,7944615,142,94,388,5,7944615,94
6543,17,8771557,143,94,388,5,8771557,94
6544,17,8771558,144,95,388,5,8771558,95
6545,17,8771559,145,95,388,5,8771559,95
6546,17,9684576,146,95,388,5,9684576,95
6547,17,9684577,147,96,388,5,9684577,96
6548,17,9684578,148,96,388,5,9684578,96
6549,17,10692628,149,96,388,5,10692628,96
6550,17,10692629,150,97,388,5,10692629,97
6551,17,10692630,151,97,388,5,10692630,97
6552,17,11805605,152,97,388,5,11805605,97
6553,17,11805606,153,98,388,5,11805606,98
6554,17,11805607,154,98,388,5,11805607,98
6555,17,13034430,155,98,388,5,13034430,98
6556,17,13034431,156,99,388,5,13034431,99
6557,17,13034432,157,99,388,5,13034432,99
6558,17,14391159,158,99,388,5,14391159,99
6559,17,14391160,159,99,388,5,14391160,99
6560,17,14391161,160,99,388,5,14391161,99
6561,17,15889108,161,99,388,5,15889108,99
6562,17,15889109,162,99,388,5,15889109,99
6563,17,15889110,163,99,388,5,15889110,99
6564,17,17542975,164,99,388,5,17542975,99
6565,17,17542976,165,99,388,5,17542976,99
6566,17,17542977,166,99,388,5,17542977,99
6567,17,19368991,167,99,388,5,19368991,99
6568,17,19368992,168,99,388,5,19368992,99
6569,17,19368993,169,99,388,5,19368993,99
6570,17,21385072,170,99,388,5,21385072,99
6571,17,21385073,171,99,388,5,21385073,99
6572,17,21385074,172,99,388,5,21385074,99
6573,17,23611005,173,99,388,5,23611005,99
6574,17,23611006,174,99,388,5,23611006,99
6575,17,23611007,175,99,388,5,23611007,99
6576,17,26068631,176,99,388,5,26068631,99
6577,17,26068632,177,99,388,5,26068632,99
6578,17,26068633,178,99,388,5,26068633,99
6579,17,28782068,179,99,388,5,28782068,99
6580,17,28782069,180,99,388,5,28782069,99
6581,17,28782070,181,99,388,5,28782070,99
6582,17,31777942,182,99,388,5,31777942,99
6583,17,31777943,183,99,388,5,31777943,99
6584,17,31777944,184,99,388,5,31777944,99
6585,17,35085653,185,99,388,5,35085653,99
6586,17,35085654,186,99,388,5,35085654,99
6587,17,35085655,187,99,388,5,35085655,99
6588,17,38737660,188,99,388,5,38737660,99
6589,17,38737661,189,99,388,5,38737661,99
6590,17,38737662,190,99,388,5,38737662,99
6591,17,42769800,191,99,388,5,42769800,99
6592,17,42769801,192,99,388,5,42769801,99
6593,17,42769802,193,99,388,5,42769802,99
6594,17,47221640,194,99,388,5,47221640,99
6595,17,47221641,195,99,388,5,47221641,99
6596,17,47221642,196,99,388,5,47221642,99
6597,17,52136868,197,99,388,5,52136868,99
6598,17,52136869,198,99,388,5,52136869,99
6599,17,52136870,199,99,388,5,52136870,99
6600,17,57563717,200,99,388,5,57563717,99
6601,17,57563718,201,99,388,5,57563718,99
6602,17,57563719,202,99,388,5,57563719,99
6603,17,63555442,203,99,388,5,63555442,99
6604,17,63555443,204,99,388,5,63555443,99
6605,17,63555444,205,99,388,5,63555444,99
6606,17,70170839,206,99,388,5,70170839,99
6607,17,70170840,207,99,388,5,70170840,99
6608,17,70170841,208,99,388,5,70170841,99
6609,17,77474827,209,99,388,5,77474827,99
6610,17,77474828,210,99,388,5,77474828,99
6611,17,77474829,211,99,388,5,77474829,99
6612,17,85539081,212,99,388,5,85539081,99
6613,17,85539082,213,99,388,5,85539082,99
6614,17,85539083,214,99,388,5,85539083,99
6615,17,94442736,215,99,388,5,94442736,99
6616,17,94442737,216,99,388,5,94442737,99
6617,17,94442738,217,99,388,5,94442738,99
6618,17,104273166,218,99,388,5,104273166,99
6619,17,104273167,219,99,388,5,104273167,99
6620,17,104273168,220,99,388,5,104273168,99
6621,17,115126837,221,99,388,5,115126837,99
6622,17,115126838,222,99,388,5,115126838,99
6623,17,115126839,223,99,388,5,115126839,99
6624,18,0,224,1,0,1,0,1
6625,18,0,225,1,0,1,0,1
6626,18,0,226,1,0,1,0,1
6627,18,1,227,1,1,1,1,1
6628,18,199999999,228,120,388,5,199999999,120
6629,18,200000000,229,120,388,5,200000000,120
6630,18,200000000,230,120,388,5,200000000,120
6631,18,200000000,231,120,388,5,200000000,120
6632,18,82,232,1,82,1,82,1
6633,18,83,233,2,83,2,83,2
6634,18,84,234,2,84,2,84,2
6635,18,173,235,2,173,2,173,2
6636,18,174,236,3,174,3,174,3
6637,18,175,237,3,175,3,175,3
6638,18,275,238,3,275,3,275,3
6639,18,276,239,4,276,4,276,4
6640,18,277,240,4,277,4,277,4
6641,18,387,241,4,387,4,387,4
6642,18,388,242,5,388,5,388,5
6643,18,389,243,5,388,5,389,5
6644,18,511,244,5,388,5,511,5
6645,18,512,245,6,388,5,512,6
6646,18,513,246,6,388,5,513,6
6647,18,649,247,6,388,5,649,6
6648,18,650,248,7,388,5,650,7
6649,18,651,249,7,388,5,651,7
6650,18,800,250,7,388,5,800,7
6651,18,801,251,8,388,5,801,8
6652,18,802,252,8,388,5,802,8
6653,18,968,253,8,388,5,968,8
6654,18,969,254,9,388,5,969,9
6655,18,970,255,9,388,5,970,9
6656,18,1153,0,9,388,5,1153,9
6657,18,1154,1,10,388,5,1154,10
6658,18,1155,2,10,388,5,1155,10
6659,18,1357,3,10,388,5,1357,10
6660,18,1358,4,11,388,5,1358,11
6661,18,1359,5,11,388,5,1359,11
6662,18,1583,6,11,388,5,1583,11
6663,18,1584,7,12,388,5,1584,12
6664,18,1585,8,12,388,5,1585,12
6665,18,1832,9,12,388,5,1832,12
6666,18,1833,10,13,388,5,1833,13
6667,18,1834,11,13,388,5,1834,13
6668,18,2106,12,13,388,5,2106,13
6669,18,2107,13,14,388,5,2107,14
6670,18,2108,14,14,388,5,2108,14
6671,18,2410,15,14,388,5,2410,14
6672,18,2411,16,15,388,5,2411,15
6673,18,2412,17,15,388,5,2412,15
6674,18,2745,18,15,388,5,2745,15
6675,18,2746,19,16,388,5,2746,16
6676,18,2747,20,16,388,5,2747,16
6677,18,3114,21,16,388,5,3114,16
6678,18,3115,22,17,388,5,3115,17
6679,18,3116,23,17,388,5,3116,17
6680,18,3522,24,17,388,5,3522,17
6681,18,3523,25,18,388,5,3523,18
6682,18,3524,26,18,388,5,3524,18
6683,18,3972,27,18,388,5,3972,18
6684,18,3973,28,19,388,5,3973,19
6685,18,3974,29,19,388,5,3974,19
6686,18,4469,30,19,388,5,4469,19
6687,18,4470,31,20,388,5,4470,20
6688,18,4471,32,20,388,5,4471,20
6689,18,5017,33,20,388,5,5017,20
6690,18,5018,34,21,388,5,5018,21
6691,18,5019,35,21,388,5,5019,21
6692,18,5623,36,21,388,5,5623,21
6693,18,5624,37,22,388,5,5624,22
6694,18,5625,38,22,388,5,5625,22
6695,18,6290,39,22,388,5,6290,22
6696,18,6291,40,23,388,5,6291,23
6697,18,6292,41,23,388,5,6292,23
6698,18,7027,42,23,388,5,7027,23
6699,18,7028,43,24,388,5,7028,24
6700,18,7029,44,24,388,5,7029,24
6701,18,7841,45,24,388,5,7841,24
6702,18,7842,46,25,388,5,7842,25
6703,18,7843,47,25,388,5,7843,25
6704,18,8739,48,25,388,5,8739,25
6705,18,8740,49,26,388,5,8740,26
6706,18,8741,50,26,388,5,8741,26
6707,18,9729,51,26,388,5,9729,26
6708,18,9730,52,27,388,5,9730,27
6709,18,9731,53,27,388,5,9731,27
6710,18,10823,54,27,388,5,10823,27
6711,18,10824,55,28,388,5,10824,28
6712,18,10825,56,28,388,5,10825,28
6713,18,12030,57,28,388,5,12030,28
6714,18,12031,58,29,388,5,12031,29
6715,18,12032,59,29,388,5,12032,29
6716,18,13362,60,29,388,5,13362,29
6717,18,13363,61,30,388,5,13363,30
6718,18,13364,62,30,388,5,13364,30
6719,18,14832,63,30,388,5,14832,30
6720,18,14833,64,31,388,5,14833,31
6721,18,14834,65,31,388,5,14834,31
6722,18,16455,66,31,388,5,16455,31
6723,18,16456,67,32,388,5,16456,32
6724,18,16457,68,32,388,5,16457,32
6725,18,18246,69,32,388,5,18246,32
6726,18,18247,70,33,388,5,18247,33
6727,18,18248,71,33,388,5,18248,33
6728,18,20223,72,33,388,5,20223,33
6729,18,20224,73,34,388,5,20224,34
6730,18,20225,74,34,388,5,20225,34
6731,18,22405,75,34,388,5,22405,34
6732,18,22406,76,35,388,5,22406,35
6733,18,22407,77,35,388,5,22407,35
6734,18,24814,78,35,388,5,24814,35
6735,18,24815,79,36,388,5,24815,36
6736,18,24816,80,36,388,5,24816,36
6737,18,27472,81,36,388,5,27472,36
6738,18,27473,82,37,388,5,27473,37
6739,18,27474,83,37,388,5,27474,37
6740,18,30407,84,37,388,5,30407,37
6741,18,30408,85,38,388,5,30408,38
6742,18,30409,86,38,388,5,30409,38
6743,18,33647,87,38,388,5,33647,38
6744,18,33648,88,39,388,5,33648,39
6745,18,33649,89,39,388,5,33649,39
6746,18,37223,90,39,388,5,37223,39
6747,18,37224,91,40,388,5,37224,40
6748,18,37225,92,40,388,5,37225,40
6749,18,41170,93,40,388,5,41170,40
6750,18,41171,94,41,388,5,41171,41
6751,18,41172,95,41,388,5,41172,41
6752,18,45528,96,41,388,5,45528,41
6753,18,45529,97,42,388,5,45529,42
6754,18,45530,98,42,388,5,45530,42
6755,18,50338,99,42,388,5,50338,42
6756,18,50339,100,43,388,5,50339,43
6757,18,50340,101,43,388,5,50340,43
6758,18,55648,102,43,388,5,55648,43
6759,18,55649,103,44,388,5,55649,44
6760,18,55650,104,44,388,5,55650,44
6761,18,61511,105,44,388,5,61511,44
6762,18,61512,106,45,388,5,61512,45
6763,18,61513,107,45,388,5,61513,45
6764,18,67982,108,45,388,5,67982,45
6765,18,67983,109,46,388,5,67983,46
6766,18,67984,110,46,388,5,67984,46
6767,18,75126,111,46,388,5,75126,46
6768,18,75127,112,47,388,5,75127,47
6769,18,75128,113,47,388,5,75128,47
6770,18,83013,114,47,388,5,83013,47
6771,18,83014,115,48,388,5,83014,48
6772,18,83015,116,48,388,5,83015,48
6773,18,91720,117,48,388,5,91720,48
6774,18,91721,118,49,388,5,91721,49
6775,18,91722,119,49,388,5,91722,49
6776,18,101332,120,49,388,5,101332,49
6777,18,101333,121,50,388,5,101333,50
6778,18,101334,122,50,388,5,101334,50
6779,18,111944,123,50,388,5,111944,50
6780,18,111945,124,51,388,5,111945,51
6781,18,111946,125,51,388,5,111946,51
6782,18,123659,126,51,388,5,123659,51
6783,18,123660,127,52,388,5,123660,52
6784,18,123661,128,52,388,5,123661,52
6785,18,136593,129,52,388,5,136593,52
6786,18,136594,130,53,388,5,136594,53
6787,18,136595,131,53,388,5,136595,53
6788,18,150871,132,53,388,5,150871,53
6789,18,150872,133,54,388,5,150872,54
6790,18,150873,134,54,388,5,150873,54
6791,18,166635,135,54,388,5,166635,54
6792,18,166636,136,55,388,5,166636,55
6793,18,166637,137,55,388,5,166637,55
6794,18,184039,138,55,388,5,184039,55
6795,18,184040,139,56,388,5,184040,56
6796,18,184041,140,56,388,5,184041,56
6797,18,203253,141,56,388,5,203253,56
6798,18,203254,142,57,388,5,203254,57
6799,18,203255,143,57,388,5,203255,57
6800,18,224465,144,57,388,5,224465,57
6801,18,224466,145,58,388,5,224466,58
6802,18,224467,146,58,388,5,224467,58
6803,18,247885,147,58,388,5,247885,58
6804,18,247886,148,59,388,5,247886,59
6805,18,247887,149,59,388,5,247887,59
6806,18,273741,150,59,388,5,273741,59
6807,18,273742,151,60,388,5,273742,60
6808,18,273743,152,60,388,5,273743,60
6809,18,302287,153,60,388,5,302287,60
6810,18,302288,154,61,388,5,302288,61
6811,18,302289,155,61,388,5,302289,61
6812,18,333803,156,61,388,5,333803,61
6813,18,333804,157,62,388,5,333804,62
6814,18,333805,158,62,388,5,333805,62
6815,18,368598,159,62,388,5,368598,62
6816,18,368599,160,63,388,5,368599,63
6817,18,368600,161,63,388,5,368600,63
6818,18,407014,162,63,388,5,407014,63
6819,18,407015,163,64,388,5,407015,64
6820,18,407016,164,64,388,5,407016,64
6821,18,449427,165,64,388,5,449427,64
6822,18,449428,166,65,388,5,449428,65
6823,18,449429,167,65,388,5,449429,65
6824,18,496253,168,65,388,5,496253,65
6825,18,496254,169,66,388,5,496254,66
6826,18,496255,170,66,388,5,496255,66
6827,18,547952,171,66,388,5,547952,66
6828,18,547953,172,67,388,5,547953,67
6829,18,547954,173,67,388,5,547954,67
6830,18,605031,174,67,388,5,605031,67
6831,18,605032,175,68,388,5,605032,68
6832,18,605033,176,68,388,5,605033,68
6833,18,668050,177,68,388,5,668050,68
6834,18,668051,178,69,388,5,668051,69
6835,18,668052,179,69,388,5,668052,69
6836,18,737626,180,69,388,5,737626,69
6837,18,737627,181,70,388,5,737627,70
6838,18,737628,182,70,388,5,737628,70
6839,18,814444,183,70,388,5,814444,70
6840,18,814445,184,71,388,5,814445,71
6841,18,814446,185,71,388,5,814446,71
6842,18,899256,186,71,388,5,899256,71
6843,18,899257,187,72,388,5,899257,72
6844,18,899258,188,72,388,5,899258,72
6845,18,992894,189,72,388,5,992894,72
6846,18,992895,190,73,388,5,992895,73
6847,18,992896,191,73,388,5,992896,73
6848,18,1096277,192,73,388,5,1096277,73
6849,18,1096278,193,74,388,5,1096278,74
6850,18,1096279,194,74,388,5,1096279,74
6851,18,1210420,195,74,388,5,1210420,74
6852,18,1210421,196,75,388,5,1210421,75
6853,18,1210422,197,75,388,5,1210422,75
6854,18,1336442,198,75,388,5,1336442,75
6855,18,1336443,199,76,388,5,1336443,76
6856,18,1336444,200,76,388,5,1336444,76
6857,18,1475580,201,76,388,5,1475580,76
6858,18,1475581,202,77,388,5,1475581,77
6859,18,1475582,203,77,388,5,1475582,77
6860,18,1629199,204,77,388,5,1629199,77
6861,18,1629200,205,78,388,5,1629200,78
6862,18,1629201,206,78,388,5,1629201,78
6863,18,1798807,207,78,388,5,1798807,78
6864,18,1798808,208,79,388,5,1798808,79
6865,18,1798809,209,79,388,5,1798809,79
6866,18,1986067,210,79,388,5,1986067,79
6867,18,1986068,211,80,388,5,1986068,80
6868,18,1986069,212,80,388,5,1986069,80
6869,18,2192817,213,80,388,5,2192817,80
6870,18,2192818,214,81,388,5,2192818,81
6871,18,2192819,215,81,388,5,2192819,81
6872,18,2421086,216,81,388,5,2421086,81
6873,18,2421087,217,82,388,5,2421087,82
6874,18,2421088,218,82,388,5,2421088,82
6875,18,2673113,219,82,388,5,2673113,82
6876,18,2673114,220,83,388,5,2673114,83
6877,18,2673115,221,83,388,5,2673115,83
6878,18,2951372,222,83,388,5,2951372,83
6879,18,2951373,223,84,388,5,2951373,84
6880,18,2951374,224,84,388,5,2951374,84
6881,18,3258593,225,84,388,5,3258593,84
6882,18,3258594,226,85,388,5,3258594,85
6883,18,3258595,227,85,388,5,3258595,85
6884,18,3597791,228,85,388,5,3597791,85
6885,18,3597792,229,86,388,5,3597792,86
6886,18,3597793,230,86,388,5,3597793,86
6887,18,3972293,231,86,388,5,3972293,86
6888,18,3972294,232,87,388,5,3972294,87
6889,18,3972295,233,87,388,5,3972295,87
6890,18,4385775,234,87,388,5,4385775,87
6891,18,4385776,235,88,388,5,4385776,88
6892,18,4385777,236,88,388,5,4385777,88
6893,18,4842294,237,88,388,5,4842294,88
6894,18,4842295,238,89,388,5,4842295,89
6895,18,4842296,239,89,388,5,4842296,89
6896,18,5346331,240,89,388,5,5346331,89
6897,18,5346332,241,90,388,5,5346332,90
6898,18,5346333,242,90,388,5,5346333,90
6899,18,5902830,243,90,388,5,5902830,90
6900,18,5902831,244,91,388,5,5902831,91
6901,18,5902832,245,91,388,5,5902832,91
6902,18,6517252,246,91,388,5,6517252,91
6903,18,6517253,247,92,388,5,6517253,92
6904,18,6517254,248,92,388,5,6517254,92
6905,18,7195628,249,92,388,5,7195628,92
6906,18,7195629,250,93,388,5,7195629,93
6907,18,7195630,251,93,388,5,7195630,93
6908,18,7944613,252,93,388,5,7944613,93
6909,18,7944614,253,94,388,5,7944614,94
6910,18,7944615,254,94,388,5,7944615,94
6911,18,8771557,255,94,388,5,8771557,94
6912,18,8771558,0,95,388,5,8771558,95
6913,18,8771559,1,95,388,5,8771559,95
6914,18,9684576,2,95,388,5,9684576,95
6915,18,9684577,3,96,388,5,9684577,96
6916,18,9684578,4,96,388,5,9684578,96
6917,18,10692628,5,96,388,5,10692628,96
6918,18,10692629,6,97,388,5,10692629,97
6919,18,10692630,7,97,388,5,10692630,97
6920,18,11805605,8,97,388,5,11805605,97
6921,18,11805606,9,98,388,5,11805606,98
6922,18,11805607,10,98,388,5,11805607,98
6923,18,13034430,11,98,388,5,13034430,98
6924,18,13034431,12,99,388,5,13034431,99
6925,18,13034432,13,99,388,5,13034432,99
6926,18,14391159,14,99,388,5,14391159,99
6927,18,14391160,15,100,388,5,14391160,100
6928,18,14391161,16,100,388,5,14391161,100
6929,18,15889108,17,100,388,5,15889108,100
6930,18,15889109,18,101,388,5,15889109,101
6931,18,15889110,19,101,388,5,15889110,101
6932,18,17542975,20,101,388,5,17542975,101
6933,18,17542976,21,102,388,5,17542976,102
6934,18,17542977,22,102,388,5,17542977,102
6935,18,19368991,23,102,388,5,19368991,102
6936,18,19368992,24,103,388,5,19368992,103
6937,18,19368993,25,103,388,5,19368993,103
6938,18,21385072,26,103,388,5,21385072,103
6939,18,21385073,27,104,388,5,21385073,104
6940,18,21385074,28,104,388,5,21385074,104
6941,18,23611005,29,104,388,5,23611005,104
6942,18,23611006,30,105,388,5,23611006,105
6943,18,23611007,31,105,388,5,23611007,105
6944,18,26068631,32,105,388,5,26068631,105
6945,18,26068632,33,106,388,5,26068632,106
6946,18,26068633,34,106,388,5,26068633,106
6947,18,28782068,35,106,388,5,28782068,106
6948,18,28782069,36,107,388,5,28782069,107
6949,18,28782070,37,107,388,5,28782070,107
6950,18,31777942,38,107,388,5,31777942,107
6951,18,31777943,39,108,388,5,31777943,108
6952,18,31777944,40,108,388,5,31777944,108
6953,18,35085653,41,108,388,5,35085653,108
6954,18,35085654,42,109,388,5,35085654,109
6955,18,35085655,43,109,388,5,35085655,109
6956,18,38737660,44,109,388,5,38737660,109
6957,18,38737661,45,110,388,5,38737661,110
6958,18,38737662,46,110,388,5,38737662,110
6959,18,42769800,47,110,388,5,42769800,110
6960,18,42769801,48,111,388,5,42769801,111
6961,18,42769802,49,111,388,5,42769802,111
6962,18,47221640,50,111,388,5,47221640,111
6963,18,47221641,51,112,388,5,47221641,112
6964,18,47221642,52,112,388,5,47221642,112
6965,18,52136868,53,112,388,5,52136868,112
6966,18,52136869,54,113,388,5,52136869,113
6967,18,52136870,55,113,388,5,52136870,113
6968,18,57563717,56,113,388,5,57563717,113
6969,18,57563718,57,114,388,5,57563718,114
6970,18,57563719,58,114,388,5,57563719,114
6971,18,63555442,59,114,388,5,63555442,114
6972,18,63555443,60,115,388,5,63555443,115
6973,18,63555444,61,115,388,5,63555444,115
6974,18,70170839,62,115,388,5,70170839,115
6975,18,70170840,63,116,388,5,70170840,116
6976,18,70170841,64,116,388,5,70170841,116
6977,18,77474827,65,116,388,5,77474827,116
6978,18,77474828,66,117,388,5,77474828,117
6979,18,77474829,67,117,388,5,77474829,117
6980,18,85539081,68,117,388,5,85539081,117
6981,18,85539082,69,118,388,5,85539082,118
6982,18,85539083,70,118,388,5,85539083,118
6983,18,94442736,71,118,388,5,94442736,118
6984,18,94442737,72,119,388,5,94442737,119
6985,18,94442738,73,119,388,5,94442738,119
6986,18,104273166,74,119,388,5,104273166,119
6987,18,104273167,75,120,388,5,104273167,120
6988,18,104273168,76,120,388,5,104273168,120
6989,18,115126837,77,120,388,5,115126837,120
6990,18,115126838,78,120,388,5,115126838,120
6991,18,115126839,79,120,388,5,115126839,120
6992,19,0,80,1,0,1,0,1
6993,19,0,81,1,0,1,0,1
6994,19,0,82,1,0,1,0,1
6995,19,1,83,1,1,1,1,1
6996,19,199999999,84,120,388,5,199999999,120
6997,19,200000000,85,120,388,5,200000000,120
6998,19,200000000,86,120,388,5,200000000,120
6999,19,200000000,87,120,388,5,200000000,120
7000,19,82,88,1,82,1,82,1
7001,19,83,89,2,83,2,83,2
7002,19,84,90,2,84,2,84,2
7003,19,173,91,2,173,2,173,2
7004,19,174,92,3,174,3,174,3
7005,19,175,93,3,175,3,175,3
7006,19,275,94,3,275,3,275,3
7007,19,276,95,4,276,4,276,4
7008,19,277,96,4,277,4,277,4
7009,19,387,97,4,387,4,387,4
7010,19,388,98,5,388,5,388,5
7011,19,389,99,5,388,5,389,5
7012,19,511,100,5,388,5,511,5
7013,19,512,101,6,388,5,512,6
7014,19,513,102,6,388,5,513,6
7015,19,649,103,6,388,5,649,6
7016,19,650,104,7,388,5,650,7
7017,19,651,105,7,388,5,651,7
7018,19,800,106,7,388,5,800,7
7019,19,801,107,8,388,5,801,8
7020,19,802,108,8,388,5,802,8
7021,19,968,109,8,388,5,968,8
7022,19,969,110,9,388,5,969,9
7023,19,970,111,9,388,5,970,9
7024,19,1153,112,9,388,5,1153,9
7025,19,1154,113,10,388,5,1154,10
7026,19,1155,114,10,388,5,1155,10
7027,19,1357,115,10,388,5,1357,10
7028,19,1358,116,11,388,5,1358,11
7029,19,1359,117,11,388,5,1359,11
7030,19,1583,118,11,388,5,1583,11
7031,19,1584,119,12,388,5,1584,12
7032,19,1585,120,12,388,5,1585,12
7033,19,1832,121,12,388,5,1832,12
7034,19,1833,122,13,388,5,1833,13
7035,19,1834,123,13,388,5,1834,13
7036,19,2106,124,13,388,5,2106,13
7037,19,2107,125,14,388,5,2107,14
7038,19,2108,126,14,388,5,2108,14
7039,19,2410,127,14,388,5,2410,14
7040,19,2411,128,15,388,5,2411,15
7041,19,2412,129,15,388,5,2412,15
7042,19,2745,130,15,388,5,2745,15
7043,19,2746,131,16,388,5,2746,16
7044,19,2747,132,16,388,5,2747,16
7045,19,3114,133,16,388,5,3114,16
7046,19,3115,134,17,388,5,3115,17
7047,19,3116,135,17,388,5,3116,17
7048,19,3522,136,17,388,5,3522,17
7049,19,3523,137,18,388,5,3523,18
7050,19,3524,138,18,388,5,3524,18
7051,19,3972,139,18,388,5,3972,18
7052,19,3973,140,19,388,5,3973,19
7053,19,3974,141,19,388,5,3974,19
7054,19,4469,142,19,388,5,4469,19
7055,19,4470,143,20,388,5,4470,20
7056,19,4471,144,20,388,5,4471,20
7057,19,5017,145,20,388,5,5017,20
7058,19,5018,146,21,388,5,5018,21
7059,19,5019,147,21,388,5,5019,21
7060,19,5623,148,21,388,5,5623,21
7061,19,5624,149,22,388,5,5624,22
7062,19,5625,150,22,388,5,5625,22
7063,19,6290,151,22,388,5,6290,22
7064,19,6291,152,23,388,5,6291,23
7065,19,6292,153,23,388,5,6292,23
7066,19,7027,154,23,388,5,7027,23
7067,19,7028,155,24,388,5,7028,24
7068,19,7029,156,24,388,5,7029,24
7069,19,7841,157,24,388,5,7841,24
7070,19,7842,158,25,388,5,7842,25
7071,19,7843,159,25,388,5,7843,25
7072,19,8739,160,25,388,5,8739,25
7073,19,8740,161,26,388,5,8740,26
7074,19,8741,162,26,388,5,8741,26
7075,19,9729,163,26,388,5,9729,26
7076,19,9730,164,27,388,5,9730,27
7077,19,9731,165,27,388,5,9731,27
7078,19,10823,166,27,388,5,10823,27
7079,19,10824,167,28,388,5,10824,28
7080,19,10825,168,28,388,5,10825,28
7081,19,12030,169,28,388,5,12030,28
7082,19,12031,170,29,388,5,12031,29
7083,19,12032,171,29,388,5,12032,29
7084,19,13362,172,29,388,5,13362,29
7085,19,13363,173,30,388,5,13363,30
7086,19,13364,174,30,388,5,13364,30
7087,19,14832,175,30,388,5,14832,30
7088,19,14833,176,31,388,5,14833,31
7089,19,14834,177,31,388,5,14834,31
7090,19,16455,178,31,388,5,16455,31
7091,19,16456,179,32,388,5,16456,32
7092,19,16457,180,32,388,5,16457,32
7093,19,18246,181,32,388,5,18246,32
7094,19,18247,182,33,388,5,18247,33
7095,19,18248,183,33,388,5,18248,33
7096,19,20223,184,33,388,5,20223,33
7097,19,20224,185,34,388,5,20224,34
7098,19,20225,186,34,388,5,20225,34
7099,19,22405,187,34,388,5,22405,34
7100,19,22406,188,35,388,5,22406,35
7101,19,22407,189,35,388,5,22407,35
7102,19,24814,190,35,388,5,24814,35
7103,19,24815,191,36,388,5,24815,36
7104,19,24816,192,36,388,5,24816,36
7105,19,27472,193,36,388,5,27472,36
7106,19,27473,194,37,388,5,27473,37
7107,19,27474,195,37,388,5,27474,37
7108,19,30407,196,37,388,5,30407,37
7109,19,30408,197,38,388,5,30408,38
7110,19,30409,198,38,388,5,30409,38
7111,19,33647,199,38,388,5,33647,38
7112,19,33648,200,39,388,5,33648,39
7113,19,33649,201,39,388,5,33649,39
7114,19,37223,202,39,388,5,37223,39
7115,19,37224,203,40,388,5,37224,40
7116,19,37225,204,40,388,5,37225,40
7117,19,41170,205,40,388,5,41170,40
7118,19,41171,206,41,388,5,41171,41
7119,19,41172,207,41,388,5,41172,41
7120,19,45528,208,41,388,5,45528,41
7121,19,45529,209,42,388,5,45529,42
7122,19,45530,210,42,388,5,45530,42
7123,19,50338,211,42,388,5,50338,42
7124,19,50339,212,43,388,5,50339,43
7125,19,50340,213,43,388,5,50340,43
7126,19,55648,214,43,388,5,55648,43
7127,19,55649,215,44,388,5,55649,44
7128,19,55650,216,44,388,5,55650,44
7129,19,61511,217,44,388,5,61511,44
7130,19,61512,218,45,388,5,61512,45
7131,19,61513,219,45,388,5,61513,45
7132,19,67982,220,45,388,5,67982,45
7133,19,67983,221,46,388,5,67983,46
7134,19,67984,222,46,388,5,67984,46
7135,19,75126,223,46,388,5,75126,46
7136,19,75127,224,47,388,5,75127,47
7137,19,75128,225,47,388,5,75128,47
7138,19,83013,226,47,388,5,83013,47
7139,19,83014,227,48,388,5,83014,48
7140,19,83015,228,48,388,5,83015,48
7141,19,91720,229,48,388,5,91720,48
7142,19,91721,230,49,388,5,91721,49
7143,19,91722,231,49,388,5,91722,49
7144,19,101332,232,49,388,5,101332,49
7145,19,101333,233,50,388,5,101333,50
7146,19,101334,234,50,388,5,101334,50
7147,19,111944,235,50,388,5,111944,50
7148,19,111945,236,51,388,5,111945,51
7149,19,111946,237,51,388,5,111946,51
7150,19,123659,238,51,388,5,123659,51
7151,19,123660,239,52,388,5,123660,52
7152,19,123661,240,52,388,5,123661,52
7153,19,136593,241,52,388,5,136593,52
7154,19,136594,242,53,388,5,136594,53
7155,19,136595,243,53,388,5,136595,53
7156,19,150871,244,53,388,5,150871,53
7157,19,150872,245,54,388,5,150872,54
7158,19,150873,246,54,388,5,150873,54
7159,19,166635,247,54,388,5,166635,54
7160,19,166636,248,55,388,5,166636,55
7161,19,166637,249,55,388,5,166637,55
7162,19,184039,250,55,388,5,184039,55
7163,19,184040,251,56,388,5,184040,56
7164,19,184041,252,56,388,5,184041,56
7165,19,203253,253,56,388,5,203253,56
7166,19,203254,254,57,388,5,203254,57
7167,19,203255,255,57,388,5,203255,57
7168,19,224465,0,57,388,5,224465,57
7169,19,224466,1,58,388,5,224466,58
7170,19,224467,2,58,388,5,224467,58
7171,19,247885,3,58,388,5,247885,58
7172,19,247886,4,59,388,5,247886,59
7173,19,247887,5,59,388,5,247887,59
7174,19,273741,6,59,388,5,273741,59
7175,19,273742,7,60,388,5,273742,60
7176,19,273743,8,60,388,5,273743,60
7177,19,302287,9,60,388,5,302287,60
7178,19,302288,10,61,388,5,302288,61
7179,19,302289,11,61,388,5,302289,61
7180,19,333803,12,61,388,5,333803,61
7181,19,333804,13,62,388,5,333804,62
7182,19,333805,14,62,388,5,333805,62
7183,19,368598,15,62,388,5,368598,62
7184,19,368599,16,63,388,5,368599,63
7185,19,368600,17,63,388,5,368600,63
7186,19,407014,18,63,388,5,407014,63
7187,19,407015,19,64,388,5,407015,64
7188,19,407016,20,64,388,5,407016,64
7189,19,449427,21,64,388,5,449427,64
7190,19,449428,22,65,388,5,449428,65
7191,19,449429,23,65,388,5,449429,65
7192,19,496253,24,65,388,5,496253,65
7193,19,496254,25,66,388,5,496254,66
7194,19,496255,26,66,388,5,496255,66
7195,19,547952,27,66,388,5,547952,66
7196,19,547953,28,67,388,5,547953,67
7197,19,547954,29,67,388,5,547954,67
7198,19,605031,30,67,388,5,605031,67
7199,19,605032,31,68,388,5,605032,68
7200,19,605033,32,68,388,5,605033,68
7201,19,668050,33,68,388,5,668050,68
7202,19,668051,34,69,388,5,668051,69
7203,19,668052,35,69,388,5,668052,69
7204,19,737626,36,69,388,5,737626,69
7205,19,737627,37,70,388,5,737627,70
7206,19,737628,38,70,388,5,737628,70
7207,19,814444,39,70,388,5,814444,70
7208,19,814445,40,71,388,5,814445,71
7209,19,814446,41,71,388,5,814446,71
7210,19,899256,42,71,388,5,899256,71
7211,19,899257,43,72,388,5,899257,72
7212,19,899258,44,72,388,5,899258,72
7213,19,992894,45,72,388,5,992894,72
7214,19,992895,46,73,388,5,992895,73
7215,19,992896,47,73,388,5,992896,73
7216,19,1096277,48,73,388,5,1096277,73
7217,19,1096278,49,74,388,5,1096278,74
7218,19,1096279,50,74,388,5,1096279,74
7219,19,1210420,51,74,388,5,1210420,74
7220,19,1210421,52,75,388,5,1210421,75
7221,19,1210422,53,75,388,5,1210422,75
7222,19,1336442,54,75,388,5,1336442,75
7223,19,1336443,55,76,388,5,1336443,76
7224,19,1336444,56,76,388,5,1336444,76
7225,19,1475580,57,76,388,5,1475580,76
7226,19,1475581,58,77,388,5,1475581,77
7227,19,1475582,59,77,388,5,1475582,77
7228,19,1629199,60,77,388,5,1629199,77
7229,19,1629200,61,78,388,5,1629200,78
7230,19,1629201,62,78,388,5,1629201,78
7231,19,1798807,63,78,388,5,1798807,78
7232,19,1798808,64,79,388,5,1798808,79
7233,19,1798809,65,79,388,5,1798809,79
7234,19,1986067,66,79,388,5,1986067,79
7235,19,1986068,67,80,388,5,1986068,80
7236,19,1986069,68,80,388,5,1986069,80
7237,19,2192817,69,80,388,5,2192817,80
7238,19,2192818,70,81,388,5,2192818,81
7239,19,2192819,71,81,388,5,2192819,81
7240,19,2421086,72,81,388,5,2421086,81
7241,19,2421087,73,82,388,5,2421087,82
7242,19,2421088,74,82,388,5,2421088,82
7243,19,2673113,75,82,388,5,2673113,82
7244,19,2673114,76,83,388,5,2673114,83
7245,19,2673115,77,83,388,5,2673115,83
7246,19,2951372,78,83,388,5,2951372,83
7247,19,2951373,79,84,388,5,2951373,84
7248,19,2951374,80,84,388,5,2951374,84
7249,19,3258593,81,84,388,5,3258593,84
7250,19,3258594,82,85,388,5,3258594,85
7251,19,3258595,83,85,388,5,3258595,85
7252,19,3597791,84,85,388,5,3597791,85
7253,19,3597792,85,86,388,5,3597792,86
7254,19,3597793,86,86,388,5,3597793,86
7255,19,3972293,87,86,388,5,3972293,86
7256,19,3972294,88,87,388,5,3972294,87
7257,19,3972295,89,87,388,5,3972295,87
7258,19,4385775,90,87,388,5,4385775,87
7259,19,4385776,91,88,388,5,4385776,88
7260,19,4385777,92,88,388,5,4385777,88
7261,19,4842294,93,88,388,5,4842294,88
7262,19,4842295,94,89,388,5,4842295,89
7263,19,4842296,95,89,388,5,4842296,89
7264,19,5346331,96,89,388,5,5346331,89
7265,19,5346332,97,90,388,5,5346332,90
7266,19,5346333,98,90,388,5,5346333,90
7267,19,5902830,99,90,388,5,5902830,90
7268,19,5902831,100,91,388,5,5902831,91
7269,19,5902832,101,91,388,5,5902832,91
7270,19,6517252,102,91,388,5,6517252,91
7271,19,6517253,103,92,388,5,6517253,92
7272,19,6517254,104,92,388,5,6517254,92
7273,19,7195628,105,92,388,5,7195628,92
7274,19,7195629,106,93,388,5,7195629,93
7275,19,7195630,107,93,388,5,7195630,93
7276,19,7944613,108,93,388,5,7944613,93
7277,19,7944614,109,94,388,5,7944614,94
7278,19,7944615,110,94,388,5,7944615,94
7279,19,8771557,111,94,388,5,8771557,94
7280,19,8771558,112,95,388,5,8771558,95
7281,19,8771559,113,95,388,5,8771559,95
7282,19,9684576,114,95,388,5,9684576,95
7283,19,9684577,115,96,388,5,9684577,96
7284,19,9684578,116,96,388,5,9684578,96
7285,19,10692628,117,96,388,5,10692628,96
7286,19,10692629,118,97,388,5,10692629,97
7287,19,10692630,119,97,388,5,10692630,97
7288,19,11805605,120,97,388,5,11805605,97
7289,19,11805606,121,98,388,5,11805606,98
7290,19,11805607,122,98,388,5,11805607,98
7291,19,13034430,123,98,388,5,13034430,98
7292,19,13034431,124,99,388,5,13034431,99
7293,19,13034432,125,99,388,5,13034432,99
7294,19,14391159,126,99,388,5,14391159,99
7295,19,14391160,127,100,388,5,14391160,100
7296,19,14391161,128,100,388,5,14391161,100
7297,19,15889108,129,100,388,5,15889108,100
7298,19,15889109,130,101,388,5,15889109,101
7299,19,15889110,131,101,388,5,15889110,101
7300,19,17542975,132,101,388,5,17542975,101
7301,19,17542976,133,102,388,5,17542976,102
7302,19,17542977,134,102,388,5,17542977,102
7303,19,19368991,135,102,388,5,19368991,102
7304,19,19368992,136,103,388,5,19368992,103
7305,19,19368993,137,103,388,5,19368993,103
7306,19,21385072,138,103,388,5,21385072,103
7307,19,21385073,139,104,388,5,21385073,104
7308,19,21385074,140,104,388,5,21385074,104
7309,19,23611005,141,104,388,5,23611005,104
7310,19,23611006,142,105,388,5,23611006,105
7311,19,23611007,143,105,388,5,23611007,105
7312,19,26068631,144,105,388,5,26068631,105
7313,19,26068632,145,106,388,5,26068632,106
7314,19,26068633,146,106,388,5,26068633,106
7315,19,28782068,147,106,388,5,28782068,106
7316,19,28782069,148,107,388,5,28782069,107
7317,19,28782070,149,107,388,5,28782070,107
7318,19,31777942,150,107,388,5,31777942,107
7319,19,31777943,151,108,388,5,31777943,108
7320,19,31777944,152,108,388,5,31777944,108
7321,19,35085653,153,108,388,5,35085653,108
7322,19,35085654,154,109,388,5,35085654,109
7323,19,35085655,155,109,388,5,35085655,109
7324,19,38737660,156,109,388,5,38737660,109
7325,19,38737661,157,110,388,5,38737661,110
7326,19,38737662,158,110,388,5,38737662,110
7327,19,42769800,159,110,388,5,42769800,110
7328,19,42769801,160,111,388,5,42769801,111
7329,19,42769802,161,111,388,5,42769802,111
7330,19,47221640,162,111,388,5,47221640,111
7331,19,47221641,163,112,388,5,47221641,112
7332,19,47221642,164,112,388,5,47221642,112
7333,19,52136868,165,112,388,5,52136868,112
7334,19,52136869,166,113,388,5,52136869,113
7335,19,52136870,167,113,388,5,52136870,113
7336,19,57563717,168,113,388,5,57563717,113
7337,19,57563718,169,114,388,5,57563718,114
7338,19,57563719,170,114,388,5,57563719,114
7339,19,63555442,171,114,388,5,63555442,114
7340,19,63555443,172,115,388,5,63555443,115
7341,19,63555444,173,115,388,5,63555444,115
7342,19,70170839,174,115,388,5,70170839,115
7343,19,70170840,175,116,388,5,70170840,116
7344,19,70170841,176,116,388,5,70170841,116
7345,19,77474827,177,116,388,5,77474827,116
7346,19,77474828,178,117,388,5,77474828,117
7347,19,77474829,179,117,388,5,77474829,117
7348,19,85539081,180,117,388,5,85539081,117
7349,19,85539082,181,118,388,5,85539082,118
7350,19,85539083,182,118,388,5,85539083,118
7351,19,94442736,183,118,388,5,94442736,118
7352,19,94442737,184,119,388,5,94442737,119
7353,19,94442738,185,119,388,5,94442738,119
7354,19,104273166,186,119,388,5,104273166,119
7355,19,104273167,187,120,388,5,104273167,120
7356,19,104273168,188,120,388,5,104273168,120
7357,19,115126837,189,120,388,5,115126837,120
7358,19,115126838,190,120,388,5,115126838,120
7359,19,115126839,191,120,388,5,115126839,120
7360,20,0,192,1,0,1,0,1
7361,20,0,193,1,0,1,0,1
7362,20,0,194,1,0,1,0,1
7363,20,1,195,1,1,1,1,1
7364,20,199999999,196,99,199999999,99,199999999,99
7365,20,200000000,197,99,200000000,99,200000000,99
7366,20,200000000,198,99,200000000,99,200000000,99
7367,20,200000000,199,99,200000000,99,200000000,99
7368,20,82,200,1,82,1,82,1
7369,20,83,201,2,83,2,83,2
7370,20,84,202,2,84,2,84,2
7371,20,173,203,2,173,2,173,2
7372,20,174,204,3,174,3,174,3
7373,20,175,205,3,175,3,175,3
7374,20,275,206,3,275,3,275,3
7375,20,276,207,4,276,4,276,4
7376,20,277,208,4,277,4,277,4
7377,20,387,209,4,387,4,387,4
7378,20,388,210,5,388,5,388,5
7379,20,389,211,5,389,5,389,5
7380,20,511,212,5,511,5,511,5
7381,20,512,213,6,512,6,512,6
7382,20,513,214,6,513,6,513,6
7383,20,649,215,6,649,6,649,6
7384,20,650,216,7,650,7,650,7
7385,20,651,217,7,651,7,651,7
7386,20,800,218,7,800,7,800,7
7387,20,801,219,8,801,8,801,8
7388,20,802,220,8,802,8,802,8
7389,20,968,221,8,968,8,968,8
7390,20,969,222,9,969,9,969,9
7391,20,970,223,9,970,9,970,9
7392,20,1153,224,9,1153,9,1153,9
7393,20,1154,225,10,1154,10,1154,10
7394,20,1155,226,10,1155,10,1155,10
7395,20,1357,227,10,1357,10,1357,10
7396,20,1358,228,11,1358,11,1358,11
7397,20,1359,229,11,1359,11,1359,11
7398,20,1583,230,11,1583,11,1583,11
7399,20,1584,231,12,1584,12,1584,12
7400,20,1585,232,12,1585,12,1585,12
7401,20,1832,233,12,1832,12,1832,12
7402,20,1833,234,13,1833,13,1833,13
7403,20,1834,235,13,1834,13,1834,13
7404,20,2106,236,13,2106,13,2106,13
7405,20,2107,237,14,2107,14,2107,14
7406,20,2108,238,14,2108,14,2108,14
7407,20,2410,239,14,2410,14,2410,14
7408,20,2411,240,15,2411,15,2411,15
7409,20,2412,241,15,2412,15,2412,15
7410,20,2745,242,15,2745,15,2745,15
7411,20,2746,243,16,2746,16,2746,16
7412,20,2747,244,16,2747,16,2747,16
7413,20,3114,245,16,3114,16,3114,16
7414,20,3115,246,17,3115,17,3115,17
7415,20,3116,247,17,3116,17,3116,17
7416,20,3522,248,17,3522,17,3522,17
7417,20,3523,249,18,3523,18,3523,18
7418,20,3524,250,18,3524,18,3524,18
7419,20,3972,251,18,3972,18,3972,18
7420,20,3973,252,19,3973,19,3973,19
7421,20,3974,253,19,3974,19,3974,19
7422,20,4469,254,19,4469,19,4469,19
7423,20,4470,255,20,4470,20,4470,20
7424,20,4471,0,20,4471,20,4471,20
7425,20,5017,1,20,5017,20,5017,20
7426,20,5018,2,21,5018,21,5018,21
7427,20,5019,3,21,5019,21,5019,21
7428,20,5623,4,21,5623,21,5623,21
7429,20,5624,5,22,5624,22,5624,22
7430,20,5625,6,22,5625,22,5625,22
7431,20,6290,7,22,6290,22,6290,22
7432,20,6291,8,23,6291,23,6291,23
7433,20,6292,9,23,6292,23,6292,23
7434,20,7027,10,23,7027,23,7027,23
7435,20,7028,11,24,7028,24,7028,24
7436,20,7029,12,24,7029,24,7029,24
7437,20,7841,13,24,7841,24,7841,24
7438,20,7842,14,25,7842,25,7842,25
7439,20,7843,15,25,7843,25,7843,25
7440,20,8739,16,25,8739,25,8739,25
7441,20,8740,17,26,8740,26,8740,26
7442,20,8741,18,26,8741,26,8741,26
7443,20,9729,19,26,9729,26,9729,26
7444,20,9730,20,27,9730,27,9730,27
7445,20,9731,21,27,9731,27,9731,27
7446,20,10823,22,27,10823,27,10823,27
7447,20,10824,23,28,10824,28,10824,28
7448,20,10825,24,28,10825,28,10825,28
7449,20,12030,25,28,12030,28,12030,28
7450,20,12031,26,29,12031,29,12031,29
7451,20,12032,27,29,12032,29,12032,29
7452,20,13362,28,29,13362,29,13362,29
7453,20,13363,29,30,13363,30,13363,30
7454,20,13364,30,30,13364,30,13364,30
7455,20,14832,31,30,14832,30,14832,30
7456,20,14833,32,31,14833,31,14833,31
7457,20,14834,33,31,14834,31,14834,31
7458,20,16455,34,31,16455,31,16455,31
7459,20,16456,35,32,16456,32,16456,32
7460,20,16457,36,32,16457,32,16457,32
7461,20,18246,37,32,18246,32,18246,32
7462,20,18247,38,33,18247,33,18247,33
7463,20,18248,39,33,18248,33,18248,33
7464,20,20223,40,33,20223,33,20223,33
7465,20,20224,41,34,20224,34,20224,34
7466,20,20225,42,34,20225,34,20225,34
7467,20,22405,43,34,22405,34,22405,34
7468,20,22406,44,35,22406,35,22406,35
7469,20,22407,45,35,22407,35,22407,35
7470,20,24814,46,35,24814,35,24814,35
7471,20,24815,47,36,24815,36,24815,36
7472,20,24816,48,36,24816,36,24816,36
7473,20,27472,49,36,27472,36,27472,36
7474,20,27473,50,37,27473,37,27473,37
7475,20,27474,51,37,27474,37,27474,37
7476,20,30407,52,37,30407,37,30407,37
7477,20,30408,53,38,30408,38,30408,38
7478,20,30409,54,38,30409,38,30409,38
7479,20,33647,55,38,33647,38,33647,38
7480,20,33648,56,39,33648,39,33648,39
7481,20,33649,57,39,33649,39,33649,39
7482,20,37223,58,39,37223,39,37223,39
7483,20,37224,59,40,37224,40,37224,40
7484,20,37225,60,40,37225,40,37225,40
7485,20,41170,61,40,41170,40,41170,40
7486,20,41171,62,41,41171,41,41171,41
7487,20,41172,63,41,41172,41,41172,41
7488,20,45528,64,41,45528,41,45528,41
7489,20,45529,65,42,45529,42,45529,42
7490,20,45530,66,42,45530,42,45530,42
7491,20,50338,67,42,50338,42,50338,42
7492,20,50339,68,43,50339,43,50339,43
7493,20,50340,69,43,50340,43,50340,43
7494,20,55648,70,43,55648,43,55648,43
7495,20,55649,71,44,55649,44,55649,44
7496,20,55650,72,44,55650,44,55650,44
7497,20,61511,73,44,61511,44,61511,44
7498,20,61512,74,45,61512,45,61512,45
7499,20,61513,75,45,61513,45,61513,45
7500,20,67982,76,45,67982,45,67982,45
7501,20,67983,77,46,67983,46,67983,46
7502,20,67984,78,46,67984,46,67984,46
7503,20,75126,79,46,75126,46,75126,46
7504,20,75127,80,47,75127,47,75127,47
7505,20,75128,81,47,75128,47,75128,47
7506,20,83013,82,47,83013,47,83013,47
7507,20,83014,83,48,83014,48,83014,48
7508,20,83015,84,48,83015,48,83015,48
7509,20,91720,85,48,91720,48,91720,48
7510,20,91721,86,49,91721,49,91721,49
7511,20,91722,87,49,91722,49,91722,49
7512,20,101332,88,49,101332,49,101332,49
7513,20,101333,89,50,101333,50,101333,50
7514,20,101334,90,50,101334,50,101334,50
7515,20,111944,91,50,111944,50,111944,50
7516,20,111945,92,51,111945,51,111945,51
7517,20,111946,93,51,111946,51,111946,51
7518,20,123659,94,51,123659,51,123659,51
7519,20,123660,95,52,123660,52,123660,52
7520,20,123661,96,52,123661,52,123661,52
7521,20,136593,97,52,136593,52,136593,52
7522,20,136594,98,53,136594,53,136594,53
7523,20,136595,99,53,136595,53,136595,53
7524,20,150871,100,53,150871,53,150871,53
7525,20,150872,101,54,150872,54,150872,54
7526,20,150873,102,54,150873,54,150873,54
7527,20,166635,103,54,166635,54,166635,54
7528,20,166636,104,55,166636,55,166636,55
7529,20,166637,105,55,166637,55,166637,55
7530,20,184039,106,55,184039,55,184039,55
7531,20,184040,107,56,184040,56,184040,56
7532,20,184041,108,56,184041,56,184041,56
7533,20,203253,109,56,203253,56,203253,56
7534,20,203254,110,57,203254,57,203254,57
7535,20,203255,111,57,203255,57,203255,57
7536,20,224465,112,57,224465,57,224465,57
7537,20,224466,113,58,224466,58,224466,58
7538,20,224467,114,58,224467,58,224467,58
7539,20,247885,115,58,247885,58,247885,58
7540,20,247886,116,59,247886,59,247886,59
7541,20,247887,117,59,247887,59,247887,59
7542,20,273741,118,59,273741,59,273741,59
7543,20,273742,119,60,273742,60,273742,60
7544,20,273743,120,60,273743,60,273743,60
7545,20,302287,121,60,302287,60,302287,60
7546,20,302288,122,61,302288,61,302288,61
7547,20,302289,123,61,302289,61,302289,61
7548,20,333803,124,61,333803,61,333803,61
7549,20,333804,125,62,333804,62,333804,62
7550,20,333805,126,62,333805,62,333805,62
7551,20,368598,127,62,368598,62,368598,62
7552,20,368599,128,63,368599,63,368599,63
7553,20,368600,129,63,368600,63,368600,63
7554,20,407014,130,63,407014,63,407014,63
7555,20,407015,131,64,407015,64,407015,64
7556,20,407016,132,64,407016,64,407016,64
7557,20,449427,133,64,449427,64,449427,64
7558,20,449428,134,65,449428,65,449428,65
7559,20,449429,135,65,449429,65,449429,65
7560,20,496253,136,65,496253,65,496253,65
7561,20,496254,137,66,496254,66,496254,66
7562,20,496255,138,66,496255,66,496255,66
7563,20,547952,139,66,547952,66,547952,66
7564,20,547953,140,67,547953,67,547953,67
7565,20,547954,141,67,547954,67,547954,67
7566,20,605031,142,67,605031,67,605031,67
7567,20,605032,143,68,605032,68,605032,68
7568,20,605033,144,68,605033,68,605033,68
7569,20,668050,145,68,668050,68,668050,68
7570,20,668051,146,69,668051,69,668051,69
7571,20,668052,147,69,668052,69,668052,69
7572,20,737626,148,69,737626,69,737626,69
7573,20,737627,149,70,737627,70,737627,70
7574,20,737628,150,70,737628,70,737628,70
7575,20,814444,151,70,814444,70,814444,70
7576,20,814445,152,71,814445,71,814445,71
7577,20,814446,153,71,814446,71,814446,71
7578,20,899256,154,71,899256,71,899256,71
7579,20,899257,155,72,899257,72,899257,72
7580,20,899258,156,72,899258,72,899258,72
7581,20,992894,157,72,992894,72,992894,72
7582,20,992895,158,73,992895,73,992895,73
7583,20,992896,159,73,992896,73,992896,73
7584,20,1096277,160,73,1096277,73,1096277,73
7585,20,1096278,161,74,1096278,74,1096278,74
7586,20,1096279,162,74,1096279,74,1096279,74
7587,20,1210420,163,74,1210420,74,1210420,74
7588,20,1210421,164,75,1210421,75,1210421,75
7589,20,1210422,165,75,1210422,75,1210422,75
7590,20,1336442,166,75,1336442,75,1336442,75
7591,20,1336443,167,76,1336443,76,1336443,76
7592,20,1336444,168,76,1336444,76,1336444,76
7593,20,1475580,169,76,1475580,76,1475580,76
7594,20,1475581,170,77,1475581,77,1475581,77
7595,20,1475582,171,77,1475582,77,1475582,77
7596,20,1629199,172,77,1629199,77,1629199,77
7597,20,1629200,173,78,1629200,78,1629200,78
7598,20,1629201,174,78,1629201,78,1629201,78
7599,20,1798807,175,78,1798807,78,1798807,78
7600,20,1798808,176,79,1798808,79,1798808,79
7601,20,1798809,177,79,1798809,79,1798809,79
7602,20,1986067,178,79,1986067,79,1986067,79
7603,20,1986068,179,80,1986068,80,1986068,80
7604,20,1986069,180,80,1986069,80,1986069,80
7605,20,2192817,181,80,2192817,80,2192817,80
7606,20,2192818,182,81,2192818,81,2192818,81
7607,20,2192819,183,81,2192819,81,2192819,81
7608,20,2421086,184,81,2421086,81,2421086,81
7609,20,2421087,185,82,2421087,82,2421087,82
7610,20,2421088,186,82,2421088,82,2421088,82
7611,20,2673113,187,82,2673113,82,2673113,82
7612,20,2673114,188,83,2673114,83,2673114,83
7613,20,2673115,189,83,2673115,83,2673115,83
7614,20,2951372,190,83,2951372,83,2951372,83
7615,20,2951373,191,84,2951373,84,2951373,84
7616,20,2951374,192,84,2951374,84,2951374,84
7617,20,3258593,193,84,3258593,84,3258593,84
7618,20,3258594,194,85,3258594,85,3258594,85
7619,20,3258595,195,85,3258595,85,3258595,85
7620,20,3597791,196,85,3597791,85,3597791,85
7621,20,3597792,197,86,3597792,86,3597792,86
7622,20,3597793,198,86,3597793,86,3597793,86
7623,20,3972293,199,86,3972293,86,3972293,86
7624,20,3972294,200,87,3972294,87,3972294,87
7625,20,3972295,201,87,3972295,87,3972295,87
7626,20,4385775,202,87,4385775,87,4385775,87
7627,20,4385776,203,88,4385776,88,4385776,88
7628,20,4385777,204,88,4385777,88,4385777,88
7629,20,4842294,205,88,4842294,88,4842294,88
7630,20,4842295,206,89,4842295,89,4842295,89
7631,20,4842296,207,89,4842296,89,4842296,89
7632,20,5346331,208,89,5346331,89,5346331,89
7633,20,5346332,209,90,5346332,90,5346332,90
7634,20,5346333,210,90,5346333,90,5346333,90
7635,20,5902830,211,90,5902830,90,5902830,90
7636,20,5902831,212,91,5902831,91,5902831,91
7637,20,5902832,213,91,5902832,91,5902832,91
7638,20,6517252,214,91,6517252,91,6517252,91
7639,20,6517253,215,92,6517253,92,6517253,92
7640,20,6517254,216,92,6517254,92,6517254,92
7641,20,7195628,217,92,7195628,92,7195628,92
7642,20,7195629,218,93,7195629,93,7195629,93
7643,20,7195630,219,93,7195630,93,7195630,93
7644,20,7944613,220,93,7944613,93,7944613,93
7645,20,7944614,221,94,7944614,94,7944614,94
7646,20,7944615,222,94,7944615,94,7944615,94
7647,20,8771557,223,94,8771557,94,8771557,94
7648,20,8771558,224,95,8771558,95,8771558,95
7649,20,8771559,225,95,8771559,95,8771559,95
7650,20,9684576,226,95,9684576,95,9684576,95
7651,20,9684577,227,96,9684577,96,9684577,96
7652,20,9684578,228,96,9684578,96,9684578,96
7653,20,10692628,229,96,10692628,96,10692628,96
7654,20,10692629,230,97,10692629,97,10692629,97
7655,20,10692630,231,97,10692630,97,10692630,97
7656,20,11805605,232,97,11805605,97,11805605,97
7657,20,11805606,233,98,11805606,98,11805606,98
7658,20,11805607,234,98,11805607,98,11805607,98
7659,20,13034430,235,98,13034430,98,13034430,98
7660,20,13034431,236,99,13034431,99,13034431,99
7661,20,13034432,237,99,13034432,99,13034432,99
7662,20,14391159,238,99,14391159,99,14391159,99
7663,20,14391160,239,99,14391160,99,14391160,99
7664,20,14391161,240,99,14391161,99,14391161,99
7665,20,15889108,241,99,15889108,99,15889108,99
7666,20,15889109,242,99,15889109,99,15889109,99
7667,20,15889110,243,99,15889110,99,15889110,99
7668,20,17542975,244,99,17542975,99,17542975,99
7669,20,17542976,245,99,17542976,99,17542976,99
7670,20,17542977,246,99,17542977,99,17542977,99
7671,20,19368991,247,99,19368991,99,19368991,99
7672,20,19368992,248,99,19368992,99,19368992,99
7673,20,19368993,249,99,19368993,99,19368993,99
7674,20,21385072,250,99,21385072,99,21385072,99
7675,20,21385073,251,99,21385073,99,21385073,99
7676,20,21385074,252,99,21385074,99,21385074,99
7677,20,23611005,253,99,23611005,99,23611005,99
7678,20,23611006,254,99,23611006,99,23611006,99
7679,20,23611007,255,99,23611007,99,23611007,99
7680,20,26068631,0,99,26068631,99,26068631,99
7681,20,26068632,1,99,26068632,99,26068632,99
7682,20,26068633,2,99,26068633,99,26068633,99
7683,20,28782068,3,99,28782068,99,28782068,99
7684,20,28782069,4,99,28782069,99,28782069,99
7685,20,28782070,5,99,28782070,99,28782070,99
7686,20,31777942,6,99,31777942,99,31777942,99
7687,20,31777943,7,99,31777943,99,31777943,99
7688,20,31777944,8,99,31777944,99,31777944,99
7689,20,35085653,9,99,35085653,99,35085653,99
7690,20,35085654,10,99,35085654,99,35085654,99
7691,20,35085655,11,99,35085655,99,35085655,99
7692,20,38737660,12,99,38737660,99,38737660,99
7693,20,38737661,13,99,38737661,99,38737661,99
7694,20,38737662,14,99,38737662,99,38737662,99
7695,20,42769800,15,99,42769800,99,42769800,99
7696,20,42769801,16,99,42769801,99,42769801,99
7697,20,42769802,17,99,42769802,99,42769802,99
7698,20,47221640,18,99,47221640,99,47221640,99
7699,20,47221641,19,99,47221641,99,47221641,99
7700,20,47221642,20,99,47221642,99,47221642,99
7701,20,52136868,21,99,52136868,99,52136868,99
7702,20,52136869,22,99,52136869,99,52136869,99
7703,20,52136870,23,99,52136870,99,52136870,99
7704,20,57563717,24,99,57563717,99,57563717,99
7705,20,57563718,25,99,57563718,99,57563718,99
7706,20,57563719,26,99,57563719,99,57563719,99
7707,20,63555442,27,99,63555442,99,63555442,99
7708,20,63555443,28,99,63555443,99,63555443,99
7709,20,63555444,29,99,63555444,99,63555444,99
7710,20,70170839,30,99,70170839,99,70170839,99
7711,20,70170840,31,99,70170840,99,70170840,99
7712,20,70170841,32,99,70170841,99,70170841,99
7713,20,77474827,33,99,77474827,99,77474827,99
7714,20,77474828,34,99,77474828,99,77474828,99
7715,20,77474829,35,99,77474829,99,77474829,99
7716,20,85539081,36,99,85539081,99,85539081,99
7717,20,85539082,37,99,85539082,99,85539082,99
7718,20,85539083,38,99,85539083,99,85539083,99
7719,20,94442736,39,99,94442736,99,94442736,99
7720,20,94442737,40,99,94442737,99,94442737,99
7721,20,94442738,41,99,94442738,99,94442738,99
7722,20,104273166,42,99,104273166,99,104273166,99
7723,20,104273167,43,99,104273167,99,104273167,99
7724,20,104273168,44,99,104273168,99,104273168,99
7725,20,115126837,45,99,115126837,99,115126837,99
7726,20,115126838,46,99,115126838,99,115126838,99
7727,20,115126839,47,99,115126839,99,115126839,99
7728,21,0,48,1,0,1,0,1
7729,21,0,49,1,0,1,0,1
7730,21,0,50,1,0,1,0,1
7731,21,1,51,1,1,1,1,1
7732,21,199999999,52,99,388,5,199999999,99
7733,21,200000000,53,99,388,5,200000000,99
7734,21,200000000,54,99,388,5,200000000,99
7735,21,200000000,55,99,388,5,200000000,99
7736,21,82,56,1,82,1,82,1
7737,21,83,57,2,83,2,83,2
7738,21,84,58,2,84,2,84,2
7739,21,173,59,2,173,2,173,2
7740,21,174,60,3,174,3,174,3
7741,21,175,61,3,175,3,175,3
7742,21,275,62,3,275,3,275,3
7743,21,276,63,4,276,4,276,4
7744,21,277,64,4,277,4,277,4
7745,21,387,65,4,387,4,387,4
7746,21,388,66,5,388,5,388,5
7747,21,389,67,5,388,5,389,5
7748,21,511,68,5,388,5,511,5
7749,21,512,69,6,388,5,512,6
7750,21,513,70,6,388,5,513,6
7751,21,649,71,6,388,5,649,6
7752,21,650,72,7,388,5,650,7
7753,21,651,73,7,388,5,651,7
7754,21,800,74,7,388,5,800,7
7755,21,801,75,8,388,5,801,8
7756,21,802,76,8,388,5,802,8
7757,21,968,77,8,388,5,968,8
7758,21,969,78,9,388,5,969,9
7759,21,970,79,9,388,5,970,9
7760,21,1153,80,9,388,5,1153,9
7761,21,1154,81,10,388,5,1154,10
7762,21,1155,82,10,388,5,1155,10
7763,21,1357,83,10,388,5,1357,10
7764,21,1358,84,11,388,5,1358,11
7765,21,1359,85,11,388,5,1359,11
7766,21,1583,86,11,388,5,1583,11
7767,21,1584,87,12,388,5,1584,12
7768,21,1585,88,12,388,5,1585,12
7769,21,1832,89,12,388,5,1832,12
7770,21,1833,90,13,388,5,1833,13
7771,21,1834,91,13,388,5,1834,13
7772,21,2106,92,13,388,5,2106,13
7773,21,2107,93,14,388,5,2107,14
7774,21,2108,94,14,388,5,2108,14
7775,21,2410,95,14,388,5,2410,14
7776,21,2411,96,15,388,5,2411,15
7777,21,2412,97,15,388,5,2412,15
7778,21,2745,98,15,388,5,2745,15
7779,21,2746,99,16,388,5,2746,16
7780,21,2747,100,16,388,5,2747,16
7781,21,3114,101,16,388,5,3114,16
7782,21,3115,102,17,388,5,3115,17
7783,21,3116,103,17,388,5,3116,17
7784,21,3522,104,17,388,5,3522,17
7785,21,3523,105,18,388,5,3523,18
7786,21,3524,106,18,388,5,3524,18
7787,21,3972,107,18,388,5,3972,18
7788,21,3973,108,19,388,5,3973,19
7789,21,3974,109,19,388,5,3974,19
7790,21,4469,110,19,388,5,4469,19
7791,21,4470,111,20,388,5,4470,20
7792,21,4471,112,20,388,5,4471,20
7793,21,5017,113,20,388,5,5017,20
7794,21,5018,114,21,388,5,5018,21
7795,21,5019,115,21,388,5,5019,21
7796,21,5623,116,21,388,5,5623,21
7797,21,5624,117,22,388,5,5624,22
7798,21,5625,118,22,388,5,5625,22
7799,21,6290,119,22,388,5,6290,22
7800,21,6291,120,23,388,5,6291,23
7801,21,6292,121,23,388,5,6292,23
7802,21,7027,122,23,388,5,7027,23
7803,21,7028,123,24,388,5,7028,24
7804,21,7029,124,24,388,5,7029,24
7805,21,7841,125,24,388,5,7841,24
7806,21,7842,126,25,388,5,7842,25
7807,21,7843,127,25,388,5,7843,25
7808,21,8739,128,25,388,5,8739,25
7809,21,8740,129,26,388,5,8740,26
7810,21,8741,130,26,388,5,8741,26
7811,21,9729,131,26,388,5,9729,26
7812,21,9730,132,27,388,5,9730,27
7813,21,9731,133,27,388,5,9731,27
7814,21,10823,134,27,388,5,10823,27
7815,21,10824,135,28,388,5,10824,28
7816,21,10825,136,28,388,5,10825,28
7817,21,12030,137,28,388,5,12030,28
7818,21,12031,138,29,388,5,12031,29
7819,21,12032,139,29,388,5,12032,29
7820,21,13362,140,29,388,5,13362,29
7821,21,13363,141,30,388,5,13363,30
7822,21,13364,142,30,388,5,13364,30
7823,21,14832,143,30,388,5,14832,30
7824,21,14833,144,31,388,5,14833,31
7825,21,14834,145,31,388,5,14834,31
7826,21,16455,146,31,388,5,16455,31
7827,21,16456,147,32,388,5,16456,32
7828,21,16457,148,32,388,5,16457,32
7829,21,18246,149,32,388,5,18246,32
7830,21,18247,150,33,388,5,18247,33
7831,21,18248,151,33,388,5,18248,33
7832,21,20223,152,33,388,5,20223,33
7833,21,20224,153,34,388,5,20224,34
7834,21,20225,154,34,388,5,20225,34
7835,21,22405,155,34,388,5,22405,34
7836,21,22406,156,35,388,5,22406,35
7837,21,22407,157,35,388,5,22407,35
7838,21,24814,158,35,388,5,24814,35
7839,21,24815,159,36,388,5,24815,36
7840,21,24816,160,36,388,5,24816,36
7841,21,27472,161,36,388,5,27472,36
7842,21,27473,162,37,388,5,27473,37
7843,21,27474,163,37,388,5,27474,37
7844,21,30407,164,37,388,5,30407,37
7845,21,30408,165,38,388,5,30408,38
7846,21,30409,166,38,388,5,30409,38
7847,21,33647,167,38,388,5,33647,38
7848,21,33648,168,39,388,5,33648,39
7849,21,33649,169,39,388,5,33649,39
7850,21,37223,170,39,388,5,37223,39
7851,21,37224,171,40,388,5,37224,40
7852,21,37225,172,40,388,5,37225,40
7853,21,41170,173,40,388,5,41170,40
7854,21,41171,174,41,388,5,41171,41
7855,21,41172,175,41,388,5,41172,41
7856,21,45528,176,41,388,5,45528,41
7857,21,45529,177,42,388,5,45529,42
7858,21,45530,178,42,388,5,45530,42
7859,21,50338,179,42,388,5,50338,42
7860,21,50339,180,43,388,5,50339,43
7861,21,50340,181,43,388,5,50340,43
7862,21,55648,182,43,388,5,55648,43
7863,21,55649,183,44,388,5,55649,44
7864,21,55650,184,44,388,5,55650,44
7865,21,61511,185,44,388,5,61511,44
7866,21,61512,186,45,388,5,61512,45
7867,21,61513,187,45,388,5,61513,45
7868,21,67982,188,45,388,5,67982,45
7869,21,67983,189,46,388,5,67983,46
7870,21,67984,190,46,388,5,67984,46
7871,21,75126,191,46,388,5,75126,46
7872,21,75127,192,47,388,5,75127,47
7873,21,75128,193,47,388,5,75128,47
7874,21,83013,194,47,388,5,83013,47
7875,21,83014,195,48,388,5,83014,48
7876,21,83015,196,48,388,5,83015,48
7877,21,91720,197,48,388,5,91720,48
7878,21,91721,198,49,388,5,91721,49
7879,21,91722,199,49,388,5,91722,49
7880,21,101332,200,49,388,5,101332,49
7881,21,101333,201,50,388,5,101333,50
7882,21,101334,202,50,388,5,101334,50
7883,21,111944,203,50,388,5,111944,50
7884,21,111945,204,51,388,5,111945,51
7885,21,111946,205,51,388,5,111946,51
7886,21,123659,206,51,388,5,123659,51
7887,21,123660,207,52,388,5,123660,52
7888,21,123661,208,52,388,5,123661,52
7889,21,136593,209,52,388,5,136593,52
7890,21,136594,210,53,388,5,136594,53
7891,21,136595,211,53,388,5,136595,53
7892,21,150871,212,53,388,5,150871,53
7893,21,150872,213,54,388,5,150872,54
7894,21,150873,214,54,388,5,150873,54
7895,21,166635,215,54,388,5,166635,54
7896,21,166636,216,55,388,5,166636,55
7897,21,166637,217,55,388,5,166637,55
7898,21,184039,218,55,388,5,184039,55
7899,21,184040,219,56,388,5,184040,56
7900,21,184041,220,56,388,5,184041,56
7901,21,203253,221,56,388,5,203253,56
7902,21,203254,222,57,388,5,203254,57
7903,21,203255,223,57,388,5,203255,57
7904,21,224465,224,57,388,5,224465,57
7905,21,224466,225,58,388,5,224466,58
7906,21,224467,226,58,388,5,224467,58
7907,21,247885,227,58,388,5,247885,58
7908,21,247886,228,59,388,5,247886,59
7909,21,247887,229,59,388,5,247887,59
7910,21,273741,230,59,388,5,273741,59
7911,21,273742,231,60,388,5,273742,60
7912,21,273743,232,60,388,5,273743,60
7913,21,302287,233,60,388,5,302287,60
7914,21,302288,234,61,388,5,302288,61
7915,21,302289,235,61,388,5,302289,61
7916,21,333803,236,61,388,5,333803,61
7917,21,333804,237,62,388,5,333804,62
7918,21,333805,238,62,388,5,333805,62
7919,21,368598,239,62,388,5,368598,62
7920,21,368599,240,63,388,5,368599,63
7921,21,368600,241,63,388,5,368600,63
7922,21,407014,242,63,388,5,407014,63
7923,21,407015,243,64,388,5,407015,64
7924,21,407016,244,64,388,5,407016,64
7925,21,449427,245,64,388,5,449427,64
7926,21,449428,246,65,388,5,449428,65
7927,21,449429,247,65,388,5,449429,65
7928,21,496253,248,65,388,5,496253,65
7929,21,496254,249,66,388,5,496254,66
7930,21,496255,250,66,388,5,496255,66
7931,21,547952,251,66,388,5,547952,66
7932,21,547953,252,67,388,5,547953,67
7933,21,547954,253,67,388,5,547954,67
7934,21,605031,254,67,388,5,605031,67
7935,21,605032,255,68,388,5,605032,68
7936,21,605033,0,68,388,5,605033,68
7937,21,668050,1,68,388,5,668050,68
7938,21,668051,2,69,388,5,668051,69
7939,21,668052,3,69,388,5,668052,69
7940,21,737626,4,69,388,5,737626,69
7941,21,737627,5,70,388,5,737627,70
7942,21,737628,6,70,388,5,737628,70
7943,21,814444,7,70,388,5,814444,70
7944,21,814445,8,71,388,5,814445,71
7945,21,814446,9,71,388,5,814446,71
7946,21,899256,10,71,388,5,899256,71
7947,21,899257,11,72,388,5,899257,72
7948,21,899258,12,72,388,5,899258,72
7949,21,992894,13,72,388,5,992894,72
7950,21,992895,14,73,388,5,992895,73
7951,21,992896,15,73,388,5,992896,73
7952,21,1096277,16,73,388,5,1096277,73
7953,21,1096278,17,74,388,5,1096278,74
7954,21,1096279,18,74,388,5,1096279,74
7955,21,1210420,19,74,388,5,1210420,74
7956,21,1210421,20,75,388,5,1210421,75
7957,21,1210422,21,75,388,5,1210422,75
7958,21,1336442,22,75,388,5,1336442,75
7959,21,1336443,23,76,388,5,1336443,76
7960,21,1336444,24,76,388,5,1336444,76
7961,21,1475580,25,76,388,5,1475580,76
7962,21,1475581,26,77,388,5,1475581,77
7963,21,1475582,27,77,388,5,1475582,77
7964,21,1629199,28,77,388,5,1629199,77
7965,21,1629200,29,78,388,5,1629200,78
7966,21,1629201,30,78,388,5,1629201,78
7967,21,1798807,31,78,388,5,1798807,78
7968,21,1798808,32,79,388,5,1798808,79
7969,21,1798809,33,79,388,5,1798809,79
7970,21,1986067,34,79,388,5,1986067,79
7971,21,1986068,35,80,388,5,1986068,80
7972,21,1986069,36,80,388,5,1986069,80
7973,21,2192817,37,80,388,5,2192817,80
7974,21,2192818,38,81,388,5,2192818,81
7975,21,2192819,39,81,388,5,2192819,81
7976,21,2421086,40,81,388,5,2421086,81
7977,21,2421087,41,82,388,5,2421087,82
7978,21,2421088,42,82,388,5,2421088,82
7979,21,2673113,43,82,388,5,2673113,82
7980,21,2673114,44,83,388,5,2673114,83
7981,21,2673115,45,83,388,5,2673115,83
7982,21,2951372,46,83,388,5,2951372,83
7983,21,2951373,47,84,388,5,2951373,84
7984,21,2951374,48,84,388,5,2951374,84
7985,21,3258593,49,84,388,5,3258593,84
7986,21,3258594,50,85,388,5,3258594,85
7987,21,3258595,51,85,388,5,3258595,85
7988,21,3597791,52,85,388,5,3597791,85
7989,21,3597792,53,86,388,5,3597792,86
7990,21,3597793,54,86,388,5,3597793,86
7991,21,3972293,55,86,388,5,3972293,86
7992,21,3972294,56,87,388,5,3972294,87
7993,21,3972295,57,87,388,5,3972295,87
7994,21,4385775,58,87,388,5,4385775,87
7995,21,4385776,59,88,388,5,4385776,88
7996,21,4385777,60,88,388,5,4385777,88
7997,21,4842294,61,88,388,5,4842294,88
7998,21,4842295,62,89,388,5,4842295,89
7999,21,4842296,63,89,388,5,4842296,89
8000,21,5346331,64,89,388,5,5346331,89
8001,21,5346332,65,90,388,5,5346332,90
8002,21,5346333,66,90,388,5,5346333,90
8003,21,5902830,67,90,388,5,5902830,90
8004,21,5902831,68,91,388,5,5902831,91
8005,21,5902832,69,91,388,5,5902832,91
8006,21,6517252,70,91,388,5,6517252,91
8007,21,6517253,71,92,388,5,6517253,92
8008,21,6517254,72,92,388,5,6517254,92
8009,21,7195628,73,92,388,5,7195628,92
8010,21,7195629,74,93,388,5,7195629,93
8011,21,7195630,75,93,388,5,7195630,93
8012,21,7944613,76,93,388,5,7944613,93
8013,21,7944614,77,94,388,5,7944614,94
8014,21,7944615,78,94,388,5,7944615,94
8015,21,8771557,79,94,388,5,8771557,94
8016,21,8771558,80,95,388,5,8771558,95
8017,21,8771559,81,95,388,5,8771559,95
8018,21,9684576,82,95,388,5,9684576,95
8019,21,9684577,83,96,388,5,9684577,96
8020,21,9684578,84,96,388,5,9684578,96
8021,21,10692628,85,96,388,5,10692628,96
8022,21,10692629,86,97,388,5,10692629,97
8023,21,10692630,87,97,388,5,10692630,97
8024,21,11805605,88,97,388,5,11805605,97
8025,21,11805606,89,98,388,5,11805606,98
8026,21,11805607,90,98,388,5,11805607,98
8027,21,13034430,91,98,388,5,13034430,98
8028,21,13034431,92,99,388,5,13034431,99
8029,21,13034432,93,99,388,5,13034432,99
8030,21,14391159,94,99,388,5,14391159,99
8031,21,14391160,95,99,388,5,14391160,99
8032,21,14391161,96,99,388,5,14391161,99
8033,21,15889108,97,99,388,5,15889108,99
8034,21,15889109,98,99,388,5,15889109,99
8035,21,15889110,99,99,388,5,15889110,99
8036,21,17542975,100,99,388,5,17542975,99
8037,21,17542976,101,99,388,5,17542976,99
8038,21,17542977,102,99,388,5,17542977,99
8039,21,19368991,103,99,388,5,19368991,99
8040,21,19368992,104,99,388,5,19368992,99
8041,21,19368993,105,99,388,5,19368993,99
8042,21,21385072,106,99,388,5,21385072,99
8043,21,21385073,107,99,388,5,21385073,99
8044,21,21385074,108,99,388,5,21385074,99
8045,21,23611005,109,99,388,5,23611005,99
8046,21,23611006,110,99,388,5,23611006,99
8047,21,23611007,111,99,388,5,23611007,99
8048,21,26068631,112,99,388,5,26068631,99
8049,21,26068632,113,99,388,5,26068632,99
8050,21,26068633,114,99,388,5,26068633,99
8051,21,28782068,115,99,388,5,28782068,99
8052,21,28782069,116,99,388,5,28782069,99
8053,21,28782070,117,99,388,5,28782070,99
8054,21,31777942,118,99,388,5,31777942,99
8055,21,31777943,119,99,388,5,31777943,99
8056,21,31777944,120,99,388,5,31777944,99
8057,21,35085653,121,99,388,5,35085653,99
8058,21,35085654,122,99,388,5,35085654,99
8059,21,35085655,123,99,388,5,35085655,99
8060,21,38737660,124,99,388,5,38737660,99
8061,21,38737661,125,99,388,5,38737661,99
8062,21,38737662,126,99,388,5,38737662,99
8063,21,42769800,127,99,388,5,42769800,99
8064,21,42769801,128,99,388,5,42769801,99
8065,21,42769802,129,99,388,5,42769802,99
8066,21,47221640,130,99,388,5,47221640,99
8067,21,47221641,131,99,388,5,47221641,99
8068,21,47221642,132,99,388,5,47221642,99
8069,21,52136868,133,99,388,5,52136868,99
8070,21,52136869,134,99,388,5,52136869,99
8071,21,52136870,135,99,388,5,52136870,99
8072,21,57563717,136,99,388,5,57563717,99
8073,21,57563718,137,99,388,5,57563718,99
8074,21,57563719,138,99,388,5,57563719,99
8075,21,63555442,139,99,388,5,63555442,99
8076,21,63555443,140,99,388,5,63555443,99
8077,21,63555444,141,99,388,5,63555444,99
8078,21,70170839,142,99,388,5,70170839,99
8079,21,70170840,143,99,388,5,70170840,99
8080,21,70170841,144,99,388,5,70170841,99
8081,21,77474827,145,99,388,5,77474827,99
8082,21,77474828,146,99,388,5,77474828,99
8083,21,77474829,147,99,388,5,77474829,99
8084,21,85539081,148,99,388,5,85539081,99
8085,21,85539082,149,99,388,5,85539082,99
8086,21,85539083,150,99,388,5,85539083,99
8087,21,94442736,151,99,388,5,94442736,99
8088,21,94442737,152,99,388,5,94442737,99
8089,21,94442738,153,99,388,5,94442738,99
8090,21,104273166,154,99,388,5,104273166,99
8091,21,104273167,155,99,388,5,104273167,99
8092,21,104273168,156,99,388,5,104273168,99
8093,21,115126837,157,99,388,5,115126837,99
8094,21,115126838,158,99,388,5,115126838,99
8095,21,115126839,159,99,388,5,115126839,99
8096,22,0,160,1,0,1,0,1
8097,22,0,161,1,0,1,0,1
8098,22,0,162,1,0,1,0,1
8099,22,1,163,1,1,1,1,1
8100,22,199999999,164,99,388,5,199999999,99
8101,22,200000000,165,99,388,5,200000000,99
8102,22,200000000,166,99,388,5,200000000,99
8103,22,200000000,167,99,388,5,200000000,99
8104,22,82,168,1,82,1,82,1
8105,22,83,169,2,83,2,83,2
8106,22,84,170,2,84,2,84,2
8107,22,173,171,2,173,2,173,2
8108,22,174,172,3,174,3,174,3
8109,22,175,173,3,175,3,175,3
8110,22,275,174,3,275,3,275,3
8111,22,276,175,4,276,4,276,4
8112,22,277,176,4,277,4,277,4
8113,22,387,177,4,387,4,387,4
8114,22,388,178,5,388,5,388,5
8115,22,389,179,5,388,5,389,5
8116,22,511,180,5,388,5,511,5
8117,22,512,181,6,388,5,512,6
8118,22,513,182,6,388,5,513,6
8119,22,649,183,6,388,5,649,6
8120,22,650,184,7,388,5,650,7
8121,22,651,185,7,388,5,651,7
8122,22,800,186,7,388,5,800,7
8123,22,801,187,8,388,5,801,8
8124,22,802,188,8,388,5,802,8
8125,22,968,189,8,388,5,968,8
8126,22,969,190,9,388,5,969,9
8127,22,970,191,9,388,5,970,9
8128,22,1153,192,9,388,5,1153,9
8129,22,1154,193,10,388,5,1154,10
8130,22,1155,194,10,388,5,1155,10
8131,22,1357,195,10,388,5,1357,10
8132,22,1358,196,11,388,5,1358,11
8133,22,1359,197,11,388,5,1359,11
8134,22,1583,198,11,388,5,1583,11
8135,22,1584,199,12,388,5,1584,12
8136,22,1585,200,12,388,5,1585,12
8137,22,1832,201,12,388,5,1832,12
8138,22,1833,202,13,388,5,1833,13
8139,22,1834,203,13,388,5,1834,13
8140,22,2106,204,13,388,5,2106,13
8141,22,2107,205,14,388,5,2107,14
8142,22,2108,206,14,388,5,2108,14
8143,22,2410,207,14,388,5,2410,14
8144,22,2411,208,15,388,5,2411,15
8145,22,2412,209,15,388,5,2412,15
8146,22,2745,210,15,388,5,2745,15
8147,22,2746,211,16,388,5,2746,16
8148,22,2747,212,16,388,5,2747,16
8149,22,3114,213,16,388,5,3114,16
8150,22,3115,214,17,388,5,3115,17
8151,22,3116,215,17,388,5,3116,17
8152,22,3522,216,17,388,5,3522,17
8153,22,3523,217,18,388,5,3523,18
8154,22,3524,218,18,388,5,3524,18
8155,22,3972,219,18,388,5,3972,18
8156,22,3973,220,19,388,5,3973,19
8157,22,3974,221,19,388,5,3974,19
8158,22,4469,222,19,388,5,4469,19
8159,22,4470,223,20,388,5,4470,20
8160,22,4471,224,20,388,5,4471,20
8161,22,5017,225,20,388,5,5017,20
8162,22,5018,226,21,388,5,5018,21
8163,22,5019,227,21,388,5,5019,21
8164,22,5623,228,21,388,5,5623,21
8165,22,5624,229,22,388,5,5624,22
8166,22,5625,230,22,388,5,5625,22
8167,22,6290,231,22,388,5,6290,22
8168,22,6291,232,23,388,5,6291,23
8169,22,6292,233,23,388,5,6292,23
8170,22,7027,234,23,388,5,7027,23
8171,22,7028,235,24,388,5,7028,24
8172,22,7029,236,24,388,5,7029,24
8173,22,7841,237,24,388,5,7841,24
8174,22,7842,238,25,388,5,7842,25
8175,22,7843,239,25,388,5,7843,25
8176,22,8739,240,25,388,5,8739,25
8177,22,8740,241,26,388,5,8740,26
8178,22,8741,242,26,388,5,8741,26
8179,22,9729,243,26,388,5,9729,26
8180,22,9730,244,27,388,5,9730,27
8181,22,9731,245,27,388,5,9731,27
8182,22,10823,246,27,388,5,10823,27
8183,22,10824,247,28,388,5,10824,28
8184,22,10825,248,28,388,5,10825,28
8185,22,12030,249,28,388,5,12030,28
8186,22,12031,250,29,388,5,12031,29
8187,22,12032,251,29,388,5,12032,29
8188,22,13362,252,29,388,5,13362,29
8189,22,13363,253,30,388,5,13363,30
8190,22,13364,254,30,388,5,13364,30
8191,22,14832,255,30,388,5,14832,30
8192,22,14833,0,31,388,5,14833,31
8193,22,14834,1,31,388,5,14834,31
8194,22,16455,2,31,388,5,16455,31
8195,22,16456,3,32,388,5,16456,32
8196,22,16457,4,32,388,5,16457,32
8197,22,18246,5,32,388,5,18246,32
8198,22,18247,6,33,388,5,18247,33
8199,22,18248,7,33,388,5,18248,33
8200,22,20223,8,33,388,5,20223,33
8201,22,20224,9,34,388,5,20224,34
8202,22,20225,10,34,388,5,20225,34
8203,22,22405,11,34,388,5,22405,34
8204,22,22406,12,35,388,5,22406,35
8205,22,22407,13,35,388,5,22407,35
8206,22,24814,14,35,388,5,24814,35
8207,22,24815,15,36,388,5,24815,36
8208,22,24816,16,36,388,5,24816,36
8209,22,27472,17,36,388,5,27472,36
8210,22,27473,18,37,388,5,27473,37
8211,22,27474,19,37,388,5,27474,37
8212,22,30407,20,37,388,5,30407,37
8213,22,30408,21,38,388,5,30408,38
8214,22,30409,22,38,388,5,30409,38
8215,22,33647,23,38,388,5,33647,38
8216,22,33648,24,39,388,5,33648,39
8217,22,33649,25,39,388,5,33649,39
8218,22,37223,26,39,388,5,37223,39
8219,22,37224,27,40,388,5,37224,40
8220,22,37225,28,40,388,5,37225,40
8221,22,41170,29,40,388,5,41170,40
8222,22,41171,30,41,388,5,41171,41
8223,22,41172,31,41,388,5,41172,41
8224,22,45528,32,41,388,5,45528,41
8225,22,45529,33,42,388,5,45529,42
8226,22,45530,34,42,388,5,45530,42
8227,22,50338,35,42,388,5,50338,42
8228,22,50339,36,43,388,5,50339,43
8229,22,50340,37,43,388,5,50340,43
8230,22,55648,38,43,388,5,55648,43
8231,22,55649,39,44,388,5,55649,44
8232,22,55650,40,44,388,5,55650,44
8233,22,61511,41,44,388,5,61511,44
8234,22,61512,42,45,388,5,61512,45
8235,22,61513,43,45,388,5,61513,45
8236,22,67982,44,45,388,5,67982,45
8237,22,67983,45,46,388,5,67983,46
8238,22,67984,46,46,388,5,67984,46
8239,22,75126,47,46,388,5,75126,46
8240,22,75127,48,47,388,5,75127,47
8241,22,75128,49,47,388,5,75128,47
8242,22,83013,50,47,388,5,83013,47
8243,22,83014,51,48,388,5,83014,48
8244,22,83015,52,48,388,5,83015,48
8245,22,91720,53,48,388,5,91720,48
8246,22,91721,54,49,388,5,91721,49
8247,22,91722,55,49,388,5,91722,49
8248,22,101332,56,49,388,5,101332,49
8249,22,101333,57,50,388,5,101333,50
8250,22,101334,58,50,388,5,101334,50
8251,22,111944,59,50,388,5,111944,50
8252,22,111945,60,51,388,5,111945,51
8253,22,111946,61,51,388,5,111946,51
8254,22,123659,62,51,388,5,123659,51
8255,22,123660,63,52,388,5,123660,52
8256,22,123661,64,52,388,5,123661,52
8257,22,136593,65,52,388,5,136593,52
8258,22,136594,66,53,388,5,136594,53
8259,22,136595,67,53,388,5,136595,53
8260,22,150871,68,53,388,5,150871,53
8261,22,150872,69,54,388,5,150872,54
8262,22,150873,70,54,388,5,150873,54
8263,22,166635,71,54,388,5,166635,54
8264,22,166636,72,55,388,5,166636,55
8265,22,166637,73,55,388,5,166637,55
8266,22,184039,74,55,388,5,184039,55
8267,22,184040,75,56,388,5,184040,56
8268,22,184041,76,56,388,5,184041,56
8269,22,203253,77,56,388,5,203253,56
8270,22,203254,78,57,388,5,203254,57
8271,22,203255,79,57,388,5,203255,57
8272,22,224465,80,57,388,5,224465,57
8273,22,224466,81,58,388,5,224466,58
8274,22,224467,82,58,388,5,224467,58
8275,22,247885,83,58,388,5,247885,58
8276,22,247886,84,59,388,5,247886,59
8277,22,247887,85,59,388,5,247887,59
8278,22,273741,86,59,388,5,273741,59
8279,22,273742,87,60,388,5,273742,60
8280,22,273743,88,60,388,5,273743,60
8281,22,302287,89,60,388,5,302287,60
8282,22,302288,90,61,388,5,302288,61
8283,22,302289,91,61,388,5,302289,61
8284,22,333803,92,61,388,5,333803,61
8285,22,333804,93,62,388,5,333804,62
8286,22,333805,94,62,388,5,333805,62
8287,22,368598,95,62,388,5,368598,62
8288,22,368599,96,63,388,5,368599,63
8289,22,368600,97,63,388,5,368600,63
8290,22,407014,98,63,388,5,407014,63
8291,22,407015,99,64,388,5,407015,64
8292,22,407016,100,64,388,5,407016,64
8293,22,449427,101,64,388,5,449427,64
8294,22,449428,102,65,388,5,449428,65
8295,22,449429,103,65,388,5,449429,65
8296,22,496253,104,65,388,5,496253,65
8297,22,496254,105,66,388,5,496254,66
8298,22,496255,106,66,388,5,496255,66
8299,22,547952,107,66,388,5,547952,66
8300,22,547953,108,67,388,5,547953,67
8301,22,547954,109,67,388,5,547954,67
8302,22,605031,110,67,388,5,605031,67
8303,22,605032,111,68,388,5,605032,68
8304,22,605033,112,68,388,5,605033,68
8305,22,668050,113,68,388,5,668050,68
8306,22,668051,114,69,388,5,668051,69
8307,22,668052,115,69,388,5,668052,69
8308,22,737626,116,69,388,5,737626,69
8309,22,737627,117,70,388,5,737627,70
8310,22,737628,118,70,388,5,737628,70
8311,22,814444,119,70,388,5,814444,70
8312,22,814445,120,71,388,5,814445,71
8313,22,814446,121,71,388,5,814446,71
8314,22,899256,122,71,388,5,899256,71
8315,22,899257,123,72,388,5,899257,72
8316,22,899258,124,72,388,5,899258,72
8317,22,992894,125,72,388,5,992894,72
8318,22,992895,126,73,388,5,992895,73
8319,22,992896,127,73,388,5,992896,73
8320,22,1096277,128,73,388,5,1096277,73
8321,22,1096278,129,74,388,5,1096278,74
8322,22,1096279,130,74,388,5,1096279,74
8323,22,1210420,131,74,388,5,1210420,74
8324,22,1210421,132,75,388,5,1210421,75
8325,22,1210422,133,75,388,5,1210422,75
8326,22,1336442,134,75,388,5,1336442,75
8327,22,1336443,135,76,388,5,1336443,76
8328,22,1336444,136,76,388,5,1336444,76
8329,22,1475580,137,76,388,5,1475580,76
8330,22,1475581,138,77,388,5,1475581,77
8331,22,1475582,139,77,388,5,1475582,77
8332,22,1629199,140,77,388,5,1629199,77
8333,22,1629200,141,78,388,5,1629200,78
8334,22,1629201,142,78,388,5,1629201,78
8335,22,1798807,143,78,388,5,1798807,78
8336,22,1798808,144,79,388,5,1798808,79
8337,22,1798809,145,79,388,5,1798809,79
8338,22,1986067,146,79,388,5,1986067,79
8339,22,1986068,147,80,388,5,1986068,80
8340,22,1986069,148,80,388,5,1986069,80
8341,22,2192817,149,80,388,5,2192817,80
8342,22,2192818,150,81,388,5,2192818,81
8343,22,2192819,151,81,388,5,2192819,81
8344,22,2421086,152,81,388,5,2421086,81
8345,22,2421087,153,82,388,5,2421087,82
8346,22,2421088,154,82,388,5,2421088,82
8347,22,2673113,155,82,388,5,2673113,82
8348,22,2673114,156,83,388,5,2673114,83
8349,22,2673115,157,83,388,5,2673115,83
8350,22,2951372,158,83,388,5,2951372,83
8351,22,2951373,159,84,388,5,2951373,84
8352,22,2951374,160,84,388,5,2951374,84
8353,22,3258593,161,84,388,5,3258593,84
8354,22,3258594,162,85,388,5,3258594,85
8355,22,3258595,163,85,388,5,3258595,85
8356,22,3597791,164,85,388,5,3597791,85
8357,22,3597792,165,86,388,5,3597792,86
8358,22,3597793,166,86,388,5,3597793,86
8359,22,3972293,167,86,388,5,3972293,86
8360,22,3972294,168,87,388,5,3972294,87
8361,22,3972295,169,87,388,5,3972295,87
8362,22,4385775,170,87,388,5,4385775,87
8363,22,4385776,171,88,388,5,4385776,88
8364,22,4385777,172,88,388,5,4385777,88
8365,22,4842294,173,88,388,5,4842294,88
8366,22,4842295,174,89,388,5,4842295,89
8367,22,4842296,175,89,388,5,4842296,89
8368,22,5346331,176,89,388,5,5346331,89
8369,22,5346332,177,90,388,5,5346332,90
8370,22,5346333,178,90,388,5,5346333,90
8371,22,5902830,179,90,388,5,5902830,90
8372,22,5902831,180,91,388,5,5902831,91
8373,22,5902832,181,91,388,5,5902832,91
8374,22,6517252,182,91,388,5,6517252,91
8375,22,6517253,183,92,388,5,6517253,92
8376,22,6517254,184,92,388,5,6517254,92
8377,22,7195628,185,92,388,5,7195628,92
8378,22,7195629,186,93,388,5,7195629,93
8379,22,7195630,187,93,388,5,7195630,93
8380,22,7944613,188,93,388,5,7944613,93
8381,22,7944614,189,94,388,5,7944614,94
8382,22,7944615,190,94,388,5,7944615,94
8383,22,8771557,191,94,388,5,8771557,94
8384,22,8771558,192,95,388,5,8771558,95
8385,22,8771559,193,95,388,5,8771559,95
8386,22,9684576,194,95,388,5,9684576,95
8387,22,9684577,195,96,388,5,9684577,96
8388,22,9684578,196,96,388,5,9684578,96
8389,22,10692628,197,96,388,5,10692628,96
8390,22,10692629,198,97,388,5,10692629,97
8391,22,10692630,199,97,388,5,10692630,97
8392,22,11805605,200,97,388,5,11805605,97
8393,22,11805606,201,98,388,5,11805606,98
8394,22,11805607,202,98,388,5,11805607,98
8395,22,13034430,203,98,388,5,13034430,98
8396,22,13034431,204,99,388,5,13034431,99
8397,22,13034432,205,99,388,5,13034432,99
8398,22,14391159,206,99,388,5,14391159,99
8399,22,14391160,207,99,388,5,14391160,99
8400,22,14391161,208,99,388,5,14391161,99
8401,22,15889108,209,99,388,5,15889108,99
8402,22,15889109,210,99,388,5,15889109,99
8403,22,15889110,211,99,388,5,15889110,99
8404,22,17542975,212,99,388,5,17542975,99
8405,22,17542976,213,99,388,5,17542976,99
8406,22,17542977,214,99,388,5,17542977,99
8407,22,19368991,215,99,388,5,19368991,99
8408,22,19368992,216,99,388,5,19368992,99
8409,22,19368993,217,99,388,5,19368993,99
8410,22,21385072,218,99,388,5,21385072,99
8411,22,21385073,219,99,388,5,21385073,99
8412,22,21385074,220,99,388,5,21385074,99
8413,22,23611005,221,99,388,5,23611005,99
8414,22,23611006,222,99,388,5,23611006,99
8415,22,23611007,223,99,388,5,23611007,99
8416,22,26068631,224,99,388,5,26068631,99
8417,22,26068632,225,99,388,5,26068632,99
8418,22,26068633,226,99,388,5,26068633,99
8419,22,28782068,227,99,388,5,28782068,99
8420,22,28782069,228,99,388,5,28782069,99
8421,22,28782070,229,99,388,5,28782070,99
8422,22,31777942,230,99,388,5,31777942,99
8423,22,31777943,231,99,388,5,31777943,99
8424,22,31777944,232,99,388,5,31777944,99
8425,22,35085653,233,99,388,5,35085653,99
8426,22,35085654,234,99,388,5,35085654,99
8427,22,35085655,235,99,388,5,35085655,99
8428,22,38737660,236,99,388,5,38737660,99
8429,22,38737661,237,99,388,5,38737661,99
8430,22,38737662,238,99,388,5,38737662,99
8431,22,42769800,239,99,388,5,42769800,99
8432,22,42769801,240,99,388,5,42769801,99
8433,22,42769802,241,99,388,5,42769802,99
8434,22,47221640,242,99,388,5,47221640,99
8435,22,47221641,243,99,388,5,47221641,99
8436,22,47221642,244,99,388,5,47221642,99
8437,22,52136868,245,99,388,5,52136868,99
8438,22,52136869,246,99,388,5,52136869,99
8439,22,52136870,247,99,388,5,52136870,99
8440,22,57563717,248,99,388,5,57563717,99
8441,22,57563718,249,99,388,5,57563718,99
8442,22,57563719,250,99,388,5,57563719,99
8443,22,63555442,251,99,388,5,63555442,99
8444,22,63555443,252,99,388,5,63555443,99
8445,22,63555444,253,99,388,5,63555444,99
8446,22,70170839,254,99,388,5,70170839,99
8447,22,70170840,255,99,388,5,70170840,99
8448,22,70170841,0,99,388,5,70170841,99
8449,22,77474827,1,99,388,5,77474827,99
8450,22,77474828,2,99,388,5,77474828,99
8451,22,77474829,3,99,388,5,77474829,99
8452,22,85539081,4,99,388,5,85539081,99
8453,22,85539082,5,99,388,5,85539082,99
8454,22,85539083,6,99,388,5,85539083,99
8455,22,94442736,7,99,388,5,94442736,99
8456,22,94442737,8,99,388,5,94442737,99
8457,22,94442738,9,99,388,5,94442738,99
8458,22,104273166,10,99,388,5,104273166,99
8459,22,104273167,11,99,388,5,104273167,99
8460,22,104273168,12,99,388,5,104273168,99
8461,22,115126837,13,99,388,5,115126837,99
8462,22,115126838,14,99,388,5,115126838,99
8463,22,115126839,15,99,388,5,115126839,99
8464,23,0,16,1,0,1,0,1
8465,23,0,17,1,0,1,0,1
8466,23,0,18,1,0,1,0,1
8467,23,1,19,1,1,1,1,1
8468,23,199999999,20,99,388,5,199999999,99
8469,23,200000000,21,99,388,5,200000000,99
8470,23,200000000,22,99,388,5,200000000,99
8471,23,200000000,23,99,388,5,200000000,99
8472,23,82,24,1,82,1,82,1
8473,23,83,25,2,83,2,83,2
8474,23,84,26,2,84,2,84,2
8475,23,173,27,2,173,2,173,2
8476,23,174,28,3,174,3,174,3
8477,23,175,29,3,175,3,175,3
8478,23,275,30,3,275,3,275,3
8479,23,276,31,4,276,4,276,4
8480,23,277,32,4,277,4,277,4
8481,23,387,33,4,387,4,387,4
8482,23,388,34,5,388,5,388,5
8483,23,389,35,5,388,5,389,5
8484,23,511,36,5,388,5,511,5
8485,23,512,37,6,388,5,512,6
8486,23,513,38,6,388,5,513,6
8487,23,649,39,6,388,5,649,6
8488,23,650,40,7,388,5,650,7
8489,23,651,41,7,388,5,651,7
8490,23,800,42,7,388,5,800,7
8491,23,801,43,8,388,5,801,8
8492,23,802,44,8,388,5,802,8
8493,23,968,45,8,388,5,968,8
8494,23,969,46,9,388,5,969,9
8495,23,970,47,9,388,5,970,9
8496,23,1153,48,9,388,5,1153,9
8497,23,1154,49,10,388,5,1154,10
8498,23,1155,50,10,388,5,1155,10
8499,23,1357,51,10,388,5,1357,10
8500,23,1358,52,11,388,5,1358,11
8501,23,1359,53,11,388,5,1359,11
8502,23,1583,54,11,388,5,1583,11
8503,23,1584,55,12,388,5,1584,12
8504,23,1585,56,12,388,5,1585,12
8505,23,1832,57,12,388,5,1832,12
8506,23,1833,58,13,388,5,1833,13
8507,23,1834,59,13,388,5,1834,13
8508,23,2106,60,13,388,5,2106,13
8509,23,2107,61,14,388,5,2107,14
8510,23,2108,62,14,388,5,2108,14
8511,23,2410,63,14,388,5,2410,14
8512,23,2411,64,15,388,5,2411,15
8513,23,2412,65,15,388,5,2412,15
8514,23,2745,66,15,388,5,2745,15
8515,23,2746,67,16,388,5,2746,16
8516,23,2747,68,16,388,5,2747,16
8517,23,3114,69,16,388,5,3114,16
8518,23,3115,70,17,388,5,3115,17
8519,23,3116,71,17,388,5,3116,17
8520,23,3522,72,17,388,5,3522,17
8521,23,3523,73,18,388,5,3523,18
8522,23,3524,74,18,388,5,3524,18
8523,23,3972,75,18,388,5,3972,18
8524,23,3973,76,19,388,5,3973,19
8525,23,3974,77,19,388,5,3974,19
8526,23,4469,78,19,388,5,4469,19
8527,23,4470,79,20,388,5,4470,20
8528,23,4471,80,20,388,5,4471,20
8529,23,5017,81,20,388,5,5017,20
8530,23,5018,82,21,388,5,5018,21
8531,23,5019,83,21,388,5,5019,21
8532,23,5623,84,21,388,5,5623,21
8533,23,5624,85,22,388,5,5624,22
8534,23,5625,86,22,388,5,5625,22
8535,23,6290,87,22,388,5,6290,22
8536,23,6291,88,23,388,5,6291,23
8537,23,6292,89,23,388,5,6292,23
8538,23,7027,90,23,388,5,7027,23
8539,23,7028,91,24,388,5,7028,24
8540,23,7029,92,24,388,5,7029,24
8541,23,7841,93,24,388,5,7841,24
8542,23,7842,94,25,388,5,7842,25
8543,23,7843,95,25,388,5,7843,25
8544,23,8739,96,25,388,5,8739,25
8545,23,8740,97,26,388,5,8740,26
8546,23,8741,98,26,388,5,8741,26
8547,23,9729,99,26,388,5,9729,26
8548,23,9730,100,27,388,5,9730,27
8549,23,9731,101,27,388,5,9731,27
8550,23,10823,102,27,388,5,10823,27
8551,23,10824,103,28,388,5,10824,28
8552,23,10825,104,28,388,5,10825,28
8553,23,12030,105,28,388,5,12030,28
8554,23,12031,106,29,388,5,12031,29
8555,23,12032,107,29,388,5,12032,29
8556,23,13362,108,29,388,5,13362,29
8557,23,13363,109,30,388,5,13363,30
8558,23,13364,110,30,388,5,13364,30
8559,23,14832,111,30,388,5,14832,30
8560,23,14833,112,31,388,5,14833,31
8561,23,14834,113,31,388,5,14834,31
8562,23,16455,114,31,388,5,16455,31
8563,23,16456,115,32,388,5,16456,32
8564,23,16457,116,32,388,5,16457,32
8565,23,18246,117,32,388,5,18246,32
8566,23,18247,118,33,388,5,18247,33
8567,23,18248,119,33,388,5,18248,33
8568,23,20223,120,33,388,5,20223,33
8569,23,20224,121,34,388,5,20224,34
8570,23,20225,122,34,388,5,20225,34
8571,23,22405,123,34,388,5,22405,34
8572,23,22406,124,35,388,5,22406,35
8573,23,22407,125,35,388,5,22407,35
8574,23,24814,126,35,388,5,24814,35
8575,23,24815,127,36,388,5,24815,36
8576,23,24816,128,36,388,5,24816,36
8577,23,27472,129,36,388,5,27472,36
8578,23,27473,130,37,388,5,27473,37
8579,23,27474,131,37,388,5,27474,37
8580,23,30407,132,37,388,5,30407,37
8581,23,30408,133,38,388,5,30408,38
8582,23,30409,134,38,388,5,30409,38
8583,23,33647,135,38,388,5,33647,38
8584,23,33648,136,39,388,5,33648,39
8585,23,33649,137,39,388,5,33649,39
8586,23,37223,138,39,388,5,37223,39
8587,23,37224,139,40,388,5,37224,40
8588,23,37225,140,40,388,5,37225,40
8589,23,41170,141,40,388,5,41170,40
8590,23,41171,142,41,388,5,41171,41
8591,23,41172,143,41,388,5,41172,41
8592,23,45528,144,41,388,5,45528,41
8593,23,45529,145,42,388,5,45529,42
8594,23,45530,146,42,388,5,45530,42
8595,23,50338,147,42,388,5,50338,42
8596,23,50339,148,43,388,5,50339,43
8597,23,50340,149,43,388,5,50340,43
8598,23,55648,150,43,388,5,55648,43
8599,23,55649,151,44,388,5,55649,44
8600,23,55650,152,44,388,5,55650,44
8601,23,61511,153,44,388,5,61511,44
8602,23,61512,154,45,388,5,61512,45
8603,23,61513,155,45,388,5,61513,45
8604,23,67982,156,45,388,5,67982,45
8605,23,67983,157,46,388,5,67983,46
8606,23,67984,158,46,388,5,67984,46
8607,23,75126,159,46,388,5,75126,46
8608,23,75127,160,47,388,5,75127,47
8609,23,75128,161,47,388,5,75128,47
8610,23,83013,162,47,388,5,83013,47
8611,23,83014,163,48,388,5,83014,48
8612,23,83015,164,48,388,5,83015,48
8613,23,91720,165,48,388,5,91720,48
8614,23,91721,166,49,388,5,91721,49
8615,23,91722,167,49,388,5,91722,49
8616,23,101332,168,49,388,5,101332,49
8617,23,101333,169,50,388,5,101333,50
8618,23,101334,170,50,388,5,101334,50
8619,23,111944,171,50,388,5,111944,50
8620,23,111945,172,51,388,5,111945,51
8621,23,111946,173,51,388,5,111946,51
8622,23,123659,174,51,388,5,123659,51
8623,23,123660,175,52,388,5,123660,52
8624,23,123661,176,52,388,5,123661,52
8625,23,136593,177,52,388,5,136593,52
8626,23,136594,178,53,388,5,136594,53
8627,23,136595,179,53,388,5,136595,53
8628,23,150871,180,53,388,5,150871,53
8629,23,150872,181,54,388,5,150872,54
8630,23,150873,182,54,388,5,150873,54
8631,23,166635,183,54,388,5,166635,54
8632,23,166636,184,55,388,5,166636,55
8633,23,166637,185,55,388,5,166637,55
8634,23,184039,186,55,388,5,184039,55
8635,23,184040,187,56,388,5,184040,56
8636,23,184041,188,56,388,5,184041,56
8637,23,203253,189,56,388,5,203253,56
8638,23,203254,190,57,388,5,203254,57
8639,23,203255,191,57,388,5,203255,57
8640,23,224465,192,57,388,5,224465,57
8641,23,224466,193,58,388,5,224466,58
8642,23,224467,194,58,388,5,224467,58
8643,23,247885,195,58,388,5,247885,58
8644,23,247886,196,59,388,5,247886,59
8645,23,247887,197,59,388,5,247887,59
8646,23,273741,198,59,388,5,273741,59
8647,23,273742,199,60,388,5,273742,60
8648,23,273743,200,60,388,5,273743,60
8649,23,302287,201,60,388,5,302287,60
8650,23,302288,202,61,388,5,302288,61
8651,23,302289,203,61,388,5,302289,61
8652,23,333803,204,61,388,5,333803,61
8653,23,333804,205,62,388,5,333804,62
8654,23,333805,206,62,388,5,333805,62
8655,23,368598,207,62,388,5,368598,62
8656,23,368599,208,63,388,5,368599,63
8657,23,368600,209,63,388,5,368600,63
8658,23,407014,210,63,388,5,407014,63
8659,23,407015,211,64,388,5,407015,64
8660,23,407016,212,64,388,5,407016,64
8661,23,449427,213,64,388,5,449427,64
8662,23,449428,214,65,388,5,449428,65
8663,23,449429,215,65,388,5,449429,65
8664,23,496253,216,65,388,5,496253,65
8665,23,496254,217,66,388,5,496254,66
8666,23,496255,218,66,388,5,496255,66
8667,23,547952,219,66,388,5,547952,66
8668,23,547953,220,67,388,5,547953,67
8669,23,547954,221,67,388,5,547954,67
8670,23,605031,222,67,388,5,605031,67
8671,23,605032,223,68,388,5,605032,68
8672,23,605033,224,68,388,5,605033,68
8673,23,668050,225,68,388,5,668050,68
8674,23,668051,226,69,388,5,668051,69
8675,23,668052,227,69,388,5,668052,69
8676,23,737626,228,69,388,5,737626,69
8677,23,737627,229,70,388,5,737627,70
8678,23,737628,230,70,388,5,737628,70
8679,23,814444,231,70,388,5,814444,70
8680,23,814445,232,71,388,5,814445,71
8681,23,814446,233,71,388,5,814446,71
8682,23,899256,234,71,388,5,899256,71
8683,23,899257,235,72,388,5,899257,72
8684,23,899258,236,72,388,5,899258,72
8685,23,992894,237,72,388,5,992894,72
8686,23,992895,238,73,388,5,992895,73
8687,23,992896,239,73,388,5,992896,73
8688,23,1096277,240,73,388,5,1096277,73
8689,23,1096278,241,74,388,5,1096278,74
8690,23,1096279,242,74,388,5,1096279,74
8691,23,1210420,243,74,388,5,1210420,74
8692,23,1210421,244,75,388,5,1210421,75
8693,23,1210422,245,75,388,5,1210422,75
8694,23,1336442,246,75,388,5,1336442,75
8695,23,1336443,247,76,388,5,1336443,76
8696,23,1336444,248,76,388,5,1336444,76
8697,23,1475580,249,76,388,5,1475580,76
8698,23,1475581,250,77,388,5,1475581,77
8699,23,1475582,251,77,388,5,1475582,77
8700,23,1629199,252,77,388,5,1629199,77
8701,23,1629200,253,78,388,5,1629200,78
8702,23,1629201,254,78,388,5,1629201,78
8703,23,1798807,255,78,388,5,1798807,78
8704,23,1798808,0,79,388,5,1798808,79
8705,23,1798809,1,79,388,5,1798809,79
8706,23,1986067,2,79,388,5,1986067,79
8707,23,1986068,3,80,388,5,1986068,80
8708,23,1986069,4,80,388,5,1986069,80
8709,23,2192817,5,80,388,5,2192817,80
8710,23,2192818,6,81,388,5,2192818,81
8711,23,2192819,7,81,388,5,2192819,81
8712,23,2421086,8,81,388,5,2421086,81
8713,23,2421087,9,82,388,5,2421087,82
8714,23,2421088,10,82,388,5,2421088,82
8715,23,2673113,11,82,388,5,2673113,82
8716,23,2673114,12,83,388,5,2673114,83
8717,23,2673115,13,83,388,5,2673115,83
8718,23,2951372,14,83,388,5,2951372,83
8719,23,2951373,15,84,388,5,2951373,84
8720,23,2951374,16,84,388,5,2951374,84
8721,23,3258593,17,84,388,5,3258593,84
8722,23,3258594,18,85,388,5,3258594,85
8723,23,3258595,19,85,388,5,3258595,85
8724,23,3597791,20,85,388,5,3597791,85
8725,23,3597792,21,86,388,5,3597792,86
8726,23,3597793,22,86,388,5,3597793,86
8727,23,3972293,23,86,388,5,3972293,86
8728,23,3972294,24,87,388,5,3972294,87
8729,23,3972295,25,87,388,5,3972295,87
8730,23,4385775,26,87,388,5,4385775,87
8731,23,4385776,27,88,388,5,4385776,88
8732,23,4385777,28,88,388,5,4385777,88
8733,23,4842294,29,88,388,5,4842294,88
8734,23,4842295,30,89,388,5,4842295,89
8735,23,4842296,31,89,388,5,4842296,89
8736,23,5346331,32,89,388,5,5346331,89
8737,23,5346332,33,90,388,5,5346332,90
8738,23,5346333,34,90,388,5,5346333,90
8739,23,5902830,35,90,388,5,5902830,90
8740,23,5902831,36,91,388,5,5902831,91
8741,23,5902832,37,91,388,5,5902832,91
8742,23,6517252,38,91,388,5,6517252,91
8743,23,6517253,39,92,388,5,6517253,92
8744,23,6517254,40,92,388,5,6517254,92
8745,23,7195628,41,92,388,5,7195628,92
8746,23,7195629,42,93,388,5,7195629,93
8747,23,7195630,43,93,388,5,7195630,93
8748,23,7944613,44,93,388,5,7944613,93
8749,23,7944614,45,94,388,5,7944614,94
8750,23,7944615,46,94,388,5,7944615,94
8751,23,8771557,47,94,388,5,8771557,94
8752,23,8771558,48,95,388,5,8771558,95
8753,23,8771559,49,95,388,5,8771559,95
8754,23,9684576,50,95,388,5,9684576,95
8755,23,9684577,51,96,388,5,9684577,96
8756,23,9684578,52,96,388,5,9684578,96
8757,23,10692628,53,96,388,5,10692628,96
8758,23,10692629,54,97,388,5,10692629,97
8759,23,10692630,55,97,388,5,10692630,97
8760,23,11805605,56,97,388,5,11805605,97
8761,23,11805606,57,98,388,5,11805606,98
8762,23,11805607,58,98,388,5,11805607,98
8763,23,13034430,59,98,388,5,13034430,98
8764,23,13034431,60,99,388,5,13034431,99
8765,23,13034432,61,99,388,5,13034432,99
8766,23,14391159,62,99,388,5,14391159,99
8767,23,14391160,63,99,388,5,14391160,99
8768,23,14391161,64,99,388,5,14391161,99
8769,23,15889108,65,99,388,5,15889108,99
8770,23,15889109,66,99,388,5,15889109,99
8771,23,15889110,67,99,388,5,15889110,99
8772,23,17542975,68,99,388,5,17542975,99
8773,23,17542976,69,99,388,5,17542976,99
8774,23,17542977,70,99,388,5,17542977,99
8775,23,19368991,71,99,388,5,19368991,99
8776,23,19368992,72,99,388,5,19368992,99
8777,23,19368993,73,99,388,5,19368993,99
8778,23,21385072,74,99,388,5,21385072,99
8779,23,21385073,75,99,388,5,21385073,99
8780,23,21385074,76,99,388,5,21385074,99
8781,23,23611005,77,99,388,5,23611005,99
8782,23,23611006,78,99,388,5,23611006,99
8783,23,23611007,79,99,388,5,23611007,99
8784,23,26068631,80,99,388,5,26068631,99
8785,23,26068632,81,99,388,5,26068632,99
8786,23,26068633,82,99,388,5,26068633,99
8787,23,28782068,83,99,388,5,28782068,99
8788,23,28782069,84,99,388,5,28782069,99
8789,23,28782070,85,99,388,5,28782070,99
8790,23,31777942,86,99,388,5,31777942,99
8791,23,31777943,87,99,388,5,31777943,99
8792,23,31777944,88,99,388,5,31777944,99
8793,23,35085653,89,99,388,5,35085653,99
8794,23,35085654,90,99,388,5,35085654,99
8795,23,35085655,91,99,388,5,35085655,99
8796,23,38737660,92,99,388,5,38737660,99
8797,23,38737661,93,99,388,5,38737661,99
8798,23,38737662,94,99,388,5,38737662,99
8799,23,42769800,95,99,388,5,42769800,99
8800,23,42769801,96,99,388,5,42769801,99
8801,23,42769802,97,99,388,5,42769802,99
8802,23,47221640,98,99,388,5,47221640,99
8803,23,47221641,99,99,388,5,47221641,99
8804,23,47221642,100,99,388,5,47221642,99
8805,23,52136868,101,99,388,5,52136868,99
8806,23,52136869,102,99,388,5,52136869,99
8807,23,52136870,103,99,388,5,52136870,99
8808,23,57563717,104,99,388,5,57563717,99
8809,23,57563718,105,99,388,5,57563718,99
8810,23,57563719,106,99,388,5,57563719,99
8811,23,63555442,107,99,388,5,63555442,99
8812,23,63555443,108,99,388,5,63555443,99
8813,23,63555444,109,99,388,5,63555444,99
8814,23,70170839,110,99,388,5,70170839,99
8815,23,70170840,111,99,388,5,70170840,99
8816,23,70170841,112,99,388,5,70170841,99
8817,23,77474827,113,99,388,5,77474827,99
8818,23,77474828,114,99,388,5,77474828,99
8819,23,77474829,115,99,388,5,77474829,99
8820,23,85539081,116,99,388,5,85539081,99
8821,23,85539082,117,99,388,5,85539082,99
8822,23,85539083,118,99,388,5,85539083,99
8823,23,94442736,119,99,388,5,94442736,99
8824,23,94442737,120,99,388,5,94442737,99
8825,23,94442738,121,99,388,5,94442738,99
8826,23,104273166,122,99,388,5,104273166,99
8827,23,104273167,123,99,388,5,104273167,99
8828,23,104273168,124,99,388,5,104273168,99
8829,23,115126837,125,99,388,5,115126837,99
8830,23,115126838,126,99,388,5,115126838,99
8831,23,115126839,127,99,388,5,115126839,99
8832,24,0,128,1,0,1,0,1
8833,24,0,129,1,0,1,0,1
8834,24,0,130,1,0,1,0,1
8835,24,1,131,1,1,1,1,1
8836,24,199999999,132,120,199999999,120,199999999,120
8837,24,200000000,133,120,200000000,120,200000000,120
8838,24,200000000,134,120,200000000,120,200000000,120
8839,24,200000000,135,120,200000000,120,200000000,120
8840,24,82,136,1,82,1,82,1
8841,24,83,137,2,83,2,83,2
8842,24,84,138,2,84,2,84,2
8843,24,173,139,2,173,2,173,2
8844,24,174,140,3,174,3,174,3
8845,24,175,141,3,175,3,175,3
8846,24,275,142,3,275,3,275,3
8847,24,276,143,4,276,4,276,4
8848,24,277,144,4,277,4,277,4
8849,24,387,145,4,387,4,387,4
8850,24,388,146,5,388,5,388,5
8851,24,389,147,5,389,5,389,5
8852,24,511,148,5,511,5,511,5
8853,24,512,149,6,512,6,512,6
8854,24,513,150,6,513,6,513,6
8855,24,649,151,6,649,6,649,6
8856,24,650,152,7,650,7,650,7
8857,24,651,153,7,651,7,651,7
8858,24,800,154,7,800,7,800,7
8859,24,801,155,8,801,8,801,8
8860,24,802,156,8,802,8,802,8
8861,24,968,157,8,968,8,968,8
8862,24,969,158,9,969,9,969,9
8863,24,970,159,9,970,9,970,9
8864,24,1153,160,9,1153,9,1153,9
8865,24,1154,161,10,1154,10,1154,10
8866,24,1155,162,10,1155,10,1155,10
8867,24,1357,163,10,1357,10,1357,10
8868,24,1358,164,11,1358,11,1358,11
8869,24,1359,165,11,1359,11,1359,11
8870,24,1583,166,11,1583,11,1583,11
8871,24,1584,167,12,1584,12,1584,12
8872,24,1585,168,12,1585,12,1585,12
8873,24,1832,169,12,1832,12,1832,12
8874,24,1833,170,13,1833,13,1833,13
8875,24,1834,171,13,1834,13,1834,13
8876,24,2106,172,13,2106,13,2106,13
8877,24,2107,173,14,2107,14,2107,14
8878,24,2108,174,14,2108,14,2108,14
8879,24,2410,175,14,2410,14,2410,14
8880,24,2411,176,15,2411,15,2411,15
8881,24,2412,177,15,2412,15,2412,15
8882,24,2745,178,15,2745,15,2745,15
8883,24,2746,179,16,2746,16,2746,16
8884,24,2747,180,16,2747,16,2747,16
8885,24,3114,181,16,3114,16,3114,16
8886,24,3115,182,17,3115,17,3115,17
8887,24,3116,183,17,3116,17,3116,17
8888,24,3522,184,17,3522,17,3522,17
8889,24,3523,185,18,3523,18,3523,18
8890,24,3524,186,18,3524,18,3524,18
8891,24,3972,187,18,3972,18,3972,18
8892,24,3973,188,19,3973,19,3973,19
8893,24,3974,189,19,3974,19,3974,19
8894,24,4469,190,19,4469,19,4469,19
8895,24,4470,191,20,4470,20,4470,20
8896,24,4471,192,20,4471,20,4471,20
8897,24,5017,193,20,5017,20,5017,20
8898,24,5018,194,21,5018,21,5018,21
8899,24,5019,195,21,5019,21,5019,21
8900,24,5623,196,21,5623,21,5623,21
8901,24,5624,197,22,5624,22,5624,22
8902,24,5625,198,22,5625,22,5625,22
8903,24,6290,199,22,6290,22,6290,22
8904,24,6291,200,23,6291,23,6291,23
8905,24,6292,201,23,6292,23,6292,23
8906,24,7027,202,23,7027,23,7027,23
8907,24,7028,203,24,7028,24,7028,24
8908,24,7029,204,24,7029,24,7029,24
8909,24,7841,205,24,7841,24,7841,24
8910,24,7842,206,25,7842,25,7842,25
8911,24,7843,207,25,7843,25,7843,25
8912,24,8739,208,25,8739,25,8739,25
8913,24,8740,209,26,8740,26,8740,26
8914,24,8741,210,26,8741,26,8741,26
8915,24,9729,211,26,9729,26,9729,26
8916,24,9730,212,27,9730,27,9730,27
8917,24,9731,213,27,9731,27,9731,27
8918,24,10823,214,27,10823,27,10823,27
8919,24,10824,215,28,10824,28,10824,28
8920,24,10825,216,28,10825,28,10825,28
8921,24,12030,217,28,12030,28,12030,28
8922,24,12031,218,29,12031,29,12031,29
8923,24,12032,219,29,12032,29,12032,29
8924,24,13362,220,29,13362,29,13362,29
8925,24,13363,221,30,13363,30,13363,30
8926,24,13364,222,30,13364,30,13364,30
8927,24,14832,223,30,14832,30,14832,30
8928,24,14833,224,31,14833,31,14833,31
8929,24,14834,225,31,14834,31,14834,31
8930,24,16455,226,31,16455,31,16455,31
8931,24,16456,227,32,16456,32,16456,32
8932,24,16457,228,32,16457,32,16457,32
8933,24,18246,229,32,18246,32,18246,32
8934,24,18247,230,33,18247,33,18247,33
8935,24,18248,231,33,18248,33,18248,33
8936,24,20223,232,33,20223,33,20223,33
8937,24,20224,233,34,20224,34,20224,34
8938,24,20225,234,34,20225,34,20225,34
8939,24,22405,235,34,22405,34,22405,34
8940,24,22406,236,35,22406,35,22406,35
8941,24,22407,237,35,22407,35,22407,35
8942,24,24814,238,35,24814,35,24814,35
8943,24,24815,239,36,24815,36,24815,36
8944,24,24816,240,36,24816,36,24816,36
8945,24,27472,241,36,27472,36,27472,36
8946,24,27473,242,37,27473,37,27473,37
8947,24,27474,243,37,27474,37,27474,37
8948,24,30407,244,37,30407,37,30407,37
8949,24,30408,245,38,30408,38,30408,38
8950,24,30409,246,38,30409,38,30409,38
8951,24,33647,247,38,33647,38,33647,38
8952,24,33648,248,39,33648,39,33648,39
8953,24,33649,249,39,33649,39,33649,39
8954,24,37223,250,39,37223,39,37223,39
8955,24,37224,251,40,37224,40,37224,40
8956,24,37225,252,40,37225,40,37225,40
8957,24,41170,253,40,41170,40,41170,40
8958,24,41171,254,41,41171,41,41171,41
8959,24,41172,255,41,41172,41,41172,41
8960,24,45528,0,41,45528,41,45528,41
8961,24,45529,1,42,45529,42,45529,42
8962,24,45530,2,42,45530,42,45530,42
8963,24,50338,3,42,50338,42,50338,42
8964,24,50339,4,43,50339,43,50339,43
8965,24,50340,5,43,50340,43,50340,43
8966,24,55648,6,43,55648,43,55648,43
8967,24,55649,7,44,55649,44,55649,44
8968,24,55650,8,44,55650,44,55650,44
8969,24,61511,9,44,61511,44,61511,44
8970,24,61512,10,45,61512,45,61512,45
8971,24,61513,11,45,61513,45,61513,45
8972,24,67982,12,45,67982,45,67982,45
8973,24,67983,13,46,67983,46,67983,46
8974,24,67984,14,46,67984,46,67984,46
8975,24,75126,15,46,75126,46,75126,46
8976,24,75127,16,47,75127,47,75127,47
8977,24,75128,17,47,75128,47,75128,47
8978,24,83013,18,47,83013,47,83013,47
8979,24,83014,19,48,83014,48,83014,48
8980,24,83015,20,48,83015,48,83015,48
8981,24,91720,21,48,91720,48,91720,48
8982,24,91721,22,49,91721,49,91721,49
8983,24,91722,23,49,91722,49,91722,49
8984,24,101332,24,49,101332,49,101332,49
8985,24,101333,25,50,101333,50,101333,50
8986,24,101334,26,50,101334,50,101334,50
8987,24,111944,27,50,111944,50,111944,50
8988,24,111945,28,51,111945,51,111945,51
8989,24,111946,29,51,111946,51,111946,51
8990,24,123659,30,51,123659,51,123659,51
8991,24,123660,31,52,123660,52,123660,52
8992,24,123661,32,52,123661,52,123661,52
8993,24,136593,33,52,136593,52,136593,52
8994,24,136594,34,53,136594,53,136594,53
8995,24,136595,35,53,136595,53,136595,53
8996,24,150871,36,53,150871,53,150871,53
8997,24,150872,37,54,150872,54,150872,54
8998,24,150873,38,54,150873,54,150873,54
8999,24,166635,39,54,166635,54,166635,54
9000,24,166636,40,55,166636,55,166636,55
9001,24,166637,41,55,166637,55,166637,55
9002,24,184039,42,55,184039,55,184039,55
9003,24,184040,43,56,184040,56,184040,56
9004,24,184041,44,56,184041,56,184041,56
9005,24,203253,45,56,203253,56,203253,56
9006,24,203254,46,57,203254,57,203254,57
9007,24,203255,47,57,203255,57,203255,57
9008,24,224465,48,57,224465,57,224465,57
9009,24,224466,49,58,224466,58,224466,58
9010,24,224467,50,58,224467,58,224467,58
9011,24,247885,51,58,247885,58,247885,58
9012,24,247886,52,59,247886,59,247886,59
9013,24,247887,53,59,247887,59,247887,59
9014,24,273741,54,59,273741,59,273741,59
9015,24,273742,55,60,273742,60,273742,60
9016,24,273743,56,60,273743,60,273743,60
9017,24,302287,57,60,302287,60,302287,60
9018,24,302288,58,61,302288,61,302288,61
9019,24,302289,59,61,302289,61,302289,61
9020,24,333803,60,61,333803,61,333803,61
9021,24,333804,61,62,333804,62,333804,62
9022,24,333805,62,62,333805,62,333805,62
9023,24,368598,63,62,368598,62,368598,62
9024,24,368599,64,63,368599,63,368599,63
9025,24,368600,65,63,368600,63,368600,63
9026,24,407014,66,63,407014,63,407014,63
9027,24,407015,67,64,407015,64,407015,64
9028,24,407016,68,64,407016,64,407016,64
9029,24,449427,69,64,449427,64,449427,64
9030,24,449428,70,65,449428,65,449428,65
9031,24,449429,71,65,449429,65,449429,65
9032,24,496253,72,65,496253,65,496253,65
9033,24,496254,73,66,496254,66,496254,66
9034,24,496255,74,66,496255,66,496255,66
9035,24,547952,75,66,547952,66,547952,66
9036,24,547953,76,67,547953,67,547953,67
9037,24,547954,77,67,547954,67,547954,67
9038,24,605031,78,67,605031,67,605031,67
9039,24,605032,79,68,605032,68,605032,68
9040,24,605033,80,68,605033,68,605033,68
9041,24,668050,81,68,668050,68,668050,68
9042,24,668051,82,69,668051,69,668051,69
9043,24,668052,83,69,668052,69,668052,69
9044,24,737626,84,69,737626,69,737626,69
9045,24,737627,85,70,737627,70,737627,70
9046,24,737628,86,70,737628,70,737628,70
9047,24,814444,87,70,814444,70,814444,70
9048,24,814445,88,71,814445,71,814445,71
9049,24,814446,89,71,814446,71,814446,71
9050,24,899256,90,71,899256,71,899256,71
9051,24,899257,91,72,899257,72,899257,72
9052,24,899258,92,72,899258,72,899258,72
9053,24,992894,93,72,992894,72,992894,72
9054,24,992895,94,73,992895,73,992895,73
9055,24,992896,95,73,992896,73,992896,73
9056,24,1096277,96,73,1096277,73,1096277,73
9057,24,1096278,97,74,1096278,74,1096278,74
9058,24,1096279,98,74,1096279,74,1096279,74
9059,24,1210420,99,74,1210420,74,1210420,74
9060,24,1210421,100,75,1210421,75,1210421,75
9061,24,1210422,101,75,1210422,75,1210422,75
9062,24,1336442,102,75,1336442,75,1336442,75
9063,24,1336443,103,76,1336443,76,1336443,76
9064,24,1336444,104,76,1336444,76,1336444,76
9065,24,1475580,105,76,1475580,76,1475580,76
9066,24,1475581,106,77,1475581,77,1475581,77
9067,24,1475582,107,77,1475582,77,1475582,77
9068,24,1629199,108,77,1629199,77,1629199,77
9069,24,1629200,109,78,1629200,78,1629200,78
9070,24,1629201,110,78,1629201,78,1629201,78
9071,24,1798807,111,78,1798807,78,1798807,78
9072,24,1798808,112,79,1798808,79,1798808,79
9073,24,1798809,113,79,1798809,79,1798809,79
9074,24,1986067,114,79,1986067,79,1986067,79
9075,24,1986068,115,80,1986068,80,1986068,80
9076,24,1986069,116,80,1986069,80,1986069,80
9077,24,2192817,117,80,2192817,80,2192817,80
9078,24,2192818,118,81,2192818,81,2192818,81
9079,24,2192819,119,81,2192819,81,2192819,81
9080,24,2421086,120,81,2421086,81,2421086,81
9081,24,2421087,121,82,2421087,82,2421087,82
9082,24,2421088,122,82,2421088,82,2421088,82
9083,24,2673113,123,82,2673113,82,2673113,82
9084,24,2673114,124,83,2673114,83,2673114,83
9085,24,2673115,125,83,2673115,83,2673115,83
9086,24,2951372,126,83,2951372,83,2951372,83
9087,24,2951373,127,84,2951373,84,2951373,84
9088,24,2951374,128,84,2951374,84,2951374,84
9089,24,3258593,129,84,3258593,84,3258593,84
9090,24,3258594,130,85,3258594,85,3258594,85
9091,24,3258595,131,85,3258595,85,3258595,85
9092,24,3597791,132,85,3597791,85,3597791,85
9093,24,3597792,133,86,3597792,86,3597792,86
9094,24,3597793,134,86,3597793,86,3597793,86
9095,24,3972293,135,86,3972293,86,3972293,86
9096,24,3972294,136,87,3972294,87,3972294,87
9097,24,3972295,137,87,3972295,87,3972295,87
9098,24,4385775,138,87,4385775,87,4385775,87
9099,24,4385776,139,88,4385776,88,4385776,88
9100,24,4385777,140,88,4385777,88,4385777,88
9101,24,4842294,141,88,4842294,88,4842294,88
9102,24,4842295,142,89,4842295,89,4842295,89
9103,24,4842296,143,89,4842296,89,4842296,89
9104,24,5346331,144,89,5346331,89,5346331,89
9105,24,5346332,145,90,5346332,90,5346332,90
9106,24,5346333,146,90,5346333,90,5346333,90
9107,24,5902830,147,90,5902830,90,5902830,90
9108,24,5902831,148,91,5902831,91,5902831,91
9109,24,5902832,149,91,5902832,91,5902832,91
9110,24,6517252,150,91,6517252,91,6517252,91
9111,24,6517253,151,92,6517253,92,6517253,92
9112,24,6517254,152,92,6517254,92,6517254,92
9113,24,7195628,153,92,7195628,92,7195628,92
9114,24,7195629,154,93,7195629,93,7195629,93
9115,24,7195630,155,93,7195630,93,7195630,93
9116,24,7944613,156,93,7944613,93,7944613,93
9117,24,7944614,157,94,7944614,94,7944614,94
9118,24,7944615,158,94,7944615,94,7944615,94
9119,24,8771557,159,94,8771557,94,8771557,94
9120,24,8771558,160,95,8771558,95,8771558,95
9121,24,8771559,161,95,8771559,95,8771559,95
9122,24,9684576,162,95,9684576,95,9684576,95
9123,24,9684577,163,96,9684577,96,9684577,96
9124,24,9684578,164,96,9684578,96,9684578,96
9125,24,10692628,165,96,10692628,96,10692628,96
9126,24,10692629,166,97,10692629,97,10692629,97
9127,24,10692630,167,97,10692630,97,10692630,97
9128,24,11805605,168,97,11805605,97,11805605,97
9129,24,11805606,169,98,11805606,98,11805606,98
9130,24,11805607,170,98,11805607,98,11805607,98
9131,24,13034430,171,98,13034430,98,13034430,98
9132,24,13034431,172,99,13034431,99,13034431,99
9133,24,13034432,173,99,13034432,99,13034432,99
9134,24,14391159,174,99,14391159,99,14391159,99
9135,24,14391160,175,100,14391160,100,14391160,100
9136,24,14391161,176,100,14391161,100,14391161,100
9137,24,15889108,177,100,15889108,100,15889108,100
9138,24,15889109,178,101,15889109,101,15889109,101
9139,24,15889110,179,101,15889110,101,15889110,101
9140,24,17542975,180,101,17542975,101,17542975,101
9141,24,17542976,181,102,17542976,102,17542976,102
9142,24,17542977,182,102,17542977,102,17542977,102
9143,24,19368991,183,102,19368991,102,19368991,102
9144,24,19368992,184,103,19368992,103,19368992,103
9145,24,19368993,185,103,19368993,103,19368993,103
9146,24,21385072,186,103,21385072,103,21385072,103
9147,24,21385073,187,104,21385073,104,21385073,104
9148,24,21385074,188,104,21385074,104,21385074,104
9149,24,23611005,189,104,23611005,104,23611005,104
9150,24,23611006,190,105,23611006,105,23611006,105
9151,24,23611007,191,105,23611007,105,23611007,105
9152,24,26068631,192,105,26068631,105,26068631,105
9153,24,26068632,193,106,26068632,106,26068632,106
9154,24,26068633,194,106,26068633,106,26068633,106
9155,24,28782068,195,106,28782068,106,28782068,106
9156,24,28782069,196,107,28782069,107,28782069,107
9157,24,28782070,197,107,28782070,107,28782070,107
9158,24,31777942,198,107,31777942,107,31777942,107
9159,24,31777943,199,108,31777943,108,31777943,108
9160,24,31777944,200,108,31777944,108,31777944,108
9161,24,35085653,201,108,35085653,108,35085653,108
9162,24,35085654,202,109,35085654,109,35085654,109
9163,24,35085655,203,109,35085655,109,35085655,109
9164,24,38737660,204,109,38737660,109,38737660,109
9165,24,38737661,205,110,38737661,110,38737661,110
9166,24,38737662,206,110,38737662,110,38737662,110
9167,24,42769800,207,110,42769800,110,42769800,110
9168,24,42769801,208,111,42769801,111,42769801,111
9169,24,42769802,209,111,42769802,111,42769802,111
9170,24,47221640,210,111,47221640,111,47221640,111
9171,24,47221641,211,112,47221641,112,47221641,112
9172,24,47221642,212,112,47221642,112,47221642,112
9173,24,52136868,213,112,52136868,112,52136868,112
9174,24,52136869,214,113,52136869,113,52136869,113
9175,24,52136870,215,113,52136870,113,52136870,113
9176,24,57563717,216,113,57563717,113,57563717,113
9177,24,57563718,217,114,57563718,114,57563718,114
9178,24,57563719,218,114,57563719,114,57563719,114
9179,24,63555442,219,114,63555442,114,63555442,114
9180,24,63555443,220,115,63555443,115,63555443,115
9181,24,63555444,221,115,63555444,115,63555444,115
9182,24,70170839,222,115,70170839,115,70170839,115
9183,24,70170840,223,116,70170840,116,70170840,116
9184,24,70170841,224,116,70170841,116,70170841,116
9185,24,77474827,225,116,77474827,116,77474827,116
9186,24,77474828,226,117,77474828,117,77474828,117
9187,24,77474829,227,117,77474829,117,77474829,117
9188,24,85539081,228,117,85539081,117,85539081,117
9189,24,85539082,229,118,85539082,118,85539082,118
9190,24,85539083,230,118,85539083,118,85539083,118
9191,24,94442736,231,118,94442736,118,94442736,118
9192,24,94442737,232,119,94442737,119,94442737,119
9193,24,94442738,233,119,94442738,119,94442738,119
9194,24,104273166,234,119,104273166,119,104273166,119
9195,24,104273167,235,120,104273167,120,104273167,120
9196,24,104273168,236,120,104273168,120,104273168,120
9197,24,115126837,237,120,115126837,120,115126837,120
9198,24,115126838,238,120,115126838,120,115126838,120
9199,24,115126839,239,120,115126839,120,115126839,120
9200,25,0,240,1,0,1,0,1
9201,25,0,241,1,0,1,0,1
9202,25,0,242,1,0,1,0,1
9203,25,1,243,1,1,1,1,1
9204,25,199999999,244,99,388,5,199999999,99
9205,25,200000000,245,99,388,5,200000000,99
9206,25,200000000,246,99,388,5,200000000,99
9207,25,200000000,247,99,388,5,200000000,99
9208,25,82,248,1,82,1,82,1
9209,25,83,249,2,83,2,83,2
9210,25,84,250,2,84,2,84,2
9211,25,173,251,2,173,2,173,2
9212,25,174,252,3,174,3,174,3
9213,25,175,253,3,175,3,175,3
9214,25,275,254,3,275,3,275,3
9215,25,276,255,4,276,4,276,4
9216,25,277,0,4,277,4,277,4
9217,25,387,1,4,387,4,387,4
9218,25,388,2,5,388,5,388,5
9219,25,389,3,5,388,5,389,5
9220,25,511,4,5,388,5,511,5
9221,25,512,5,6,388,5,512,6
9222,25,513,6,6,388,5,513,6
9223,25,649,7,6,388,5,649,6
9224,25,650,8,7,388,5,650,7
9225,25,651,9,7,388,5,651,7
9226,25,800,10,7,388,5,800,7
9227,25,801,11,8,388,5,801,8
9228,25,802,12,8,388,5,802,8
9229,25,968,13,8,388,5,968,8
9230,25,969,14,9,388,5,969,9
9231,25,970,15,9,388,5,970,9
9232,25,1153,16,9,388,5,1153,9
9233,25,1154,17,10,388,5,1154,10
9234,25,1155,18,10,388,5,1155,10
9235,25,1357,19,10,388,5,1357,10
9236,25,1358,20,11,388,5,1358,11
9237,25,1359,21,11,388,5,1359,11
9238,25,1583,22,11,388,5,1583,11
9239,25,1584,23,12,388,5,1584,12
9240,25,1585,24,12,388,5,1585,12
9241,25,1832,25,12,388,5,1832,12
9242,25,1833,26,13,388,5,1833,13
9243,25,1834,27,13,388,5,1834,13
9244,25,2106,28,13,388,5,2106,13
9245,25,2107,29,14,388,5,2107,14
9246,25,2108,30,14,388,5,2108,14
9247,25,2410,31,14,388,5,2410,14
9248,25,2411,32,15,388,5,2411,15
9249,25,2412,33,15,388,5,2412,15
9250,25,2745,34,15,388,5,2745,15
9251,25,2746,35,16,388,5,2746,16
9252,25,2747,36,16,388,5,2747,16
9253,25,3114,37,16,388,5,3114,16
9254,25,3115,38,17,388,5,3115,17
9255,25,3116,39,17,388,5,3116,17
9256,25,3522,40,17,388,5,3522,17
9257,25,3523,41,18,388,5,3523,18
9258,25,3524,42,18,388,5,3524,18
9259,25,3972,43,18,388,5,3972,18
9260,25,3973,44,19,388,5,3973,19
9261,25,3974,45,19,388,5,3974,19
9262,25,4469,46,19,388,5,4469,19
9263,25,4470,47,20,388,5,4470,20
9264,25,4471,48,20,388,5,4471,20
9265,25,5017,49,20,388,5,5017,20
9266,25,5018,50,21,388,5,5018,21
9267,25,5019,51,21,388,5,5019,21
9268,25,5623,52,21,388,5,5623,21
9269,25,5624,53,22,388,5,5624,22
9270,25,5625,54,22,388,5,5625,22
9271,25,6290,55,22,388,5,6290,22
9272,25,6291,56,23,388,5,6291,23
9273,25,6292,57,23,388,5,6292,23
9274,25,7027,58,23,388,5,7027,23
9275,25,7028,59,24,388,5,7028,24
9276,25,7029,60,24,388,5,7029,24
9277,25,7841,61,24,388,5,7841,24
9278,25,7842,62,25,388,5,7842,25
9279,25,7843,63,25,388,5,7843,25
9280,25,8739,64,25,388,5,8739,25
9281,25,8740,65,26,388,5,8740,26
9282,25,8741,66,26,388,5,8741,26
9283,25,9729,67,26,388,5,9729,26
9284,25,9730,68,27,388,5,9730,27
9285,25,9731,69,27,388,5,9731,27
9286,25,10823,70,27,388,5,10823,27
9287,25,10824,71,28,388,5,10824,28
9288,25,10825,72,28,388,5,10825,28
9289,25,12030,73,28,388,5,12030,28
9290,25,12031,74,29,388,5,12031,29
9291,25,12032,75,29,388,5,12032,29
9292,25,13362,76,29,388,5,13362,29
9293,25,13363,77,30,388,5,13363,30
9294,25,13364,78,30,388,5,13364,30
9295,25,14832,79,30,388,5,14832,30
9296,25,14833,80,31,388,5,14833,31
9297,25,14834,81,31,388,5,14834,31
9298,25,16455,82,31,388,5,16455,31
9299,25,16456,83,32,388,5,16456,32
9300,25,16457,84,32,388,5,16457,32
9301,25,18246,85,32,388,5,18246,32
9302,25,18247,86,33,388,5,18247,33
9303,25,18248,87,33,388,5,18248,33
9304,25,20223,88,33,388,5,20223,33
9305,25,20224,89,34,388,5,20224,34
9306,25,20225,90,34,388,5,20225,34
9307,25,22405,91,34,388,5,22405,34
9308,25,22406,92,35,388,5,22406,35
9309,25,22407,93,35,388,5,22407,35
9310,25,24814,94,35,388,5,24814,35
9311,25,24815,95,36,388,5,24815,36
9312,25,24816,96,36,388,5,24816,36
9313,25,27472,97,36,388,5,27472,36
9314,25,27473,98,37,388,5,27473,37
9315,25,27474,99,37,388,5,27474,37
9316,25,30407,100,37,388,5,30407,37
9317,25,30408,101,38,388,5,30408,38
9318,25,30409,102,38,388,5,30409,38
9319,25,33647,103,38,388,5,33647,38
9320,25,33648,104,39,388,5,33648,39
9321,25,33649,105,39,388,5,33649,39
9322,25,37223,106,39,388,5,37223,39
9323,25,37224,107,40,388,5,37224,40
9324,25,37225,108,40,388,5,37225,40
9325,25,41170,109,40,388,5,41170,40
9326,25,41171,110,41,388,5,41171,41
9327,25,41172,111,41,388,5,41172,41
9328,25,45528,112,41,388,5,45528,41
9329,25,45529,113,42,388,5,45529,42
9330,25,45530,114,42,388,5,45530,42
9331,25,50338,115,42,388,5,50338,42
9332,25,50339,116,43,388,5,50339,43
9333,25,50340,117,43,388,5,50340,43
9334,25,55648,118,43,388,5,55648,43
9335,25,55649,119,44,388,5,55649,44
9336,25,55650,120,44,388,5,55650,44
9337,25,61511,121,44,388,5,61511,44
9338,25,61512,122,45,388,5,61512,45
9339,25,61513,123,45,388,5,61513,45
9340,25,67982,124,45,388,5,67982,45
9341,25,67983,125,46,388,5,67983,46
9342,25,67984,126,46,388,5,67984,46
9343,25,75126,127,46,388,5,75126,46
9344,25,75127,128,47,388,5,75127,47
9345,25,75128,129,47,388,5,75128,47
9346,25,83013,130,47,388,5,83013,47
9347,25,83014,131,48,388,5,83014,48
9348,25,83015,132,48,388,5,83015,48
9349,25,91720,133,48,388,5,91720,48
9350,25,91721,134,49,388,5,91721,49
9351,25,91722,135,49,388,5,91722,49
9352,25,101332,136,49,388,5,101332,49
9353,25,101333,137,50,388,5,101333,50
9354,25,101334,138,50,388,5,101334,50
9355,25,111944,139,50,388,5,111944,50
9356,25,111945,140,51,388,5,111945,51
9357,25,111946,141,51,388,5,111946,51
9358,25,123659,142,51,388,5,123659,51
9359,25,123660,143,52,388,5,123660,52
9360,25,123661,144,52,388,5,123661,52
9361,25,136593,145,52,388,5,136593,52
9362,25,136594,146,53,388,5,136594,53
9363,25,136595,147,53,388,5,136595,53
9364,25,150871,148,53,388,5,150871,53
9365,25,150872,149,54,388,5,150872,54
9366,25,150873,150,54,388,5,150873,54
9367,25,166635,151,54,388,5,166635,54
9368,25,166636,152,55,388,5,166636,55
9369,25,166637,153,55,388,5,166637,55
9370,25,184039,154,55,388,5,184039,55
9371,25,184040,155,56,388,5,184040,56
9372,25,184041,156,56,388,5,184041,56
9373,25,203253,157,56,388,5,203253,56
9374,25,203254,158,57,388,5,203254,57
9375,25,203255,159,57,388,5,203255,57
9376,25,224465,160,57,388,5,224465,57
9377,25,224466,161,58,388,5,224466,58
9378,25,224467,162,58,388,5,224467,58
9379,25,247885,163,58,388,5,247885,58
9380,25,247886,164,59,388,5,247886,59
9381,25,247887,165,59,388,5,247887,59
9382,25,273741,166,59,388,5,273741,59
9383,25,273742,167,60,388,5,273742,60
9384,25,273743,168,60,388,5,273743,60
9385,25,302287,169,60,388,5,302287,60
9386,25,302288,170,61,388,5,302288,61
9387,25,302289,171,61,388,5,302289,61
9388,25,333803,172,61,388,5,333803,61
9389,25,333804,173,62,388,5,333804,62
9390,25,333805,174,62,388,5,333805,62
9391,25,368598,175,62,388,5,368598,62
9392,25,368599,176,63,388,5,368599,63
9393,25,368600,177,63,388,5,368600,63
9394,25,407014,178,63,388,5,407014,63
9395,25,407015,179,64,388,5,407015,64
9396,25,407016,180,64,388,5,407016,64
9397,25,449427,181,64,388,5,449427,64
9398,25,449428,182,65,388,5,449428,65
9399,25,449429,183,65,388,5,449429,65
9400,25,496253,184,65,388,5,496253,65
9401,25,496254,185,66,388,5,496254,66
9402,25,496255,186,66,388,5,496255,66
9403,25,547952,187,66,388,5,547952,66
9404,25,547953,188,67,388,5,547953,67
9405,25,547954,189,67,388,5,547954,67
9406,25,605031,190,67,388,5,605031,67
9407,25,605032,191,68,388,5,605032,68
9408,25,605033,192,68,388,5,605033,68
9409,25,668050,193,68,388,5,668050,68
9410,25,668051,194,69,388,5,668051,69
9411,25,668052,195,69,388,5,668052,69
9412,25,737626,196,69,388,5,737626,69
9413,25,737627,197,70,388,5,737627,70
9414,25,737628,198,70,388,5,737628,70
9415,25,814444,199,70,388,5,814444,70
9416,25,814445,200,71,388,5,814445,71
9417,25,814446,201,71,388,5,814446,71
9418,25,899256,202,71,388,5,899256,71
9419,25,899257,203,72,388,5,899257,72
9420,25,899258,204,72,388,5,899258,72
9421,25,992894,205,72,388,5,992894,72
9422,25,992895,206,73,388,5,992895,73
9423,25,992896,207,73,388,5,992896,73
9424,25,1096277,208,73,388,5,1096277,73
9425,25,1096278,209,74,388,5,1096278,74
9426,25,1096279,210,74,388,5,1096279,74
9427,25,1210420,211,74,388,5,1210420,74
9428,25,1210421,212,75,388,5,1210421,75
9429,25,1210422,213,75,388,5,1210422,75
9430,25,1336442,214,75,388,5,1336442,75
9431,25,1336443,215,76,388,5,1336443,76
9432,25,1336444,216,76,388,5,1336444,76
9433,25,1475580,217,76,388,5,1475580,76
9434,25,1475581,218,77,388,5,1475581,77
9435,25,1475582,219,77,388,5,1475582,77
9436,25,1629199,220,77,388,5,1629199,77
9437,25,1629200,221,78,388,5,1629200,78
9438,25,1629201,222,78,388,5,1629201,78
9439,25,1798807,223,78,388,5,1798807,78
9440,25,1798808,224,79,388,5,1798808,79
9441,25,1798809,225,79,388,5,1798809,79
9442,25,1986067,226,79,388,5,1986067,79
9443,25,1986068,227,80,388,5,1986068,80
9444,25,1986069,228,80,388,5,1986069,80
9445,25,2192817,229,80,388,5,2192817,80
9446,25,2192818,230,81,388,5,2192818,81
9447,25,2192819,231,81,388,5,2192819,81
9448,25,2421086,232,81,388,5,2421086,81
9449,25,2421087,233,82,388,5,2421087,82
9450,25,2421088,234,82,388,5,2421088,82
9451,25,2673113,235,82,388,5,2673113,82
9452,25,2673114,236,83,388,5,2673114,83
9453,25,2673115,237,83,388,5,2673115,83
9454,25,2951372,238,83,388,5,2951372,83
9455,25,2951373,239,84,388,5,2951373,84
9456,25,2951374,240,84,388,5,2951374,84
9457,25,3258593,241,84,388,5,3258593,84
9458,25,3258594,242,85,388,5,3258594,85
9459,25,3258595,243,85,388,5,3258595,85
9460,25,3597791,244,85,388,5,3597791,85
9461,25,3597792,245,86,388,5,3597792,86
9462,25,3597793,246,86,388,5,3597793,86
9463,25,3972293,247,86,388,5,3972293,86
9464,25,3972294,248,87,388,5,3972294,87
9465,25,3972295,249,87,388,5,3972295,87
9466,25,4385775,250,87,388,5,4385775,87
9467,25,4385776,251,88,388,5,4385776,88
9468,25,4385777,252,88,388,5,4385777,88
9469,25,4842294,253,88,388,5,4842294,88
9470,25,4842295,254,89,388,5,4842295,89
9471,25,4842296,255,89,388,5,4842296,89
9472,25,5346331,0,89,388,5,5346331,89
9473,25,5346332,1,90,388,5,5346332,90
9474,25,5346333,2,90,388,5,5346333,90
9475,25,5902830,3,90,388,5,5902830,90
9476,25,5902831,4,91,388,5,5902831,91
9477,25,5902832,5,91,388,5,5902832,91
9478,25,6517252,6,91,388,5,6517252,91
9479,25,6517253,7,92,388,5,6517253,92
9480,25,6517254,8,92,388,5,6517254,92
9481,25,7195628,9,92,388,5,7195628,92
9482,25,7195629,10,93,388,5,7195629,93
9483,25,7195630,11,93,388,5,7195630,93
9484,25,7944613,12,93,388,5,7944613,93
9485,25,7944614,13,94,388,5,7944614,94
9486,25,7944615,14,94,388,5,7944615,94
9487,25,8771557,15,94,388,5,8771557,94
9488,25,8771558,16,95,388,5,8771558,95
9489,25,8771559,17,95,388,5,8771559,95
9490,25,9684576,18,95,388,5,9684576,95
9491,25,9684577,19,96,388,5,9684577,96
9492,25,9684578,20,96,388,5,9684578,96
9493,25,10692628,21,96,388,5,10692628,96
9494,25,10692629,22,97,388,5,10692629,97
9495,25,10692630,23,97,388,5,10692630,97
9496,25,11805605,24,97,388,5,11805605,97
9497,25,11805606,25,98,388,5,11805606,98
9498,25,11805607,26,98,388,5,11805607,98
9499,25,13034430,27,98,388,5,13034430,98
9500,25,13034431,28,99,388,5,13034431,99
9501,25,13034432,29,99,388,5,13034432,99
9502,25,14391159,30,99,388,5,14391159,99
9503,25,14391160,31,99,388,5,14391160,99
9504,25,14391161,32,99,388,5,14391161,99
9505,25,15889108,33,99,388,5,15889108,99
9506,25,15889109,34,99,388,5,15889109,99
9507,25,15889110,35,99,388,5,15889110,99
9508,25,17542975,36,99,388,5,17542975,99
9509,25,17542976,37,99,388,5,17542976,99
9510,25,17542977,38,99,388,5,17542977,99
9511,25,19368991,39,99,388,5,19368991,99
9512,25,19368992,40,99,388,5,19368992,99
9513,25,19368993,41,99,388,5,19368993,99
9514,25,21385072,42,99,388,5,21385072,99
9515,25,21385073,43,99,388,5,21385073,99
9516,25,21385074,44,99,388,5,21385074,99
9517,25,23611005,45,99,388,5,23611005,99
9518,25,23611006,46,99,388,5,23611006,99
9519,25,23611007,47,99,388,5,23611007,99
9520,25,26068631,48,99,388,5,26068631,99
9521,25,26068632,49,99,388,5,26068632,99
9522,25,26068633,50,99,388,5,26068633,99
9523,25,28782068,51,99,388,5,28782068,99
9524,25,28782069,52,99,388,5,28782069,99
9525,25,28782070,53,99,388,5,28782070,99
9526,25,31777942,54,99,388,5,31777942,99
9527,25,31777943,55,99,388,5,31777943,99
9528,25,31777944,56,99,388,5,31777944,99
9529,25,35085653,57,99,388,5,35085653,99
9530,25,35085654,58,99,388,5,35085654,99
9531,25,35085655,59,99,388,5,35085655,99
9532,25,38737660,60,99,388,5,38737660,99
9533,25,38737661,61,99,388,5,38737661,99
9534,25,38737662,62,99,388,5,38737662,99
9535,25,42769800,63,99,388,5,42769800,99
9536,25,42769801,64,99,388,5,42769801,99
9537,25,42769802,65,99,388,5,42769802,99
9538,25,47221640,66,99,388,5,47221640,99
9539,25,47221641,67,99,388,5,47221641,99
9540,25,47221642,68,99,388,5,47221642,99
9541,25,52136868,69,99,388,5,52136868,99
9542,25,52136869,70,99,388,5,52136869,99
9543,25,52136870,71,99,388,5,52136870,99
9544,25,57563717,72,99,388,5,57563717,99
9545,25,57563718,73,99,388,5,57563718,99
9546,25,57563719,74,99,388,5,57563719,99
9547,25,63555442,75,99,388,5,63555442,99
9548,25,63555443,76,99,388,5,63555443,99
9549,25,63555444,77,99,388,5,63555444,99
9550,25,70170839,78,99,388,5,70170839,99
9551,25,70170840,79,99,388,5,70170840,99
9552,25,70170841,80,99,388,5,70170841,99
9553,25,77474827,81,99,388,5,77474827,99
9554,25,77474828,82,99,388,5,77474828,99
9555,25,77474829,83,99,388,5,77474829,99
9556,25,85539081,84,99,388,5,85539081,99
9557,25,85539082,85,99,388,5,85539082,99
9558,25,85539083,86,99,388,5,85539083,99
9559,25,94442736,87,99,388,5,94442736,99
9560,25,94442737,88,99,388,5,94442737,99
9561,25,94442738,89,99,388,5,94442738,99
9562,25,104273166,90,99,388,5,104273166,99
9563,25,104273167,91,99,388,5,104273167,99
9564,25,104273168,92,99,388,5,104273168,99
9565,25,115126837,93,99,388,5,115126837,99
9566,25,115126838,94,99,388,5,115126838,99
9567,25,115126839,95,99,388,5,115126839,99
9568,26,0,96,1,0,1,0,1
9569,26,0,97,1,0,1,0,1
9570,26,0,98,1,0,1,0,1
9571,26,1,99,1,0,1,1,1
9572,26,199999999,100,120,0,1,199999999,120
9573,26,200000000,101,120,0,1,200000000,120
9574,26,200000000,102,120,0,1,200000000,120
9575,26,200000000,103,120,0,1,200000000,120
9576,26,829,104,1,0,1,829,1
9577,26,830,105,2,0,1,830,2
9578,26,831,106,2,0,1,831,2
9579,26,1860,107,2,0,1,1860,2
9580,26,1861,108,3,0,1,1861,3
9581,26,1862,109,3,0,1,1862,3
9582,26,2901,110,3,0,1,2901,3
9583,26,2902,111,4,0,1,2902,4
9584,26,2903,112,4,0,1,2903,4
9585,26,3979,113,4,0,1,3979,4
9586,26,3980,114,5,0,1,3980,5
9587,26,3981,115,5,0,1,3981,5
9588,26,5125,116,5,0,1,5125,5
9589,26,5126,117,6,0,1,5126,6
9590,26,5127,118,6,0,1,5127,6
9591,26,6379,119,6,0,1,6379,6
9592,26,6380,120,7,0,1,6380,7
9593,26,6381,121,7,0,1,6381,7
9594,26,7786,122,7,0,1,7786,7
9595,26,7787,123,8,0,1,7787,8
9596,26,7788,124,8,0,1,7788,8
9597,26,9399,125,8,0,1,9399,8
9598,26,9400,126,9,0,1,9400,9
9599,26,9401,127,9,0,1,9401,9
9600,26,11274,128,9,0,1,11274,9
9601,26,11275,129,10,0,1,11275,10
9602,26,11276,130,10,0,1,11276,10
9603,26,13604,131,10,0,1,13604,10
9604,26,13605,132,11,0,1,13605,11
9605,26,13606,133,11,0,1,13606,11
9606,26,16371,134,11,0,1,16371,11
9607,26,16372,135,12,0,1,16372,12
9608,26,16373,136,12,0,1,16373,12
9609,26,19655,137,12,0,1,19655,12
9610,26,19656,138,13,0,1,19656,13
9611,26,19657,139,13,0,1,19657,13
9612,26,23545,140,13,0,1,23545,13
9613,26,23546,141,14,0,1,23546,14
9614,26,23547,142,14,0,1,23547,14
9615,26,28133,143,14,0,1,28133,14
9616,26,28134,144,15,0,1,28134,15
9617,26,28135,145,15,0,1,28135,15
9618,26,33519,146,15,0,1,33519,15
9619,26,33520,147,16,0,1,33520,16
9620,26,33521,148,16,0,1,33521,16
9621,26,39808,149,16,0,1,39808,16
9622,26,39809,150,17,0,1,39809,17
9623,26,39810,151,17,0,1,39810,17
9624,26,47108,152,17,0,1,47108,17
9625,26,47109,153,18,0,1,47109,18
9626,26,47110,154,18,0,1,47110,18
9627,26,55534,155,18,0,1,55534,18
9628,26,55535,156,19,0,1,55535,19
9629,26,55536,157,19,0,1,55536,19
9630,26,65208,158,19,0,1,65208,19
9631,26,65209,159,20,0,1,65209,20
9632,26,65210,160,20,0,1,65210,20
9633,26,77189,161,20,0,1,77189,20
9634,26,77190,162,21,0,1,77190,21
9635,26,77191,163,21,0,1,77191,21
9636,26,90810,164,21,0,1,90810,21
9637,26,90811,165,22,0,1,90811,22
9638,26,90812,166,22,0,1,90812,22
9639,26,106220,167,22,0,1,106220,22
9640,26,106221,168,23,0,1,106221,23
9641,26,106222,169,23,0,1,106222,23
9642,26,123572,170,23,0,1,123572,23
9643,26,123573,171,24,0,1,123573,24
9644,26,123574,172,24,0,1,123574,24
9645,26,143024,173,24,0,1,143024,24
9646,26,143025,174,25,0,1,143025,25
9647,26,143026,175,25,0,1,143026,25
9648,26,164741,176,25,0,1,164741,25
9649,26,164742,177,26,0,1,164742,26
9650,26,164743,178,26,0,1,164743,26
9651,26,188892,179,26,0,1,188892,26
9652,26,188893,180,27,0,1,188893,27
9653,26,188894,181,27,0,1,188894,27
9654,26,215650,182,27,0,1,215650,27
9655,26,215651,183,28,0,1,215651,28
9656,26,215652,184,28,0,1,215652,28
9657,26,245195,185,28,0,1,245195,28
9658,26,245196,186,29,0,1,245196,29
9659,26,245197,187,29,0,1,245197,29
9660,26,277712,188,29,0,1,277712,29
9661,26,277713,189,30,0,1,277713,30
9662,26,277714,190,30,0,1,277714,30
9663,26,316310,191,30,0,1,316310,30
9664,26,316311,192,31,0,1,316311,31
9665,26,316312,193,31,0,1,316312,31
9666,26,358546,194,31,0,1,358546,31
9667,26,358547,195,32,0,1,358547,32
9668,26,358548,196,32,0,1,358548,32
9669,26,404633,197,32,0,1,404633,32
9670,26,404634,198,33,0,1,404634,33
9671,26,404635,199,33,0,1,404635,33
9672,26,454795,200,33,0,1,454795,33
9673,26,454796,201,34,0,1,454796,34
9674,26,454797,202,34,0,1,454797,34
9675,26,509258,203,34,0,1,509258,34
9676,26,509259,204,35,0,1,509259,35
9677,26,509260,205,35,0,1,509260,35
9678,26,568253,206,35,0,1,568253,35
9679,26,568254,207,36,0,1,568254,36
9680,26,568255,208,36,0,1,568255,36
9681,26,632018,209,36,0,1,632018,36
9682,26,632019,210,37,0,1,632019,37
9683,26,632020,211,37,0,1,632020,37
9684,26,700796,212,37,0,1,700796,37
9685,26,700797,213,38,0,1,700797,38
9686,26,700798,214,38,0,1,700798,38
9687,26,774833,215,38,0,1,774833,38
9688,26,774834,216,39,0,1,774834,39
9689,26,774835,217,39,0,1,774835,39
9690,26,854382,218,39,0,1,854382,39
9691,26,854383,219,40,0,1,854383,40
9692,26,854384,220,40,0,1,854384,40
9693,26,946226,221,40,0,1,946226,40
9694,26,946227,222,41,0,1,946227,41
9695,26,946228,223,41,0,1,946228,41
9696,26,1044568,224,41,0,1,1044568,41
9697,26,1044569,225,42,0,1,1044569,42
9698,26,1044570,226,42,0,1,1044570,42
9699,26,1149695,227,42,0,1,1149695,42
9700,26,1149696,228,43,0,1,1149696,43
9701,26,1149697,229,43,0,1,1149697,43
9702,26,1261902,230,43,0,1,1261902,43
9703,26,1261903,231,44,0,1,1261903,44
9704,26,1261904,232,44,0,1,1261904,44
9705,26,1381487,233,44,0,1,1381487,44
9706,26,1381488,234,45,0,1,1381488,45
9707,26,1381489,235,45,0,1,1381489,45
9708,26,1508755,236,45,0,1,1508755,45
9709,26,1508756,237,46,0,1,1508756,46
9710,26,1508757,238,46,0,1,1508757,46
9711,26,1644014,239,46,0,1,1644014,46
9712,26,1644015,240,47,0,1,1644015,47
9713,26,1644016,241,47,0,1,1644016,47
9714,26,1787580,242,47,0,1,1787580,47
9715,26,1787581,243,48,0,1,1787581,48
9716,26,1787582,244,48,0,1,1787582,48
9717,26,1939772,245,48,0,1,1939772,48
9718,26,1939773,246,49,0,1,1939773,49
9719,26,1939774,247,49,0,1,1939774,49
9720,26,2100916,248,49,0,1,2100916,49
9721,26,2100917,249,50,0,1,2100917,50
9722,26,2100918,250,50,0,1,2100918,50
9723,26,2283489,251,50,0,1,2283489,50
9724,26,2283490,252,51,0,1,2283490,51
9725,26,2283491,253,51,0,1,2283491,51
9726,26,2476368,254,51,0,1,2476368,51
9727,26,2476369,255,52,0,1,2476369,52
9728,26,2476370,0,52,0,1,2476370,52
9729,26,2679916,1,52,0,1,2679916,52
9730,26,2679917,2,53,0,1,2679917,53
9731,26,2679918,3,53,0,1,2679918,53
9732,26,2894504,4,53,0,1,2894504,53
9733,26,2894505,5,54,0,1,2894505,54
9734,26,2894506,6,54,0,1,2894506,54
9735,26,3120507,7,54,0,1,3120507,54
9736,26,3120508,8,55,0,1,3120508,55
9737,26,3120509,9,55,0,1,3120509,55
9738,26,3358306,10,55,0,1,3358306,55
9739,26,3358307,11,56,0,1,3358307,56
9740,26,3358308,12,56,0,1,3358308,56
9741,26,3608289,13,56,0,1,3608289,56
9742,26,3608290,14,57,0,1,3608290,57
9743,26,3608291,15,57,0,1,3608291,57
9744,26,3870845,16,57,0,1,3870845,57
9745,26,3870846,17,58,0,1,3870846,58
9746,26,3870847,18,58,0,1,3870847,58
9747,26,4146373,19,58,0,1,4146373,58
9748,26,4146374,20,59,0,1,4146374,59
9749,26,4146375,21,59,0,1,4146375,59
9750,26,4435274,22,59,0,1,4435274,59
9751,26,4435275,23,60,0,1,4435275,60
9752,26,4435276,24,60,0,1,4435276,60
9753,26,4758121,25,60,0,1,4758121,60
9754,26,4758122,26,61,0,1,4758122,61
9755,26,4758123,27,61,0,1,4758123,61
9756,26,5096110,28,61,0,1,5096110,61
9757,26,5096111,29,62,0,1,5096111,62
9758,26,5096112,30,62,0,1,5096112,62
9759,26,5449684,31,62,0,1,5449684,62
9760,26,5449685,32,63,0,1,5449685,63
9761,26,5449686,33,63,0,1,5449686,63
9762,26,5819298,34,63,0,1,5819298,63
9763,26,5819299,35,64,0,1,5819299,64
9764,26,5819300,36,64,0,1,5819300,64
9765,26,6205406,37,64,0,1,6205406,64
9766,26,6205407,38,65,0,1,6205407,65
9767,26,6205408,39,65,0,1,6205408,65
9768,26,6608472,40,65,0,1,6608472,65
9769,26,6608473,41,66,0,1,6608473,66
9770,26,6608474,42,66,0,1,6608474,66
9771,26,7028963,43,66,0,1,7028963,66
9772,26,7028964,44,67,0,1,7028964,67
9773,26,7028965,45,67,0,1,7028965,67
9774,26,7467353,46,67,0,1,7467353,67
9775,26,7467354,47,68,0,1,7467354,68
9776,26,7467355,48,68,0,1,7467355,68
9777,26,7924121,49,68,0,1,7924121,68
9778,26,7924122,50,69,0,1,7924122,69
9779,26,7924123,51,69,0,1,7924123,69
9780,26,8399750,52,69,0,1,8399750,69
9781,26,8399751,53,70,0,1,8399751,70
9782,26,8399752,54,70,0,1,8399752,70
9783,26,8925663,55,70,0,1,8925663,70
9784,26,8925664,56,71,0,1,8925664,71
9785,26,8925665,57,71,0,1,8925665,71
9786,26,9472664,58,71,0,1,9472664,71
9787,26,9472665,59,72,0,1,9472665,72
9788,26,9472666,60,72,0,1,9472666,72
9789,26,10041284,61,72,0,1,10041284,72
9790,26,10041285,62,73,0,1,10041285,73
9791,26,10041286,63,73,0,1,10041286,73
9792,26,10632060,64,73,0,1,10632060,73
9793,26,10632061,65,74,0,1,10632061,74
9794,26,10632062,66,74,0,1,10632062,74
9795,26,11245537,67,74,0,1,11245537,74
9796,26,11245538,68,75,0,1,11245538,75
9797,26,11245539,69,75,0,1,11245539,75
9798,26,11882261,70,75,0,1,11882261,75
9799,26,11882262,71,76,0,1,11882262,76
9800,26,11882263,72,76,0,1,11882263,76
9801,26,12542788,73,76,0,1,12542788,76
9802,26,12542789,74,77,0,1,12542789,77
9803,26,12542790,75,77,0,1,12542790,77
9804,26,13227678,76,77,0,1,13227678,77
9805,26,13227679,77,78,0,1,13227679,78
9806,26,13227680,78,78,0,1,13227680,78
9807,26,13937495,79,78,0,1,13937495,78
9808,26,13937496,80,79,0,1,13937496,79
9809,26,13937497,81,79,0,1,13937497,79
9810,26,14672811,82,79,0,1,14672811,79
9811,26,14672812,83,80,0,1,14672812,80
9812,26,14672813,84,80,0,1,14672813,80
9813,26,15478993,85,80,0,1,15478993,80
9814,26,15478994,86,81,0,1,15478994,81
9815,26,15478995,87,81,0,1,15478995,81
9816,26,16313403,88,81,0,1,16313403,81
9817,26,16313404,89,82,0,1,16313404,82
9818,26,16313405,90,82,0,1,16313405,82
9819,26,17176660,91,82,0,1,17176660,82
9820,26,17176661,92,83,0,1,17176661,83
9821,26,17176662,93,83,0,1,17176662,83
9822,26,18069394,94,83,0,1,18069394,83
9823,26,18069395,95,84,0,1,18069395,84
9824,26,18069396,96,84,0,1,18069396,84
9825,26,18992238,97,84,0,1,18992238,84
9826,26,18992239,98,85,0,1,18992239,85
9827,26,18992240,99,85,0,1,18992240,85
9828,26,19945832,100,85,0,1,19945832,85
9829,26,19945833,101,86,0,1,19945833,86
9830,26,19945834,102,86,0,1,19945834,86
9831,26,20930820,103,86,0,1,20930820,86
9832,26,20930821,104,87,0,1,20930821,87
9833,26,20930822,105,87,0,1,20930822,87
9834,26,21947855,106,87,0,1,21947855,87
9835,26,21947856,107,88,0,1,21947856,88
9836,26,21947857,108,88,0,1,21947857,88
9837,26,22997592,109,88,0,1,22997592,88
9838,26,22997593,110,89,0,1,22997593,89
9839,26,22997594,111,89,0,1,22997594,89
9840,26,24080694,112,89,0,1,24080694,89
9841,26,24080695,113,90,0,1,24080695,90
9842,26,24080696,114,90,0,1,24080696,90
9843,26,25259905,115,90,0,1,25259905,90
9844,26,25259906,116,91,0,1,25259906,91
9845,26,25259907,117,91,0,1,25259907,91
9846,26,26475753,118,91,0,1,26475753,91
9847,26,26475754,119,92,0,1,26475754,92
9848,26,26475755,120,92,0,1,26475755,92
9849,26,27728954,121,92,0,1,27728954,92
9850,26,27728955,122,93,0,1,27728955,93
9851,26,27728956,123,93,0,1,27728956,93
9852,26,29020232,124,93,0,1,29020232,93
9853,26,29020233,125,94,0,1,29020233,94
9854,26,29020234,126,94,0,1,29020234,94
9855,26,30350317,127,94,0,1,30350317,94
9856,26,30350318,128,95,0,1,30350318,95
9857,26,30350319,129,95,0,1,30350319,95
9858,26,31719943,130,95,0,1,31719943,95
9859,26,31719944,131,96,0,1,31719944,96
9860,26,31719945,132,96,0,1,31719945,96
9861,26,33129851,133,96,0,1,33129851,96
9862,26,33129852,134,97,0,1,33129852,97
9863,26,33129853,135,97,0,1,33129853,97
9864,26,34580789,136,97,0,1,34580789,97
9865,26,34580790,137,98,0,1,34580790,98
9866,26,34580791,138,98,0,1,34580791,98
9867,26,36073510,139,98,0,1,36073510,98
9868,26,36073511,140,99,0,1,36073511,99
9869,26,36073512,141,99,0,1,36073512,99
9870,26,37608772,142,99,0,1,37608772,99
9871,26,37608773,143,100,0,1,37608773,100
9872,26,37608774,144,100,0,1,37608774,100
9873,26,39270441,145,100,0,1,39270441,100
9874,26,39270442,146,101,0,1,39270442,101
9875,26,39270443,147,101,0,1,39270443,101
9876,26,40978508,148,101,0,1,40978508,101
9877,26,40978509,149,102,0,1,40978509,102
9878,26,40978510,150,102,0,1,40978510,102
9879,26,42733788,151,102,0,1,42733788,102
9880,26,42733789,152,103,0,1,42733789,103
9881,26,42733790,153,103,0,1,42733790,103
9882,26,44537106,154,103,0,1,44537106,103
9883,26,44537107,155,104,0,1,44537107,104
9884,26,44537108,156,104,0,1,44537108,104
9885,26,46389291,157,104,0,1,46389291,104
9886,26,46389292,158,105,0,1,46389292,105
9887,26,46389293,159,105,0,1,46389293,105
9888,26,48291179,160,105,0,1,48291179,105
9889,26,48291180,161,106,0,1,48291180,106
9890,26,48291181,162,106,0,1,48291181,106
9891,26,50243610,163,106,0,1,50243610,106
9892,26,50243611,164,107,0,1,50243611,107
9893,26,50243612,165,107,0,1,50243612,107
9894,26,52247434,166,107,0,1,52247434,107
9895,26,52247435,167,108,0,1,52247435,108
9896,26,52247436,168,108,0,1,52247436,108
9897,26,54303503,169,108,0,1,54303503,108
9898,26,54303504,170,109,0,1,54303504,109
9899,26,54303505,171,109,0,1,54303505,109
9900,26,56412677,172,109,0,1,56412677,109
9901,26,56412678,173,110,0,1,56412678,110
9902,26,56412679,174,110,0,1,56412679,110
9903,26,58575823,175,110,0,1,58575823,110
9904,26,58575824,176,111,0,1,58575824,111
9905,26,58575825,177,111,0,1,58575825,111
9906,26,60793811,178,111,0,1,60793811,111
9907,26,60793812,179,112,0,1,60793812,112
9908,26,60793813,180,112,0,1,60793813,112
9909,26,63067520,181,112,0,1,63067520,112
9910,26,63067521,182,113,0,1,63067521,113
9911,26,63067522,183,113,0,1,63067522,113
9912,26,65397834,184,113,0,1,65397834,113
9913,26,65397835,185,114,0,1,65397835,114
9914,26,65397836,186,114,0,1,65397836,114
9915,26,67785642,187,114,0,1,67785642,114
9916,26,67785643,188,115,0,1,67785643,115
9917,26,67785644,189,115,0,1,67785644,115
9918,26,70231840,190,115,0,1,70231840,115
9919,26,70231841,191,116,0,1,70231841,116
9920,26,70231842,192,116,0,1,70231842,116
9921,26,72737329,193,116,0,1,72737329,116
9922,26,72737330,194,117,0,1,72737330,117
9923,26,72737331,195,117,0,1,72737331,117
9924,26,75303018,196,117,0,1,75303018,117
9925,26,75303019,197,118,0,1,75303019,118
9926,26,75303020,198,118,0,1,75303020,118
9927,26,77929819,199,118,0,1,77929819,118
9928,26,77929820,200,119,0,1,77929820,119
9929,26,77929821,201,119,0,1,77929821,119
9930,26,80618653,202,119,0,1,80618653,119
9931,26,80618654,203,120,0,1,80618654,120
9932,26,80618655,204,120,0,1,80618655,120
9933,26,83370444,205,120,0,1,83370444,120
9934,26,83370445,206,120,0,1,83370445,120
9935,26,83370446,207,120,0,1,83370446,120
9936,26,86186123,208,120,0,1,86186123,120
9937,26,86186124,209,120,0,1,86186124,120
9938,26,86186125,210,120,0,1,86186125,120
9939,26,89066629,211,120,0,1,89066629,120
9940,26,89066630,212,120,0,1,89066630,120
9941,26,89066631,213,120,0,1,89066631,120
9942,26,92012903,214,120,0,1,92012903,120
9943,26,92012904,215,120,0,1,92012904,120
9944,26,92012905,216,120,0,1,92012905,120
9945,26,95025895,217,120,0,1,95025895,120
9946,26,95025896,218,120,0,1,95025896,120
9947,26,95025897,219,120,0,1,95025897,120
9948,26,98106558,220,120,0,1,98106558,120
9949,26,98106559,221,120,0,1,98106559,120
9950,26,98106560,222,120,0,1,98106560,120
9951,26,101255854,223,120,0,1,101255854,120
9952,26,101255855,224,120,0,1,101255855,120
9953,26,101255856,225,120,0,1,101255856,120
9954,26,104474749,226,120,0,1,104474749,120
9955,26,104474750,227,120,0,1,104474750,120
9956,26,104474751,228,120,0,1,104474751,120
9957,26,107764215,229,120,0,1,107764215,120
9958,26,107764216,230,120,0,1,107764216,120
9959,26,107764217,231,120,0,1,107764217,120
9960,26,111125229,232,120,0,1,111125229,120
9961,26,111125230,233,120,0,1,111125230,120
9962,26,111125231,234,120,0,1,111125231,120
9963,26,114558776,235,120,0,1,114558776,120
9964,26,114558777,236,120,0,1,114558777,120
9965,26,114558778,237,120,0,1,114558778,120
9966,26,118065844,238,120,0,1,118065844,120
9967,26,118065845,239,120,0,1,118065845,120
9968,26,118065846,240,120,0,1,118065846,120
9969,26,121647429,241,120,0,1,121647429,120
9970,26,121647430,242,120,0,1,121647430,120
9971,26,121647431,243,120,0,1,121647431,120
9972,26,125304531,244,120,0,1,125304531,120
9973,26,125304532,245,120,0,1,125304532,120
9974,26,125304533,246,120,0,1,125304533,120
9975,26,129038158,247,120,0,1,129038158,120
9976,26,129038159,248,120,0,1,129038159,120
9977,26,129038160,249,120,0,1,129038160,120
9978,26,132849322,250,120,0,1,132849322,120
9979,26,132849323,251,120,0,1,132849323,120
9980,26,132849324,252,120,0,1,132849324,120
9981,26,136739040,253,120,0,1,136739040,120
9982,26,136739041,254,120,0,1,136739041,120
9983,26,136739042,255,120,0,1,136739042,120
9984,26,140708337,0,120,0,1,140708337,120
9985,26,140708338,1,120,0,1,140708338,120
9986,26,140708339,2,120,0,1,140708339,120
9987,26,144758241,3,120,0,1,144758241,120
9988,26,144758242,4,120,0,1,144758242,120
9989,26,144758243,5,120,0,1,144758243,120
9990,26,148889789,6,120,0,1,148889789,120
9991,26,148889790,7,120,0,1,148889790,120
9992,26,148889791,8,120,0,1,148889791,120
9993,26,153104020,9,120,0,1,153104020,120
9994,26,153104021,10,120,0,1,153104021,120
9995,26,153104022,11,120,0,1,153104022,120
9996,26,157401982,12,120,0,1,157401982,120
9997,26,157401983,13,120,0,1,157401983,120
9998,26,157401984,14,120,0,1,157401984,120
9999,26,161784727,15,120,0,1,161784727,120
10000,26,161784728,16,120,0,1,161784728,120
10001,26,161784729,17,120,0,1,161784729,120
10002,26,166253311,18,120,0,1,166253311,120
10003,26,166253312,19,120,0,1,166253312,120
10004,26,166253313,20,120,0,1,166253313,120
10005,26,170808800,21,120,0,1,170808800,120
10006,26,170808801,22,120,0,1,170808801,120
10007,26,170808802,23,120,0,1,170808802,120
10008,26,175452261,24,120,0,1,175452261,120
10009,26,175452262,25,120,0,1,175452262,120
10010,26,175452263,26,120,0,1,175452263,120
10011,26,180184769,27,120,0,1,180184769,120
10012,26,180184770,28,120,0,1,180184770,120
10013,26,180184771,29,120,0,1,180184771,120
10014,26,185007405,30,120,0,1,185007405,120
10015,26,185007406,31,120,0,1,185007406,120
10016,26,185007407,32,120,0,1,185007407,120
10017,26,189921254,33,120,0,1,189921254,120
10018,26,189921255,34,120,0,1,189921255,120
10019,26,189921256,35,120,0,1,189921256,120
10020,26,194927408,36,120,0,1,194927408,120
10021,26,194927409,37,120,0,1,194927409,120
10022,26,194927410,38,120,0,1,194927410,120
