0,0,2048,768,1280,-2147483648,0,1065353216
0,0,2048,768,1280,-2147483648,1,1065353216
0,0,2048,768,1280,-123,0,1065353216
0,0,2048,768,1280,-123,1,1065353216
0,0,2048,768,1280,0,0,1065353216
0,0,2048,768,1280,0,1,1065353216
0,0,2048,768,1280,1,0,1065353216
0,0,2048,768,1280,1,1,1065353216
0,0,2048,768,1280,10,0,1065353216
0,0,2048,768,1280,10,1,1065353216
0,0,2048,768,1280,25,0,1065353216
0,0,2048,768,1280,25,1,1065353216
0,0,2048,768,1280,49,0,1065353216
0,0,2048,768,1280,49,1,1065353216
0,0,2048,768,1280,50,0,1065353216
0,0,2048,768,1280,50,1,1065353216
0,0,2048,768,1280,75,0,1065353216
0,0,2048,768,1280,75,1,1065353216
0,0,2048,768,1280,100,0,1065353216
0,0,2048,768,1280,100,1,1065353216
0,0,2048,768,1280,2047,0,1065353216
0,0,2048,768,1280,2047,1,1065353216
0,0,2048,768,1280,2048,0,1065353216
0,0,2048,768,1280,2048,1,1065353216
0,0,2048,768,1280,65536,0,1065353216
0,0,2048,768,1280,65536,1,1065353216
0,0,2048,768,1280,2147483647,0,1065353216
0,0,2048,768,1280,2147483647,1,1065353216
0,0,2048,2048,0,-2147483648,0,1065353216
0,0,2048,2048,0,-2147483648,1,1065353216
0,0,2048,2048,0,-123,0,1065353216
0,0,2048,2048,0,-123,1,1065353216
0,0,2048,2048,0,0,0,1065353216
0,0,2048,2048,0,0,1,1065353216
0,0,2048,2048,0,1,0,1065353216
0,0,2048,2048,0,1,1,1065353216
0,0,2048,2048,0,10,0,1065353216
0,0,2048,2048,0,10,1,1065353216
0,0,2048,2048,0,25,0,1065353216
0,0,2048,2048,0,25,1,1065353216
0,0,2048,2048,0,49,0,1065353216
0,0,2048,2048,0,49,1,1065353216
0,0,2048,2048,0,50,0,1065353216
0,0,2048,2048,0,50,1,1065353216
0,0,2048,2048,0,75,0,1065353216
0,0,2048,2048,0,75,1,1065353216
0,0,2048,2048,0,100,0,1065353216
0,0,2048,2048,0,100,1,1065353216
0,0,2048,2048,0,2047,0,1065353216
0,0,2048,2048,0,2047,1,1065353216
0,0,2048,2048,0,2048,0,1065353216
0,0,2048,2048,0,2048,1,1065353216
0,0,2048,2048,0,65536,0,1065353216
0,0,2048,2048,0,65536,1,1065353216
0,0,2048,2048,0,2147483647,0,1065353216
0,0,2048,2048,0,2147483647,1,1065353216
0,0,8192,768,1280,-2147483648,0,1065353216
0,0,8192,768,1280,-2147483648,1,1065353216
0,0,8192,768,1280,-123,0,1065353216
0,0,8192,768,1280,-123,1,1065353216
0,0,8192,768,1280,0,0,1065353216
0,0,8192,768,1280,0,1,1065353216
0,0,8192,768,1280,1,0,1065353216
0,0,8192,768,1280,1,1,1065353216
0,0,8192,768,1280,10,0,1065353216
0,0,8192,768,1280,10,1,1065353216
0,0,8192,768,1280,25,0,1065353216
0,0,8192,768,1280,25,1,1065353216
0,0,8192,768,1280,49,0,1065353216
0,0,8192,768,1280,49,1,1065353216
0,0,8192,768,1280,50,0,1065353216
0,0,8192,768,1280,50,1,1065353216
0,0,8192,768,1280,75,0,1065353216
0,0,8192,768,1280,75,1,1065353216
0,0,8192,768,1280,100,0,1065353216
0,0,8192,768,1280,100,1,1065353216
0,0,8192,768,1280,2047,0,1065353216
0,0,8192,768,1280,2047,1,1065353216
0,0,8192,768,1280,2048,0,1065353216
0,0,8192,768,1280,2048,1,1065353216
0,0,8192,768,1280,65536,0,1065353216
0,0,8192,768,1280,65536,1,1065353216
0,0,8192,768,1280,2147483647,0,1065353216
0,0,8192,768,1280,2147483647,1,1065353216
0,0,8192,2048,0,-2147483648,0,1065353216
0,0,8192,2048,0,-2147483648,1,1065353216
0,0,8192,2048,0,-123,0,1065353216
0,0,8192,2048,0,-123,1,1065353216
0,0,8192,2048,0,0,0,1065353216
0,0,8192,2048,0,0,1,1065353216
0,0,8192,2048,0,1,0,1065353216
0,0,8192,2048,0,1,1,1065353216
0,0,8192,2048,0,10,0,1065353216
0,0,8192,2048,0,10,1,1065353216
0,0,8192,2048,0,25,0,1065353216
0,0,8192,2048,0,25,1,1065353216
0,0,8192,2048,0,49,0,1065353216
0,0,8192,2048,0,49,1,1065353216
0,0,8192,2048,0,50,0,1065353216
0,0,8192,2048,0,50,1,1065353216
0,0,8192,2048,0,75,0,1065353216
0,0,8192,2048,0,75,1,1065353216
0,0,8192,2048,0,100,0,1065353216
0,0,8192,2048,0,100,1,1065353216
0,0,8192,2048,0,2047,0,1065353216
0,0,8192,2048,0,2047,1,1065353216
0,0,8192,2048,0,2048,0,1065353216
0,0,8192,2048,0,2048,1,1065353216
0,0,8192,2048,0,65536,0,1065353216
0,0,8192,2048,0,65536,1,1065353216
0,0,8192,2048,0,2147483647,0,1065353216
0,0,8192,2048,0,2147483647,1,1065353216
0,0,2147483647,768,1280,-2147483648,0,1065353216
0,0,2147483647,768,1280,-2147483648,1,1065353216
0,0,2147483647,768,1280,-123,0,1065353216
0,0,2147483647,768,1280,-123,1,1065353216
0,0,2147483647,768,1280,0,0,1065353216
0,0,2147483647,768,1280,0,1,1065353216
0,0,2147483647,768,1280,1,0,1065353216
0,0,2147483647,768,1280,1,1,1065353216
0,0,2147483647,768,1280,10,0,1065353216
0,0,2147483647,768,1280,10,1,1065353216
0,0,2147483647,768,1280,25,0,1065353216
0,0,2147483647,768,1280,25,1,1065353216
0,0,2147483647,768,1280,49,0,1065353216
0,0,2147483647,768,1280,49,1,1065353216
0,0,2147483647,768,1280,50,0,1065353216
0,0,2147483647,768,1280,50,1,1065353216
0,0,2147483647,768,1280,75,0,1065353216
0,0,2147483647,768,1280,75,1,1065353216
0,0,2147483647,768,1280,100,0,1065353216
0,0,2147483647,768,1280,100,1,1065353216
0,0,2147483647,768,1280,2047,0,1065353216
0,0,2147483647,768,1280,2047,1,1065353216
0,0,2147483647,768,1280,2048,0,1065353216
0,0,2147483647,768,1280,2048,1,1065353216
0,0,2147483647,768,1280,65536,0,1065353216
0,0,2147483647,768,1280,65536,1,1065353216
0,0,2147483647,768,1280,2147483647,0,1065353216
0,0,2147483647,768,1280,2147483647,1,1065353216
0,0,2147483647,2048,0,-2147483648,0,1065353216
0,0,2147483647,2048,0,-2147483648,1,1065353216
0,0,2147483647,2048,0,-123,0,1065353216
0,0,2147483647,2048,0,-123,1,1065353216
0,0,2147483647,2048,0,0,0,1065353216
0,0,2147483647,2048,0,0,1,1065353216
0,0,2147483647,2048,0,1,0,1065353216
0,0,2147483647,2048,0,1,1,1065353216
0,0,2147483647,2048,0,10,0,1065353216
0,0,2147483647,2048,0,10,1,1065353216
0,0,2147483647,2048,0,25,0,1065353216
0,0,2147483647,2048,0,25,1,1065353216
0,0,2147483647,2048,0,49,0,1065353216
0,0,2147483647,2048,0,49,1,1065353216
0,0,2147483647,2048,0,50,0,1065353216
0,0,2147483647,2048,0,50,1,1065353216
0,0,2147483647,2048,0,75,0,1065353216
0,0,2147483647,2048,0,75,1,1065353216
0,0,2147483647,2048,0,100,0,1065353216
0,0,2147483647,2048,0,100,1,1065353216
0,0,2147483647,2048,0,2047,0,1065353216
0,0,2147483647,2048,0,2047,1,1065353216
0,0,2147483647,2048,0,2048,0,1065353216
0,0,2147483647,2048,0,2048,1,1065353216
0,0,2147483647,2048,0,65536,0,1065353216
0,0,2147483647,2048,0,65536,1,1065353216
0,0,2147483647,2048,0,2147483647,0,1065353216
0,0,2147483647,2048,0,2147483647,1,1065353216
0,768,2048,768,1280,-2147483648,0,1065353216
0,768,2048,768,1280,-2147483648,1,1065353216
0,768,2048,768,1280,-123,0,1065353216
0,768,2048,768,1280,-123,1,1065353216
0,768,2048,768,1280,0,0,1065353216
0,768,2048,768,1280,0,1,1065353216
0,768,2048,768,1280,1,0,1065353216
0,768,2048,768,1280,1,1,1065353216
0,768,2048,768,1280,10,0,1065353216
0,768,2048,768,1280,10,1,1065353216
0,768,2048,768,1280,25,0,1065353216
0,768,2048,768,1280,25,1,1065353216
0,768,2048,768,1280,49,0,1065353216
0,768,2048,768,1280,49,1,1065353216
0,768,2048,768,1280,50,0,1065353216
0,768,2048,768,1280,50,1,1065353216
0,768,2048,768,1280,75,0,1065353216
0,768,2048,768,1280,75,1,1065353216
0,768,2048,768,1280,100,0,1065353216
0,768,2048,768,1280,100,1,1065353216
0,768,2048,768,1280,2047,0,1065353216
0,768,2048,768,1280,2047,1,1065353216
0,768,2048,768,1280,2048,0,1065353216
0,768,2048,768,1280,2048,1,1065353216
0,768,2048,768,1280,65536,0,1065353216
0,768,2048,768,1280,65536,1,1065353216
0,768,2048,768,1280,2147483647,0,1065353216
0,768,2048,768,1280,2147483647,1,1065353216
0,768,2048,2048,0,-2147483648,0,1065353216
0,768,2048,2048,0,-2147483648,1,1065353216
0,768,2048,2048,0,-123,0,1065353216
0,768,2048,2048,0,-123,1,1065353216
0,768,2048,2048,0,0,0,1065353216
0,768,2048,2048,0,0,1,1065353216
0,768,2048,2048,0,1,0,1065353216
0,768,2048,2048,0,1,1,1065353216
0,768,2048,2048,0,10,0,1065353216
0,768,2048,2048,0,10,1,1065353216
0,768,2048,2048,0,25,0,1065353216
0,768,2048,2048,0,25,1,1065353216
0,768,2048,2048,0,49,0,1065353216
0,768,2048,2048,0,49,1,1065353216
0,768,2048,2048,0,50,0,1065353216
0,768,2048,2048,0,50,1,1065353216
0,768,2048,2048,0,75,0,1065353216
0,768,2048,2048,0,75,1,1065353216
0,768,2048,2048,0,100,0,1065353216
0,768,2048,2048,0,100,1,1065353216
0,768,2048,2048,0,2047,0,1065353216
0,768,2048,2048,0,2047,1,1065353216
0,768,2048,2048,0,2048,0,1065353216
0,768,2048,2048,0,2048,1,1065353216
0,768,2048,2048,0,65536,0,1065353216
0,768,2048,2048,0,65536,1,1065353216
0,768,2048,2048,0,2147483647,0,1065353216
0,768,2048,2048,0,2147483647,1,1065353216
0,768,8192,768,1280,-2147483648,0,1065353216
0,768,8192,768,1280,-2147483648,1,1065353216
0,768,8192,768,1280,-123,0,1065353216
0,768,8192,768,1280,-123,1,1065353216
0,768,8192,768,1280,0,0,1065353216
0,768,8192,768,1280,0,1,1065353216
0,768,8192,768,1280,1,0,1065353216
0,768,8192,768,1280,1,1,1065353216
0,768,8192,768,1280,10,0,1065353216
0,768,8192,768,1280,10,1,1065353216
0,768,8192,768,1280,25,0,1065353216
0,768,8192,768,1280,25,1,1065353216
0,768,8192,768,1280,49,0,1065353216
0,768,8192,768,1280,49,1,1065353216
0,768,8192,768,1280,50,0,1065353216
0,768,8192,768,1280,50,1,1065353216
0,768,8192,768,1280,75,0,1065353216
0,768,8192,768,1280,75,1,1065353216
0,768,8192,768,1280,100,0,1065353216
0,768,8192,768,1280,100,1,1065353216
0,768,8192,768,1280,2047,0,1065353216
0,768,8192,768,1280,2047,1,1065353216
0,768,8192,768,1280,2048,0,1065353216
0,768,8192,768,1280,2048,1,1065353216
0,768,8192,768,1280,65536,0,1065353216
0,768,8192,768,1280,65536,1,1065353216
0,768,8192,768,1280,2147483647,0,1065353216
0,768,8192,768,1280,2147483647,1,1065353216
0,768,8192,2048,0,-2147483648,0,1065353216
0,768,8192,2048,0,-2147483648,1,1065353216
0,768,8192,2048,0,-123,0,1065353216
0,768,8192,2048,0,-123,1,1065353216
0,768,8192,2048,0,0,0,1065353216
0,768,8192,2048,0,0,1,1065353216
0,768,8192,2048,0,1,0,1065353216
0,768,8192,2048,0,1,1,1065353216
0,768,8192,2048,0,10,0,1065353216
0,768,8192,2048,0,10,1,1065353216
0,768,8192,2048,0,25,0,1065353216
0,768,8192,2048,0,25,1,1065353216
0,768,8192,2048,0,49,0,1065353216
0,768,8192,2048,0,49,1,1065353216
0,768,8192,2048,0,50,0,1065353216
0,768,8192,2048,0,50,1,1065353216
0,768,8192,2048,0,75,0,1065353216
0,768,8192,2048,0,75,1,1065353216
0,768,8192,2048,0,100,0,1065353216
0,768,8192,2048,0,100,1,1065353216
0,768,8192,2048,0,2047,0,1065353216
0,768,8192,2048,0,2047,1,1065353216
0,768,8192,2048,0,2048,0,1065353216
0,768,8192,2048,0,2048,1,1065353216
0,768,8192,2048,0,65536,0,1065353216
0,768,8192,2048,0,65536,1,1065353216
0,768,8192,2048,0,2147483647,0,1065353216
0,768,8192,2048,0,2147483647,1,1065353216
0,768,2147483647,768,1280,-2147483648,0,1065353216
0,768,2147483647,768,1280,-2147483648,1,1065353216
0,768,2147483647,768,1280,-123,0,1065353216
0,768,2147483647,768,1280,-123,1,1065353216
0,768,2147483647,768,1280,0,0,1065353216
0,768,2147483647,768,1280,0,1,1065353216
0,768,2147483647,768,1280,1,0,1065353216
0,768,2147483647,768,1280,1,1,1065353216
0,768,2147483647,768,1280,10,0,1065353216
0,768,2147483647,768,1280,10,1,1065353216
0,768,2147483647,768,1280,25,0,1065353216
0,768,2147483647,768,1280,25,1,1065353216
0,768,2147483647,768,1280,49,0,1065353216
0,768,2147483647,768,1280,49,1,1065353216
0,768,2147483647,768,1280,50,0,1065353216
0,768,2147483647,768,1280,50,1,1065353216
0,768,2147483647,768,1280,75,0,1065353216
0,768,2147483647,768,1280,75,1,1065353216
0,768,2147483647,768,1280,100,0,1065353216
0,768,2147483647,768,1280,100,1,1065353216
0,768,2147483647,768,1280,2047,0,1065353216
0,768,2147483647,768,1280,2047,1,1065353216
0,768,2147483647,768,1280,2048,0,1065353216
0,768,2147483647,768,1280,2048,1,1065353216
0,768,2147483647,768,1280,65536,0,1065353216
0,768,2147483647,768,1280,65536,1,1065353216
0,768,2147483647,768,1280,2147483647,0,1065353216
0,768,2147483647,768,1280,2147483647,1,1065353216
0,768,2147483647,2048,0,-2147483648,0,1065353216
0,768,2147483647,2048,0,-2147483648,1,1065353216
0,768,2147483647,2048,0,-123,0,1065353216
0,768,2147483647,2048,0,-123,1,1065353216
0,768,2147483647,2048,0,0,0,1065353216
0,768,2147483647,2048,0,0,1,1065353216
0,768,2147483647,2048,0,1,0,1065353216
0,768,2147483647,2048,0,1,1,1065353216
0,768,2147483647,2048,0,10,0,1065353216
0,768,2147483647,2048,0,10,1,1065353216
0,768,2147483647,2048,0,25,0,1065353216
0,768,2147483647,2048,0,25,1,1065353216
0,768,2147483647,2048,0,49,0,1065353216
0,768,2147483647,2048,0,49,1,1065353216
0,768,2147483647,2048,0,50,0,1065353216
0,768,2147483647,2048,0,50,1,1065353216
0,768,2147483647,2048,0,75,0,1065353216
0,768,2147483647,2048,0,75,1,1065353216
0,768,2147483647,2048,0,100,0,1065353216
0,768,2147483647,2048,0,100,1,1065353216
0,768,2147483647,2048,0,2047,0,1065353216
0,768,2147483647,2048,0,2047,1,1065353216
0,768,2147483647,2048,0,2048,0,1065353216
0,768,2147483647,2048,0,2048,1,1065353216
0,768,2147483647,2048,0,65536,0,1065353216
0,768,2147483647,2048,0,65536,1,1065353216
0,768,2147483647,2048,0,2147483647,0,1065353216
0,768,2147483647,2048,0,2147483647,1,1065353216
0,1792,2048,768,1280,-2147483648,0,1065353216
0,1792,2048,768,1280,-2147483648,1,1065353216
0,1792,2048,768,1280,-123,0,1065353216
0,1792,2048,768,1280,-123,1,1065353216
0,1792,2048,768,1280,0,0,1065353216
0,1792,2048,768,1280,0,1,1065353216
0,1792,2048,768,1280,1,0,1065353216
0,1792,2048,768,1280,1,1,1065353216
0,1792,2048,768,1280,10,0,1065353216
0,1792,2048,768,1280,10,1,1065353216
0,1792,2048,768,1280,25,0,1065353216
0,1792,2048,768,1280,25,1,1065353216
0,1792,2048,768,1280,49,0,1065353216
0,1792,2048,768,1280,49,1,1065353216
0,1792,2048,768,1280,50,0,1065353216
0,1792,2048,768,1280,50,1,1065353216
0,1792,2048,768,1280,75,0,1065353216
0,1792,2048,768,1280,75,1,1065353216
0,1792,2048,768,1280,100,0,1065353216
0,1792,2048,768,1280,100,1,1065353216
0,1792,2048,768,1280,2047,0,1065353216
0,1792,2048,768,1280,2047,1,1065353216
0,1792,2048,768,1280,2048,0,1065353216
0,1792,2048,768,1280,2048,1,1065353216
0,1792,2048,768,1280,65536,0,1065353216
0,1792,2048,768,1280,65536,1,1065353216
0,1792,2048,768,1280,2147483647,0,1065353216
0,1792,2048,768,1280,2147483647,1,1065353216
0,1792,2048,2048,0,-2147483648,0,1065353216
0,1792,2048,2048,0,-2147483648,1,1065353216
0,1792,2048,2048,0,-123,0,1065353216
0,1792,2048,2048,0,-123,1,1065353216
0,1792,2048,2048,0,0,0,1065353216
0,1792,2048,2048,0,0,1,1065353216
0,1792,2048,2048,0,1,0,1065353216
0,1792,2048,2048,0,1,1,1065353216
0,1792,2048,2048,0,10,0,1065353216
0,1792,2048,2048,0,10,1,1065353216
0,1792,2048,2048,0,25,0,1065353216
0,1792,2048,2048,0,25,1,1065353216
0,1792,2048,2048,0,49,0,1065353216
0,1792,2048,2048,0,49,1,1065353216
0,1792,2048,2048,0,50,0,1065353216
0,1792,2048,2048,0,50,1,1065353216
0,1792,2048,2048,0,75,0,1065353216
0,1792,2048,2048,0,75,1,1065353216
0,1792,2048,2048,0,100,0,1065353216
0,1792,2048,2048,0,100,1,1065353216
0,1792,2048,2048,0,2047,0,1065353216
0,1792,2048,2048,0,2047,1,1065353216
0,1792,2048,2048,0,2048,0,1065353216
0,1792,2048,2048,0,2048,1,1065353216
0,1792,2048,2048,0,65536,0,1065353216
0,1792,2048,2048,0,65536,1,1065353216
0,1792,2048,2048,0,2147483647,0,1065353216
0,1792,2048,2048,0,2147483647,1,1065353216
0,1792,8192,768,1280,-2147483648,0,1065353216
0,1792,8192,768,1280,-2147483648,1,1065353216
0,1792,8192,768,1280,-123,0,1065353216
0,1792,8192,768,1280,-123,1,1065353216
0,1792,8192,768,1280,0,0,1065353216
0,1792,8192,768,1280,0,1,1065353216
0,1792,8192,768,1280,1,0,1065353216
0,1792,8192,768,1280,1,1,1065353216
0,1792,8192,768,1280,10,0,1065353216
0,1792,8192,768,1280,10,1,1065353216
0,1792,8192,768,1280,25,0,1065353216
0,1792,8192,768,1280,25,1,1065353216
0,1792,8192,768,1280,49,0,1065353216
0,1792,8192,768,1280,49,1,1065353216
0,1792,8192,768,1280,50,0,1065353216
0,1792,8192,768,1280,50,1,1065353216
0,1792,8192,768,1280,75,0,1065353216
0,1792,8192,768,1280,75,1,1065353216
0,1792,8192,768,1280,100,0,1065353216
0,1792,8192,768,1280,100,1,1065353216
0,1792,8192,768,1280,2047,0,1065353216
0,1792,8192,768,1280,2047,1,1065353216
0,1792,8192,768,1280,2048,0,1065353216
0,1792,8192,768,1280,2048,1,1065353216
0,1792,8192,768,1280,65536,0,1065353216
0,1792,8192,768,1280,65536,1,1065353216
0,1792,8192,768,1280,2147483647,0,1065353216
0,1792,8192,768,1280,2147483647,1,1065353216
0,1792,8192,2048,0,-2147483648,0,1065353216
0,1792,8192,2048,0,-2147483648,1,1065353216
0,1792,8192,2048,0,-123,0,1065353216
0,1792,8192,2048,0,-123,1,1065353216
0,1792,8192,2048,0,0,0,1065353216
0,1792,8192,2048,0,0,1,1065353216
0,1792,8192,2048,0,1,0,1065353216
0,1792,8192,2048,0,1,1,1065353216
0,1792,8192,2048,0,10,0,1065353216
0,1792,8192,2048,0,10,1,1065353216
0,1792,8192,2048,0,25,0,1065353216
0,1792,8192,2048,0,25,1,1065353216
0,1792,8192,2048,0,49,0,1065353216
0,1792,8192,2048,0,49,1,1065353216
0,1792,8192,2048,0,50,0,1065353216
0,1792,8192,2048,0,50,1,1065353216
0,1792,8192,2048,0,75,0,1065353216
0,1792,8192,2048,0,75,1,1065353216
0,1792,8192,2048,0,100,0,1065353216
0,1792,8192,2048,0,100,1,1065353216
0,1792,8192,2048,0,2047,0,1065353216
0,1792,8192,2048,0,2047,1,1065353216
0,1792,8192,2048,0,2048,0,1065353216
0,1792,8192,2048,0,2048,1,1065353216
0,1792,8192,2048,0,65536,0,1065353216
0,1792,8192,2048,0,65536,1,1065353216
0,1792,8192,2048,0,2147483647,0,1065353216
0,1792,8192,2048,0,2147483647,1,1065353216
0,1792,2147483647,768,1280,-2147483648,0,1065353216
0,1792,2147483647,768,1280,-2147483648,1,1065353216
0,1792,2147483647,768,1280,-123,0,1065353216
0,1792,2147483647,768,1280,-123,1,1065353216
0,1792,2147483647,768,1280,0,0,1065353216
0,1792,2147483647,768,1280,0,1,1065353216
0,1792,2147483647,768,1280,1,0,1065353216
0,1792,2147483647,768,1280,1,1,1065353216
0,1792,2147483647,768,1280,10,0,1065353216
0,1792,2147483647,768,1280,10,1,1065353216
0,1792,2147483647,768,1280,25,0,1065353216
0,1792,2147483647,768,1280,25,1,1065353216
0,1792,2147483647,768,1280,49,0,1065353216
0,1792,2147483647,768,1280,49,1,1065353216
0,1792,2147483647,768,1280,50,0,1065353216
0,1792,2147483647,768,1280,50,1,1065353216
0,1792,2147483647,768,1280,75,0,1065353216
0,1792,2147483647,768,1280,75,1,1065353216
0,1792,2147483647,768,1280,100,0,1065353216
0,1792,2147483647,768,1280,100,1,1065353216
0,1792,2147483647,768,1280,2047,0,1065353216
0,1792,2147483647,768,1280,2047,1,1065353216
0,1792,2147483647,768,1280,2048,0,1065353216
0,1792,2147483647,768,1280,2048,1,1065353216
0,1792,2147483647,768,1280,65536,0,1065353216
0,1792,2147483647,768,1280,65536,1,1065353216
0,1792,2147483647,768,1280,2147483647,0,1065353216
0,1792,2147483647,768,1280,2147483647,1,1065353216
0,1792,2147483647,2048,0,-2147483648,0,1065353216
0,1792,2147483647,2048,0,-2147483648,1,1065353216
0,1792,2147483647,2048,0,-123,0,1065353216
0,1792,2147483647,2048,0,-123,1,1065353216
0,1792,2147483647,2048,0,0,0,1065353216
0,1792,2147483647,2048,0,0,1,1065353216
0,1792,2147483647,2048,0,1,0,1065353216
0,1792,2147483647,2048,0,1,1,1065353216
0,1792,2147483647,2048,0,10,0,1065353216
0,1792,2147483647,2048,0,10,1,1065353216
0,1792,2147483647,2048,0,25,0,1065353216
0,1792,2147483647,2048,0,25,1,1065353216
0,1792,2147483647,2048,0,49,0,1065353216
0,1792,2147483647,2048,0,49,1,1065353216
0,1792,2147483647,2048,0,50,0,1065353216
0,1792,2147483647,2048,0,50,1,1065353216
0,1792,2147483647,2048,0,75,0,1065353216
0,1792,2147483647,2048,0,75,1,1065353216
0,1792,2147483647,2048,0,100,0,1065353216
0,1792,2147483647,2048,0,100,1,1065353216
0,1792,2147483647,2048,0,2047,0,1065353216
0,1792,2147483647,2048,0,2047,1,1065353216
0,1792,2147483647,2048,0,2048,0,1065353216
0,1792,2147483647,2048,0,2048,1,1065353216
0,1792,2147483647,2048,0,65536,0,1065353216
0,1792,2147483647,2048,0,65536,1,1065353216
0,1792,2147483647,2048,0,2147483647,0,1065353216
0,1792,2147483647,2048,0,2147483647,1,1065353216
1,0,2048,768,1280,-2147483648,0,1062207488
1,0,2048,768,1280,-2147483648,1,1065353216
1,0,2048,768,1280,-123,0,1061421056
1,0,2048,768,1280,-123,1,1065353216
1,0,2048,768,1280,0,0,1062207488
1,0,2048,768,1280,0,1,1065353216
1,0,2048,768,1280,1,0,1062584320
1,0,2048,768,1280,1,1,1065353216
1,0,2048,768,1280,10,0,1065189376
1,0,2048,768,1280,10,1,1065353216
1,0,2048,768,1280,25,0,1062207488
1,0,2048,768,1280,25,1,1065353216
1,0,2048,768,1280,49,0,1061806080
1,0,2048,768,1280,49,1,1065353216
1,0,2048,768,1280,50,0,1062207488
1,0,2048,768,1280,50,1,1065353216
1,0,2048,768,1280,75,0,1062207488
1,0,2048,768,1280,75,1,1065353216
1,0,2048,768,1280,100,0,1062207488
1,0,2048,768,1280,100,1,1065353216
1,0,2048,768,1280,2047,0,1061044224
1,0,2048,768,1280,2047,1,1065353216
1,0,2048,768,1280,2048,0,1061421056
1,0,2048,768,1280,2048,1,1065353216
1,0,2048,768,1280,65536,0,1059110912
1,0,2048,768,1280,65536,1,1065353216
1,0,2048,768,1280,2147483647,0,1061814272
1,0,2048,768,1280,2147483647,1,1065353216
1,0,2048,2048,0,-2147483648,0,1056964608
1,0,2048,2048,0,-2147483648,1,1065353216
1,0,2048,2048,0,-123,0,1052786688
1,0,2048,2048,0,-123,1,1065353216
1,0,2048,2048,0,0,0,1056964608
1,0,2048,2048,0,0,1,1065353216
1,0,2048,2048,0,1,0,1057988608
1,0,2048,2048,0,1,1,1065353216
1,0,2048,2048,0,10,0,1064935424
1,0,2048,2048,0,10,1,1065353216
1,0,2048,2048,0,25,0,1056964608
1,0,2048,2048,0,25,1,1065353216
1,0,2048,2048,0,49,0,1054851072
1,0,2048,2048,0,49,1,1065353216
1,0,2048,2048,0,50,0,1056964608
1,0,2048,2048,0,50,1,1065353216
1,0,2048,2048,0,75,0,1056964608
1,0,2048,2048,0,75,1,1065353216
1,0,2048,2048,0,100,0,1056964608
1,0,2048,2048,0,100,1,1065353216
1,0,2048,2048,0,2047,0,1050771456
1,0,2048,2048,0,2047,1,1065353216
1,0,2048,2048,0,2048,0,1052786688
1,0,2048,2048,0,2048,1,1065353216
1,0,2048,2048,0,65536,0,1007681536
1,0,2048,2048,0,65536,1,1065353216
1,0,2048,2048,0,2147483647,0,1054900224
1,0,2048,2048,0,2147483647,1,1065353216
1,0,8192,768,1280,-2147483648,0,1062207488
1,0,8192,768,1280,-2147483648,1,1065353216
1,0,8192,768,1280,-123,0,1064861696
1,0,8192,768,1280,-123,1,1065353216
1,0,8192,768,1280,0,0,1062207488
1,0,8192,768,1280,0,1,1065353216
1,0,8192,768,1280,1,0,1063714816
1,0,8192,768,1280,1,1,1065353216
1,0,8192,768,1280,10,0,1059209216
1,0,8192,768,1280,10,1,1065353216
1,0,8192,768,1280,25,0,1062207488
1,0,8192,768,1280,25,1,1065353216
1,0,8192,768,1280,49,0,1060683776
1,0,8192,768,1280,49,1,1065353216
1,0,8192,768,1280,50,0,1062207488
1,0,8192,768,1280,50,1,1065353216
1,0,8192,768,1280,75,0,1062207488
1,0,8192,768,1280,75,1,1065353216
1,0,8192,768,1280,100,0,1062207488
1,0,8192,768,1280,100,1,1065353216
1,0,8192,768,1280,2047,0,1059061760
1,0,8192,768,1280,2047,1,1065353216
1,0,8192,768,1280,2048,0,1059545088
1,0,8192,768,1280,2048,1,1065353216
1,0,8192,768,1280,65536,0,1060044800
1,0,8192,768,1280,65536,1,1065353216
1,0,8192,768,1280,2147483647,0,1060691968
1,0,8192,768,1280,2147483647,1,1065353216
1,0,8192,2048,0,-2147483648,0,1056964608
1,0,8192,2048,0,-2147483648,1,1065353216
1,0,8192,2048,0,-123,0,1064050688
1,0,8192,2048,0,-123,1,1065353216
1,0,8192,2048,0,0,0,1056964608
1,0,8192,2048,0,0,1,1065353216
1,0,8192,2048,0,1,0,1060986880
1,0,8192,2048,0,1,1,1065353216
1,0,8192,2048,0,10,0,1019478016
1,0,8192,2048,0,10,1,1065353216
1,0,8192,2048,0,25,0,1056964608
1,0,8192,2048,0,25,1,1065353216
1,0,8192,2048,0,49,0,1048870912
1,0,8192,2048,0,49,1,1065353216
1,0,8192,2048,0,50,0,1056964608
1,0,8192,2048,0,50,1,1065353216
1,0,8192,2048,0,75,0,1056964608
1,0,8192,2048,0,75,1,1065353216
1,0,8192,2048,0,100,0,1056964608
1,0,8192,2048,0,100,1,1065353216
1,0,8192,2048,0,2047,0,973078528
1,0,8192,2048,0,2047,1,1065353216
1,0,8192,2048,0,2048,0,1033764864
1,0,8192,2048,0,2048,1,1065353216
1,0,8192,2048,0,65536,0,1042350080
1,0,8192,2048,0,65536,1,1065353216
1,0,8192,2048,0,2147483647,0,1048920064
1,0,8192,2048,0,2147483647,1,1065353216
1,0,2147483647,768,1280,-2147483648,0,1062584320
1,0,2147483647,768,1280,-2147483648,1,1065353216
1,0,2147483647,768,1280,-123,0,1062567936
1,0,2147483647,768,1280,-123,1,1065353216
1,0,2147483647,768,1280,0,0,1062207488
1,0,2147483647,768,1280,0,1,1065353216
1,0,2147483647,768,1280,1,0,1061814272
1,0,2147483647,768,1280,1,1,1065353216
1,0,2147483647,768,1280,10,0,1062207488
1,0,2147483647,768,1280,10,1,1065353216
1,0,2147483647,768,1280,25,0,1061814272
1,0,2147483647,768,1280,25,1,1065353216
1,0,2147483647,768,1280,49,0,1061822464
1,0,2147483647,768,1280,49,1,1065353216
1,0,2147483647,768,1280,50,0,1062191104
1,0,2147483647,768,1280,50,1,1065353216
1,0,2147483647,768,1280,75,0,1061822464
1,0,2147483647,768,1280,75,1,1065353216
1,0,2147483647,768,1280,100,0,1062182912
1,0,2147483647,768,1280,100,1,1065353216
1,0,2147483647,768,1280,2047,0,1062207488
1,0,2147483647,768,1280,2047,1,1065353216
1,0,2147483647,768,1280,2048,0,1061814272
1,0,2147483647,768,1280,2048,1,1065353216
1,0,2147483647,768,1280,65536,0,1064624128
1,0,2147483647,768,1280,65536,1,1065353216
1,0,2147483647,768,1280,2147483647,0,1062207488
1,0,2147483647,768,1280,2147483647,1,1065353216
1,0,2147483647,2048,0,-2147483648,0,1057988608
1,0,2147483647,2048,0,-2147483648,1,1065353216
1,0,2147483647,2048,0,-123,0,1057939456
1,0,2147483647,2048,0,-123,1,1065353216
1,0,2147483647,2048,0,0,0,1056964608
1,0,2147483647,2048,0,0,1,1065353216
1,0,2147483647,2048,0,1,0,1054900224
1,0,2147483647,2048,0,1,1,1065353216
1,0,2147483647,2048,0,10,0,1056964608
1,0,2147483647,2048,0,10,1,1065353216
1,0,2147483647,2048,0,25,0,1054900224
1,0,2147483647,2048,0,25,1,1065353216
1,0,2147483647,2048,0,49,0,1054949376
1,0,2147483647,2048,0,49,1,1065353216
1,0,2147483647,2048,0,50,0,1056899072
1,0,2147483647,2048,0,50,1,1065353216
1,0,2147483647,2048,0,75,0,1054949376
1,0,2147483647,2048,0,75,1,1065353216
1,0,2147483647,2048,0,100,0,1056849920
1,0,2147483647,2048,0,100,1,1065353216
1,0,2147483647,2048,0,2047,0,1056964608
1,0,2147483647,2048,0,2047,1,1065353216
1,0,2147483647,2048,0,2048,0,1054900224
1,0,2147483647,2048,0,2048,1,1065353216
1,0,2147483647,2048,0,65536,0,1063411712
1,0,2147483647,2048,0,65536,1,1065353216
1,0,2147483647,2048,0,2147483647,0,1056964608
1,0,2147483647,2048,0,2147483647,1,1065353216
1,768,2048,768,1280,-2147483648,0,1064427520
1,768,2048,768,1280,-2147483648,1,1065353216
1,768,2048,768,1280,-123,0,1060601856
1,768,2048,768,1280,-123,1,1065353216
1,768,2048,768,1280,0,0,1064427520
1,768,2048,768,1280,0,1,1065353216
1,768,2048,768,1280,1,0,1064132608
1,768,2048,768,1280,1,1,1065353216
1,768,2048,768,1280,10,0,1060782080
1,768,2048,768,1280,10,1,1065353216
1,768,2048,768,1280,25,0,1059979264
1,768,2048,768,1280,25,1,1065353216
1,768,2048,768,1280,49,0,1064689664
1,768,2048,768,1280,49,1,1065353216
1,768,2048,768,1280,50,0,1064427520
1,768,2048,768,1280,50,1,1065353216
1,768,2048,768,1280,75,0,1059979264
1,768,2048,768,1280,75,1,1065353216
1,768,2048,768,1280,100,0,1064427520
1,768,2048,768,1280,100,1,1065353216
1,768,2048,768,1280,2047,0,1065091072
1,768,2048,768,1280,2047,1,1065353216
1,768,2048,768,1280,2048,0,1064910848
1,768,2048,768,1280,2048,1,1065353216
1,768,2048,768,1280,65536,0,1063968768
1,768,2048,768,1280,65536,1,1065353216
1,768,2048,768,1280,2147483647,0,1064681472
1,768,2048,768,1280,2147483647,1,1065353216
1,768,2048,2048,0,-2147483648,0,1062895616
1,768,2048,2048,0,-2147483648,1,1065353216
1,768,2048,2048,0,-123,0,1048281088
1,768,2048,2048,0,-123,1,1065353216
1,768,2048,2048,0,0,0,1062895616
1,768,2048,2048,0,0,1,1065353216
1,768,2048,2048,0,1,0,1062117376
1,768,2048,2048,0,1,1,1065353216
1,768,2048,2048,0,10,0,1049362432
1,768,2048,2048,0,10,1,1065353216
1,768,2048,2048,0,25,0,1041596416
1,768,2048,2048,0,25,1,1065353216
1,768,2048,2048,0,49,0,1063591936
1,768,2048,2048,0,49,1,1065353216
1,768,2048,2048,0,50,0,1062895616
1,768,2048,2048,0,50,1,1065353216
1,768,2048,2048,0,75,0,1041596416
1,768,2048,2048,0,75,1,1065353216
1,768,2048,2048,0,100,0,1062895616
1,768,2048,2048,0,100,1,1065353216
1,768,2048,2048,0,2047,0,1064656896
1,768,2048,2048,0,2047,1,1065353216
1,768,2048,2048,0,2048,0,1064181760
1,768,2048,2048,0,2048,1,1065353216
1,768,2048,2048,0,65536,0,1061666816
1,768,2048,2048,0,65536,1,1065353216
1,768,2048,2048,0,2147483647,0,1063575552
1,768,2048,2048,0,2147483647,1,1065353216
1,768,8192,768,1280,-2147483648,0,1064427520
1,768,8192,768,1280,-2147483648,1,1065353216
1,768,8192,768,1280,-123,0,1061511168
1,768,8192,768,1280,-123,1,1065353216
1,768,8192,768,1280,0,0,1064427520
1,768,8192,768,1280,0,1,1065353216
1,768,8192,768,1280,1,0,1063092224
1,768,8192,768,1280,1,1,1065353216
1,768,8192,768,1280,10,0,1065000960
1,768,8192,768,1280,10,1,1065353216
1,768,8192,768,1280,25,0,1064427520
1,768,8192,768,1280,25,1,1065353216
1,768,8192,768,1280,49,0,1065222144
1,768,8192,768,1280,49,1,1065353216
1,768,8192,768,1280,50,0,1064427520
1,768,8192,768,1280,50,1,1065353216
1,768,8192,768,1280,75,0,1064427520
1,768,8192,768,1280,75,1,1065353216
1,768,8192,768,1280,100,0,1064427520
1,768,8192,768,1280,100,1,1065353216
1,768,8192,768,1280,2047,0,1064558592
1,768,8192,768,1280,2047,1,1065353216
1,768,8192,768,1280,2048,0,1065271296
1,768,8192,768,1280,2048,1,1065353216
1,768,8192,768,1280,65536,0,1065345024
1,768,8192,768,1280,65536,1,1065353216
1,768,8192,768,1280,2147483647,0,1065222144
1,768,8192,768,1280,2147483647,1,1065353216
1,768,8192,2048,0,-2147483648,0,1062895616
1,768,8192,2048,0,-2147483648,1,1065353216
1,768,8192,2048,0,-123,0,1053278208
1,768,8192,2048,0,-123,1,1065353216
1,768,8192,2048,0,0,0,1062895616
1,768,8192,2048,0,0,1,1065353216
1,768,8192,2048,0,1,0,1059323904
1,768,8192,2048,0,1,1,1065353216
1,768,8192,2048,0,10,0,1064427520
1,768,8192,2048,0,10,1,1065353216
1,768,8192,2048,0,25,0,1062895616
1,768,8192,2048,0,25,1,1065353216
1,768,8192,2048,0,49,0,1065017344
1,768,8192,2048,0,49,1,1065353216
1,768,8192,2048,0,50,0,1062895616
1,768,8192,2048,0,50,1,1065353216
1,768,8192,2048,0,75,0,1062895616
1,768,8192,2048,0,75,1,1065353216
1,768,8192,2048,0,100,0,1062895616
1,768,8192,2048,0,100,1,1065353216
1,768,8192,2048,0,2047,0,1063247872
1,768,8192,2048,0,2047,1,1065353216
1,768,8192,2048,0,2048,0,1065148416
1,768,8192,2048,0,2048,1,1065353216
1,768,8192,2048,0,65536,0,1065345024
1,768,8192,2048,0,65536,1,1065353216
1,768,8192,2048,0,2147483647,0,1065009152
1,768,8192,2048,0,2147483647,1,1065353216
1,768,2147483647,768,1280,-2147483648,0,1059725312
1,768,2147483647,768,1280,-2147483648,1,1065353216
1,768,2147483647,768,1280,-123,0,1059733504
1,768,2147483647,768,1280,-123,1,1065353216
1,768,2147483647,768,1280,0,0,1064427520
1,768,2147483647,768,1280,0,1,1065353216
1,768,2147483647,768,1280,1,0,1060265984
1,768,2147483647,768,1280,1,1,1065353216
1,768,2147483647,768,1280,10,0,1064427520
1,768,2147483647,768,1280,10,1,1065353216
1,768,2147483647,768,1280,25,0,1060265984
1,768,2147483647,768,1280,25,1,1065353216
1,768,2147483647,768,1280,49,0,1060257792
1,768,2147483647,768,1280,49,1,1065353216
1,768,2147483647,768,1280,50,0,1064435712
1,768,2147483647,768,1280,50,1,1065353216
1,768,2147483647,768,1280,75,0,1060257792
1,768,2147483647,768,1280,75,1,1065353216
1,768,2147483647,768,1280,100,0,1064443904
1,768,2147483647,768,1280,100,1,1065353216
1,768,2147483647,768,1280,2047,0,1059979264
1,768,2147483647,768,1280,2047,1,1065353216
1,768,2147483647,768,1280,2048,0,1064681472
1,768,2147483647,768,1280,2048,1,1065353216
1,768,2147483647,768,1280,65536,0,1059069952
1,768,2147483647,768,1280,65536,1,1065353216
1,768,2147483647,768,1280,2147483647,0,1064427520
1,768,2147483647,768,1280,2147483647,1,1065353216
1,768,2147483647,2048,0,-2147483648,0,1037565952
1,768,2147483647,2048,0,-2147483648,1,1065353216
1,768,2147483647,2048,0,-123,0,1037828096
1,768,2147483647,2048,0,-123,1,1065353216
1,768,2147483647,2048,0,0,0,1062895616
1,768,2147483647,2048,0,0,1,1065353216
1,768,2147483647,2048,0,1,0,1044709376
1,768,2147483647,2048,0,1,1,1065353216
1,768,2147483647,2048,0,10,0,1062895616
1,768,2147483647,2048,0,10,1,1065353216
1,768,2147483647,2048,0,25,0,1044709376
1,768,2147483647,2048,0,25,1,1065353216
1,768,2147483647,2048,0,49,0,1044611072
1,768,2147483647,2048,0,49,1,1065353216
1,768,2147483647,2048,0,50,0,1062912000
1,768,2147483647,2048,0,50,1,1065353216
1,768,2147483647,2048,0,75,0,1044611072
1,768,2147483647,2048,0,75,1,1065353216
1,768,2147483647,2048,0,100,0,1062928384
1,768,2147483647,2048,0,100,1,1065353216
1,768,2147483647,2048,0,2047,0,1041596416
1,768,2147483647,2048,0,2047,1,1065353216
1,768,2147483647,2048,0,2048,0,1063575552
1,768,2147483647,2048,0,2048,1,1065353216
1,768,2147483647,2048,0,65536,0,989855744
1,768,2147483647,2048,0,65536,1,1065353216
1,768,2147483647,2048,0,2147483647,0,1062895616
1,768,2147483647,2048,0,2147483647,1,1065353216
1,1792,2048,768,1280,-2147483648,0,1059979264
1,1792,2048,768,1280,-2147483648,1,1065353216
1,1792,2048,768,1280,-123,0,1063804928
1,1792,2048,768,1280,-123,1,1065353216
1,1792,2048,768,1280,0,0,1059979264
1,1792,2048,768,1280,0,1,1065353216
1,1792,2048,768,1280,1,0,1060265984
1,1792,2048,768,1280,1,1,1065353216
1,1792,2048,768,1280,10,0,1063624704
1,1792,2048,768,1280,10,1,1065353216
1,1792,2048,768,1280,25,0,1064427520
1,1792,2048,768,1280,25,1,1065353216
1,1792,2048,768,1280,49,0,1059717120
1,1792,2048,768,1280,49,1,1065353216
1,1792,2048,768,1280,50,0,1059979264
1,1792,2048,768,1280,50,1,1065353216
1,1792,2048,768,1280,75,0,1064427520
1,1792,2048,768,1280,75,1,1065353216
1,1792,2048,768,1280,100,0,1059979264
1,1792,2048,768,1280,100,1,1065353216
1,1792,2048,768,1280,2047,0,1059315712
1,1792,2048,768,1280,2047,1,1065353216
1,1792,2048,768,1280,2048,0,1059495936
1,1792,2048,768,1280,2048,1,1065353216
1,1792,2048,768,1280,65536,0,1060438016
1,1792,2048,768,1280,65536,1,1065353216
1,1792,2048,768,1280,2147483647,0,1059725312
1,1792,2048,768,1280,2147483647,1,1065353216
1,1792,2048,2048,0,-2147483648,0,1041596416
1,1792,2048,2048,0,-2147483648,1,1065353216
1,1792,2048,2048,0,-123,0,1061232640
1,1792,2048,2048,0,-123,1,1065353216
1,1792,2048,2048,0,0,0,1041596416
1,1792,2048,2048,0,0,1,1065353216
1,1792,2048,2048,0,1,0,1044709376
1,1792,2048,2048,0,1,1,1065353216
1,1792,2048,2048,0,10,0,1060757504
1,1792,2048,2048,0,10,1,1065353216
1,1792,2048,2048,0,25,0,1062895616
1,1792,2048,2048,0,25,1,1065353216
1,1792,2048,2048,0,49,0,1037434880
1,1792,2048,2048,0,49,1,1065353216
1,1792,2048,2048,0,50,0,1041596416
1,1792,2048,2048,0,50,1,1065353216
1,1792,2048,2048,0,75,0,1062895616
1,1792,2048,2048,0,75,1,1065353216
1,1792,2048,2048,0,100,0,1041596416
1,1792,2048,2048,0,100,1,1065353216
1,1792,2048,2048,0,2047,0,1026031616
1,1792,2048,2048,0,2047,1,1065353216
1,1792,2048,2048,0,2048,0,1032716288
1,1792,2048,2048,0,2048,1,1065353216
1,1792,2048,2048,0,65536,0,1046511616
1,1792,2048,2048,0,65536,1,1065353216
1,1792,2048,2048,0,2147483647,0,1037565952
1,1792,2048,2048,0,2147483647,1,1065353216
1,1792,8192,768,1280,-2147483648,0,1059979264
1,1792,8192,768,1280,-2147483648,1,1065353216
1,1792,8192,768,1280,-123,0,1062895616
1,1792,8192,768,1280,-123,1,1065353216
1,1792,8192,768,1280,0,0,1059979264
1,1792,8192,768,1280,0,1,1065353216
1,1792,8192,768,1280,1,0,1061314560
1,1792,8192,768,1280,1,1,1065353216
1,1792,8192,768,1280,10,0,1059405824
1,1792,8192,768,1280,10,1,1065353216
1,1792,8192,768,1280,25,0,1059979264
1,1792,8192,768,1280,25,1,1065353216
1,1792,8192,768,1280,49,0,1059184640
1,1792,8192,768,1280,49,1,1065353216
1,1792,8192,768,1280,50,0,1059979264
1,1792,8192,768,1280,50,1,1065353216
1,1792,8192,768,1280,75,0,1059979264
1,1792,8192,768,1280,75,1,1065353216
1,1792,8192,768,1280,100,0,1059979264
1,1792,8192,768,1280,100,1,1065353216
1,1792,8192,768,1280,2047,0,1059848192
1,1792,8192,768,1280,2047,1,1065353216
1,1792,8192,768,1280,2048,0,1059135488
1,1792,8192,768,1280,2048,1,1065353216
1,1792,8192,768,1280,65536,0,1059061760
1,1792,8192,768,1280,65536,1,1065353216
1,1792,8192,768,1280,2147483647,0,1059184640
1,1792,8192,768,1280,2147483647,1,1065353216
1,1792,8192,2048,0,-2147483648,0,1041596416
1,1792,8192,2048,0,-2147483648,1,1065353216
1,1792,8192,2048,0,-123,0,1058799616
1,1792,8192,2048,0,-123,1,1065353216
1,1792,8192,2048,0,0,0,1041596416
1,1792,8192,2048,0,0,1,1065353216
1,1792,8192,2048,0,1,0,1052229632
1,1792,8192,2048,0,1,1,1065353216
1,1792,8192,2048,0,10,0,1029701632
1,1792,8192,2048,0,10,1,1065353216
1,1792,8192,2048,0,25,0,1041596416
1,1792,8192,2048,0,25,1,1065353216
1,1792,8192,2048,0,49,0,1017118720
1,1792,8192,2048,0,49,1,1065353216
1,1792,8192,2048,0,50,0,1041596416
1,1792,8192,2048,0,50,1,1065353216
1,1792,8192,2048,0,75,0,1041596416
1,1792,8192,2048,0,75,1,1065353216
1,1792,8192,2048,0,100,0,1041596416
1,1792,8192,2048,0,100,1,1065353216
1,1792,8192,2048,0,2047,0,1040187392
1,1792,8192,2048,0,2047,1,1065353216
1,1792,8192,2048,0,2048,0,1010827264
1,1792,8192,2048,0,2048,1,1065353216
1,1792,8192,2048,0,65536,0,0
1,1792,8192,2048,0,65536,1,1065353216
1,1792,8192,2048,0,2147483647,0,1017380864
1,1792,8192,2048,0,2147483647,1,1065353216
1,1792,2147483647,768,1280,-2147483648,0,1064681472
1,1792,2147483647,768,1280,-2147483648,1,1065353216
1,1792,2147483647,768,1280,-123,0,1064673280
1,1792,2147483647,768,1280,-123,1,1065353216
1,1792,2147483647,768,1280,0,0,1059979264
1,1792,2147483647,768,1280,0,1,1065353216
1,1792,2147483647,768,1280,1,0,1064132608
1,1792,2147483647,768,1280,1,1,1065353216
1,1792,2147483647,768,1280,10,0,1059979264
1,1792,2147483647,768,1280,10,1,1065353216
1,1792,2147483647,768,1280,25,0,1064132608
1,1792,2147483647,768,1280,25,1,1065353216
1,1792,2147483647,768,1280,49,0,1064148992
1,1792,2147483647,768,1280,49,1,1065353216
1,1792,2147483647,768,1280,50,0,1059971072
1,1792,2147483647,768,1280,50,1,1065353216
1,1792,2147483647,768,1280,75,0,1064148992
1,1792,2147483647,768,1280,75,1,1065353216
1,1792,2147483647,768,1280,100,0,1059962880
1,1792,2147483647,768,1280,100,1,1065353216
1,1792,2147483647,768,1280,2047,0,1064427520
1,1792,2147483647,768,1280,2047,1,1065353216
1,1792,2147483647,768,1280,2048,0,1059725312
1,1792,2147483647,768,1280,2048,1,1065353216
1,1792,2147483647,768,1280,65536,0,1065336832
1,1792,2147483647,768,1280,65536,1,1065353216
1,1792,2147483647,768,1280,2147483647,0,1059979264
1,1792,2147483647,768,1280,2147483647,1,1065353216
1,1792,2147483647,2048,0,-2147483648,0,1063575552
1,1792,2147483647,2048,0,-2147483648,1,1065353216
1,1792,2147483647,2048,0,-123,0,1063542784
1,1792,2147483647,2048,0,-123,1,1065353216
1,1792,2147483647,2048,0,0,0,1041596416
1,1792,2147483647,2048,0,0,1,1065353216
1,1792,2147483647,2048,0,1,0,1062117376
1,1792,2147483647,2048,0,1,1,1065353216
1,1792,2147483647,2048,0,10,0,1041596416
1,1792,2147483647,2048,0,10,1,1065353216
1,1792,2147483647,2048,0,25,0,1062117376
1,1792,2147483647,2048,0,25,1,1065353216
1,1792,2147483647,2048,0,49,0,1062141952
1,1792,2147483647,2048,0,49,1,1065353216
1,1792,2147483647,2048,0,50,0,1041530880
1,1792,2147483647,2048,0,50,1,1065353216
1,1792,2147483647,2048,0,75,0,1062141952
1,1792,2147483647,2048,0,75,1,1065353216
1,1792,2147483647,2048,0,100,0,1041465344
1,1792,2147483647,2048,0,100,1,1065353216
1,1792,2147483647,2048,0,2047,0,1062895616
1,1792,2147483647,2048,0,2047,1,1065353216
1,1792,2147483647,2048,0,2048,0,1037565952
1,1792,2147483647,2048,0,2048,1,1065353216
1,1792,2147483647,2048,0,65536,0,1065312256
1,1792,2147483647,2048,0,65536,1,1065353216
1,1792,2147483647,2048,0,2147483647,0,1041596416
1,1792,2147483647,2048,0,2147483647,1,1065353216
2,0,2048,768,1280,-2147483648,0,1059061760
2,0,2048,768,1280,-2147483648,1,1065353216
2,0,2048,768,1280,-123,0,1062453248
2,0,2048,768,1280,-123,1,1065353216
2,0,2048,768,1280,0,0,1059061760
2,0,2048,768,1280,0,1,1065353216
2,0,2048,768,1280,1,0,1059184640
2,0,2048,768,1280,1,1,1065353216
2,0,2048,768,1280,10,0,1060315136
2,0,2048,768,1280,10,1,1065353216
2,0,2048,768,1280,25,0,1062207488
2,0,2048,768,1280,25,1,1065353216
2,0,2048,768,1280,49,0,1065222144
2,0,2048,768,1280,49,1,1065353216
2,0,2048,768,1280,50,0,1059061760
2,0,2048,768,1280,50,1,1065353216
2,0,2048,768,1280,75,0,1062207488
2,0,2048,768,1280,75,1,1065353216
2,0,2048,768,1280,100,0,1059061760
2,0,2048,768,1280,100,1,1065353216
2,0,2048,768,1280,2047,0,1064968192
2,0,2048,768,1280,2047,1,1065353216
2,0,2048,768,1280,2048,0,1065099264
2,0,2048,768,1280,2048,1,1065353216
2,0,2048,768,1280,65536,0,1063583744
2,0,2048,768,1280,65536,1,1065353216
2,0,2048,768,1280,2147483647,0,1065230336
2,0,2048,768,1280,2147483647,1,1065353216
2,0,2048,2048,0,-2147483648,0,0
2,0,2048,2048,0,-2147483648,1,1065353216
2,0,2048,2048,0,-123,0,1057636352
2,0,2048,2048,0,-123,1,1065353216
2,0,2048,2048,0,0,0,0
2,0,2048,2048,0,0,1,1065353216
2,0,2048,2048,0,1,0,1017118720
2,0,2048,2048,0,1,1,1065353216
2,0,2048,2048,0,10,0,1045200896
2,0,2048,2048,0,10,1,1065353216
2,0,2048,2048,0,25,0,1056964608
2,0,2048,2048,0,25,1,1065353216
2,0,2048,2048,0,49,0,1065017344
2,0,2048,2048,0,49,1,1065353216
2,0,2048,2048,0,50,0,0
2,0,2048,2048,0,50,1,1065353216
2,0,2048,2048,0,75,0,1056964608
2,0,2048,2048,0,75,1,1065353216
2,0,2048,2048,0,100,0,0
2,0,2048,2048,0,100,1,1065353216
2,0,2048,2048,0,2047,0,1064345600
2,0,2048,2048,0,2047,1,1065353216
2,0,2048,2048,0,2048,0,1064681472
2,0,2048,2048,0,2048,1,1065353216
2,0,2048,2048,0,65536,0,1060651008
2,0,2048,2048,0,65536,1,1065353216
2,0,2048,2048,0,2147483647,0,1065025536
2,0,2048,2048,0,2147483647,1,1065353216
2,0,8192,768,1280,-2147483648,0,1059061760
2,0,8192,768,1280,-2147483648,1,1065353216
2,0,8192,768,1280,-123,0,1060069376
2,0,8192,768,1280,-123,1,1065353216
2,0,8192,768,1280,0,0,1059061760
2,0,8192,768,1280,0,1,1065353216
2,0,8192,768,1280,1,0,1059561472
2,0,8192,768,1280,1,1,1065353216
2,0,8192,768,1280,10,0,1064091648
2,0,8192,768,1280,10,1,1065353216
2,0,8192,768,1280,25,0,1059061760
2,0,8192,768,1280,25,1,1065353216
2,0,8192,768,1280,49,0,1064845312
2,0,8192,768,1280,49,1,1065353216
2,0,8192,768,1280,50,0,1059061760
2,0,8192,768,1280,50,1,1065353216
2,0,8192,768,1280,75,0,1059061760
2,0,8192,768,1280,75,1,1065353216
2,0,8192,768,1280,100,0,1059061760
2,0,8192,768,1280,100,1,1065353216
2,0,8192,768,1280,2047,0,1063837696
2,0,8192,768,1280,2047,1,1065353216
2,0,8192,768,1280,2048,0,1064345600
2,0,8192,768,1280,2048,1,1065353216
2,0,8192,768,1280,65536,0,1064591360
2,0,8192,768,1280,65536,1,1065353216
2,0,8192,768,1280,2147483647,0,1064845312
2,0,8192,768,1280,2147483647,1,1065353216
2,0,8192,2048,0,-2147483648,0,0
2,0,8192,2048,0,-2147483648,1,1065353216
2,0,8192,2048,0,-123,0,1042546688
2,0,8192,2048,0,-123,1,1065353216
2,0,8192,2048,0,0,0,0
2,0,8192,2048,0,0,1,1065353216
2,0,8192,2048,0,1,0,1034092544
2,0,8192,2048,0,1,1,1065353216
2,0,8192,2048,0,10,0,1061994496
2,0,8192,2048,0,10,1,1065353216
2,0,8192,2048,0,25,0,0
2,0,8192,2048,0,25,1,1065353216
2,0,8192,2048,0,49,0,1064009728
2,0,8192,2048,0,49,1,1065353216
2,0,8192,2048,0,50,0,0
2,0,8192,2048,0,50,1,1065353216
2,0,8192,2048,0,75,0,0
2,0,8192,2048,0,75,1,1065353216
2,0,8192,2048,0,100,0,0
2,0,8192,2048,0,100,1,1065353216
2,0,8192,2048,0,2047,0,1061322752
2,0,8192,2048,0,2047,1,1065353216
2,0,8192,2048,0,2048,0,1062666240
2,0,8192,2048,0,2048,1,1065353216
2,0,8192,2048,0,65536,0,1063337984
2,0,8192,2048,0,65536,1,1065353216
2,0,8192,2048,0,2147483647,0,1064017920
2,0,8192,2048,0,2147483647,1,1065353216
2,0,2147483647,768,1280,-2147483648,0,1062084608
2,0,2147483647,768,1280,-2147483648,1,1065353216
2,0,2147483647,768,1280,-123,0,1062084608
2,0,2147483647,768,1280,-123,1,1065353216
2,0,2147483647,768,1280,0,0,1059061760
2,0,2147483647,768,1280,0,1,1065353216
2,0,2147483647,768,1280,1,0,1062330368
2,0,2147483647,768,1280,1,1,1065353216
2,0,2147483647,768,1280,10,0,1059061760
2,0,2147483647,768,1280,10,1,1065353216
2,0,2147483647,768,1280,25,0,1062330368
2,0,2147483647,768,1280,25,1,1065353216
2,0,2147483647,768,1280,49,0,1062322176
2,0,2147483647,768,1280,49,1,1065353216
2,0,2147483647,768,1280,50,0,1065345024
2,0,2147483647,768,1280,50,1,1065353216
2,0,2147483647,768,1280,75,0,1062322176
2,0,2147483647,768,1280,75,1,1065353216
2,0,2147483647,768,1280,100,0,1065345024
2,0,2147483647,768,1280,100,1,1065353216
2,0,2147483647,768,1280,2047,0,1062207488
2,0,2147483647,768,1280,2047,1,1065353216
2,0,2147483647,768,1280,2048,0,1065230336
2,0,2147483647,768,1280,2048,1,1065353216
2,0,2147483647,768,1280,65536,0,1061322752
2,0,2147483647,768,1280,65536,1,1065353216
2,0,2147483647,768,1280,2147483647,0,1059061760
2,0,2147483647,768,1280,2147483647,1,1065353216
2,0,2147483647,2048,0,-2147483648,0,1056309248
2,0,2147483647,2048,0,-2147483648,1,1065353216
2,0,2147483647,2048,0,-123,0,1056342016
2,0,2147483647,2048,0,-123,1,1065353216
2,0,2147483647,2048,0,0,0,0
2,0,2147483647,2048,0,0,1,1065353216
2,0,2147483647,2048,0,1,0,1057292288
2,0,2147483647,2048,0,1,1,1065353216
2,0,2147483647,2048,0,10,0,0
2,0,2147483647,2048,0,10,1,1065353216
2,0,2147483647,2048,0,25,0,1057292288
2,0,2147483647,2048,0,25,1,1065353216
2,0,2147483647,2048,0,49,0,1057284096
2,0,2147483647,2048,0,49,1,1065353216
2,0,2147483647,2048,0,50,0,1065345024
2,0,2147483647,2048,0,50,1,1065353216
2,0,2147483647,2048,0,75,0,1057284096
2,0,2147483647,2048,0,75,1,1065353216
2,0,2147483647,2048,0,100,0,1065336832
2,0,2147483647,2048,0,100,1,1065353216
2,0,2147483647,2048,0,2047,0,1056964608
2,0,2147483647,2048,0,2047,1,1065353216
2,0,2147483647,2048,0,2048,0,1065025536
2,0,2147483647,2048,0,2048,1,1065353216
2,0,2147483647,2048,0,65536,0,1052278784
2,0,2147483647,2048,0,65536,1,1065353216
2,0,2147483647,2048,0,2147483647,0,0
2,0,2147483647,2048,0,2147483647,1,1065353216
2,768,2048,768,1280,-2147483648,0,1061421056
2,768,2048,768,1280,-2147483648,1,1065353216
2,768,2048,768,1280,-123,0,1064812544
2,768,2048,768,1280,-123,1,1065353216
2,768,2048,768,1280,0,0,1061421056
2,768,2048,768,1280,0,1,1065353216
2,768,2048,768,1280,1,0,1061543936
2,768,2048,768,1280,1,1,1065353216
2,768,2048,768,1280,10,0,1062674432
2,768,2048,768,1280,10,1,1065353216
2,768,2048,768,1280,25,0,1064566784
2,768,2048,768,1280,25,1,1065353216
2,768,2048,768,1280,49,0,1061289984
2,768,2048,768,1280,49,1,1065353216
2,768,2048,768,1280,50,0,1061421056
2,768,2048,768,1280,50,1,1065353216
2,768,2048,768,1280,75,0,1064566784
2,768,2048,768,1280,75,1,1065353216
2,768,2048,768,1280,100,0,1061421056
2,768,2048,768,1280,100,1,1065353216
2,768,2048,768,1280,2047,0,1061036032
2,768,2048,768,1280,2047,1,1065353216
2,768,2048,768,1280,2048,0,1061167104
2,768,2048,768,1280,2048,1,1065353216
2,768,2048,768,1280,65536,0,1059651584
2,768,2048,768,1280,65536,1,1065353216
2,768,2048,768,1280,2147483647,0,1061298176
2,768,2048,768,1280,2147483647,1,1065353216
2,768,2048,2048,0,-2147483648,0,1052770304
2,768,2048,2048,0,-2147483648,1,1065353216
2,768,2048,2048,0,-123,0,1063927808
2,768,2048,2048,0,-123,1,1065353216
2,768,2048,2048,0,0,0,1052770304
2,768,2048,2048,0,0,1,1065353216
2,768,2048,2048,0,1,0,1053425664
2,768,2048,2048,0,1,1,1065353216
2,768,2048,2048,0,10,0,1058217984
2,768,2048,2048,0,10,1,1065353216
2,768,2048,2048,0,25,0,1063256064
2,768,2048,2048,0,25,1,1065353216
2,768,2048,2048,0,49,0,1052098560
2,768,2048,2048,0,49,1,1065353216
2,768,2048,2048,0,50,0,1052770304
2,768,2048,2048,0,50,1,1065353216
2,768,2048,2048,0,75,0,1063256064
2,768,2048,2048,0,75,1,1065353216
2,768,2048,2048,0,100,0,1052770304
2,768,2048,2048,0,100,1,1065353216
2,768,2048,2048,0,2047,0,1050755072
2,768,2048,2048,0,2047,1,1065353216
2,768,2048,2048,0,2048,0,1051426816
2,768,2048,2048,0,2048,1,1065353216
2,768,2048,2048,0,65536,0,1036124160
2,768,2048,2048,0,65536,1,1065353216
2,768,2048,2048,0,2147483647,0,1052114944
2,768,2048,2048,0,2147483647,1,1065353216
2,768,8192,768,1280,-2147483648,0,1061421056
2,768,8192,768,1280,-2147483648,1,1065353216
2,768,8192,768,1280,-123,0,1062428672
2,768,8192,768,1280,-123,1,1065353216
2,768,8192,768,1280,0,0,1061421056
2,768,8192,768,1280,0,1,1065353216
2,768,8192,768,1280,1,0,1061920768
2,768,8192,768,1280,1,1,1065353216
2,768,8192,768,1280,10,0,1060159488
2,768,8192,768,1280,10,1,1065353216
2,768,8192,768,1280,25,0,1061421056
2,768,8192,768,1280,25,1,1065353216
2,768,8192,768,1280,49,0,1060913152
2,768,8192,768,1280,49,1,1065353216
2,768,8192,768,1280,50,0,1061421056
2,768,8192,768,1280,50,1,1065353216
2,768,8192,768,1280,75,0,1061421056
2,768,8192,768,1280,75,1,1065353216
2,768,8192,768,1280,100,0,1061421056
2,768,8192,768,1280,100,1,1065353216
2,768,8192,768,1280,2047,0,1059905536
2,768,8192,768,1280,2047,1,1065353216
2,768,8192,768,1280,2048,0,1060413440
2,768,8192,768,1280,2048,1,1065353216
2,768,8192,768,1280,65536,0,1060659200
2,768,8192,768,1280,65536,1,1065353216
2,768,8192,768,1280,2147483647,0,1060913152
2,768,8192,768,1280,2147483647,1,1065353216
2,768,8192,2048,0,-2147483648,0,1052770304
2,768,8192,2048,0,-2147483648,1,1065353216
2,768,8192,2048,0,-123,0,1057554432
2,768,8192,2048,0,-123,1,1065353216
2,768,8192,2048,0,0,0,1052770304
2,768,8192,2048,0,0,1,1065353216
2,768,8192,2048,0,1,0,1055440896
2,768,8192,2048,0,1,1,1065353216
2,768,8192,2048,0,10,0,1043529728
2,768,8192,2048,0,10,1,1065353216
2,768,8192,2048,0,25,0,1052770304
2,768,8192,2048,0,25,1,1065353216
2,768,8192,2048,0,49,0,1050083328
2,768,8192,2048,0,49,1,1065353216
2,768,8192,2048,0,50,0,1052770304
2,768,8192,2048,0,50,1,1065353216
2,768,8192,2048,0,75,0,1052770304
2,768,8192,2048,0,75,1,1065353216
2,768,8192,2048,0,100,0,1052770304
2,768,8192,2048,0,100,1,1065353216
2,768,8192,2048,0,2047,0,1040842752
2,768,8192,2048,0,2047,1,1065353216
2,768,8192,2048,0,2048,0,1046216704
2,768,8192,2048,0,2048,1,1065353216
2,768,8192,2048,0,65536,0,1048739840
2,768,8192,2048,0,65536,1,1065353216
2,768,8192,2048,0,2147483647,0,1050099712
2,768,8192,2048,0,2147483647,1,1065353216
2,768,2147483647,768,1280,-2147483648,0,1064443904
2,768,2147483647,768,1280,-2147483648,1,1065353216
2,768,2147483647,768,1280,-123,0,1064443904
2,768,2147483647,768,1280,-123,1,1065353216
2,768,2147483647,768,1280,0,0,1061421056
2,768,2147483647,768,1280,0,1,1065353216
2,768,2147483647,768,1280,1,0,1064689664
2,768,2147483647,768,1280,1,1,1065353216
2,768,2147483647,768,1280,10,0,1061421056
2,768,2147483647,768,1280,10,1,1065353216
2,768,2147483647,768,1280,25,0,1064689664
2,768,2147483647,768,1280,25,1,1065353216
2,768,2147483647,768,1280,49,0,1064681472
2,768,2147483647,768,1280,49,1,1065353216
2,768,2147483647,768,1280,50,0,1061412864
2,768,2147483647,768,1280,50,1,1065353216
2,768,2147483647,768,1280,75,0,1064681472
2,768,2147483647,768,1280,75,1,1065353216
2,768,2147483647,768,1280,100,0,1061412864
2,768,2147483647,768,1280,100,1,1065353216
2,768,2147483647,768,1280,2047,0,1064566784
2,768,2147483647,768,1280,2047,1,1065353216
2,768,2147483647,768,1280,2048,0,1061298176
2,768,2147483647,768,1280,2048,1,1065353216
2,768,2147483647,768,1280,65536,0,1063682048
2,768,2147483647,768,1280,65536,1,1065353216
2,768,2147483647,768,1280,2147483647,0,1061421056
2,768,2147483647,768,1280,2147483647,1,1065353216
2,768,2147483647,2048,0,-2147483648,0,1062928384
2,768,2147483647,2048,0,-2147483648,1,1065353216
2,768,2147483647,2048,0,-123,0,1062944768
2,768,2147483647,2048,0,-123,1,1065353216
2,768,2147483647,2048,0,0,0,1052770304
2,768,2147483647,2048,0,0,1,1065353216
2,768,2147483647,2048,0,1,0,1063583744
2,768,2147483647,2048,0,1,1,1065353216
2,768,2147483647,2048,0,10,0,1052770304
2,768,2147483647,2048,0,10,1,1065353216
2,768,2147483647,2048,0,25,0,1063583744
2,768,2147483647,2048,0,25,1,1065353216
2,768,2147483647,2048,0,49,0,1063575552
2,768,2147483647,2048,0,49,1,1065353216
2,768,2147483647,2048,0,50,0,1052753920
2,768,2147483647,2048,0,50,1,1065353216
2,768,2147483647,2048,0,75,0,1063575552
2,768,2147483647,2048,0,75,1,1065353216
2,768,2147483647,2048,0,100,0,1052737536
2,768,2147483647,2048,0,100,1,1065353216
2,768,2147483647,2048,0,2047,0,1063256064
2,768,2147483647,2048,0,2047,1,1065353216
2,768,2147483647,2048,0,2048,0,1052114944
2,768,2147483647,2048,0,2048,1,1065353216
2,768,2147483647,2048,0,65536,0,1060913152
2,768,2147483647,2048,0,65536,1,1065353216
2,768,2147483647,2048,0,2147483647,0,1052770304
2,768,2147483647,2048,0,2147483647,1,1065353216
2,1792,2048,768,1280,-2147483648,0,1064566784
2,1792,2048,768,1280,-2147483648,1,1065353216
2,1792,2048,768,1280,-123,0,1061666816
2,1792,2048,768,1280,-123,1,1065353216
2,1792,2048,768,1280,0,0,1064566784
2,1792,2048,768,1280,0,1,1065353216
2,1792,2048,768,1280,1,0,1064689664
2,1792,2048,768,1280,1,1,1065353216
2,1792,2048,768,1280,10,0,1059528704
2,1792,2048,768,1280,10,1,1065353216
2,1792,2048,768,1280,25,0,1061421056
2,1792,2048,768,1280,25,1,1065353216
2,1792,2048,768,1280,49,0,1064435712
2,1792,2048,768,1280,49,1,1065353216
2,1792,2048,768,1280,50,0,1064566784
2,1792,2048,768,1280,50,1,1065353216
2,1792,2048,768,1280,75,0,1061421056
2,1792,2048,768,1280,75,1,1065353216
2,1792,2048,768,1280,100,0,1064566784
2,1792,2048,768,1280,100,1,1065353216
2,1792,2048,768,1280,2047,0,1064181760
2,1792,2048,768,1280,2047,1,1065353216
2,1792,2048,768,1280,2048,0,1064312832
2,1792,2048,768,1280,2048,1,1065353216
2,1792,2048,768,1280,65536,0,1062797312
2,1792,2048,768,1280,65536,1,1065353216
2,1792,2048,768,1280,2147483647,0,1064443904
2,1792,2048,768,1280,2147483647,1,1065353216
2,1792,2048,2048,0,-2147483648,0,1063256064
2,1792,2048,2048,0,-2147483648,1,1065353216
2,1792,2048,2048,0,-123,0,1054113792
2,1792,2048,2048,0,-123,1,1065353216
2,1792,2048,2048,0,0,0,1063256064
2,1792,2048,2048,0,0,1,1065353216
2,1792,2048,2048,0,1,0,1063583744
2,1792,2048,2048,0,1,1,1065353216
2,1792,2048,2048,0,10,0,1033437184
2,1792,2048,2048,0,10,1,1065353216
2,1792,2048,2048,0,25,0,1052770304
2,1792,2048,2048,0,25,1,1065353216
2,1792,2048,2048,0,49,0,1062920192
2,1792,2048,2048,0,49,1,1065353216
2,1792,2048,2048,0,50,0,1063256064
2,1792,2048,2048,0,50,1,1065353216
2,1792,2048,2048,0,75,0,1052770304
2,1792,2048,2048,0,75,1,1065353216
2,1792,2048,2048,0,100,0,1063256064
2,1792,2048,2048,0,100,1,1065353216
2,1792,2048,2048,0,2047,0,1062248448
2,1792,2048,2048,0,2047,1,1065353216
2,1792,2048,2048,0,2048,0,1062584320
2,1792,2048,2048,0,2048,1,1065353216
2,1792,2048,2048,0,65536,0,1058553856
2,1792,2048,2048,0,65536,1,1065353216
2,1792,2048,2048,0,2147483647,0,1062928384
2,1792,2048,2048,0,2147483647,1,1065353216
2,1792,8192,768,1280,-2147483648,0,1064566784
2,1792,8192,768,1280,-2147483648,1,1065353216
2,1792,8192,768,1280,-123,0,1059282944
2,1792,8192,768,1280,-123,1,1065353216
2,1792,8192,768,1280,0,0,1064566784
2,1792,8192,768,1280,0,1,1065353216
2,1792,8192,768,1280,1,0,1065066496
2,1792,8192,768,1280,1,1,1065353216
2,1792,8192,768,1280,10,0,1063305216
2,1792,8192,768,1280,10,1,1065353216
2,1792,8192,768,1280,25,0,1064566784
2,1792,8192,768,1280,25,1,1065353216
2,1792,8192,768,1280,49,0,1064058880
2,1792,8192,768,1280,49,1,1065353216
2,1792,8192,768,1280,50,0,1064566784
2,1792,8192,768,1280,50,1,1065353216
2,1792,8192,768,1280,75,0,1064566784
2,1792,8192,768,1280,75,1,1065353216
2,1792,8192,768,1280,100,0,1064566784
2,1792,8192,768,1280,100,1,1065353216
2,1792,8192,768,1280,2047,0,1063051264
2,1792,8192,768,1280,2047,1,1065353216
2,1792,8192,768,1280,2048,0,1063559168
2,1792,8192,768,1280,2048,1,1065353216
2,1792,8192,768,1280,65536,0,1063804928
2,1792,8192,768,1280,65536,1,1065353216
2,1792,8192,768,1280,2147483647,0,1064058880
2,1792,8192,768,1280,2147483647,1,1065353216
2,1792,8192,2048,0,-2147483648,0,1063256064
2,1792,8192,2048,0,-2147483648,1,1065353216
2,1792,8192,2048,0,-123,0,1024458752
2,1792,8192,2048,0,-123,1,1065353216
2,1792,8192,2048,0,0,0,1063256064
2,1792,8192,2048,0,0,1,1065353216
2,1792,8192,2048,0,1,0,1064591360
2,1792,8192,2048,0,1,1,1065353216
2,1792,8192,2048,0,10,0,1059897344
2,1792,8192,2048,0,10,1,1065353216
2,1792,8192,2048,0,25,0,1063256064
2,1792,8192,2048,0,25,1,1065353216
2,1792,8192,2048,0,49,0,1061912576
2,1792,8192,2048,0,49,1,1065353216
2,1792,8192,2048,0,50,0,1063256064
2,1792,8192,2048,0,50,1,1065353216
2,1792,8192,2048,0,75,0,1063256064
2,1792,8192,2048,0,75,1,1065353216
2,1792,8192,2048,0,100,0,1063256064
2,1792,8192,2048,0,100,1,1065353216
2,1792,8192,2048,0,2047,0,1059225600
2,1792,8192,2048,0,2047,1,1065353216
2,1792,8192,2048,0,2048,0,1060569088
2,1792,8192,2048,0,2048,1,1065353216
2,1792,8192,2048,0,65536,0,1061240832
2,1792,8192,2048,0,65536,1,1065353216
2,1792,8192,2048,0,2147483647,0,1061920768
2,1792,8192,2048,0,2147483647,1,1065353216
2,1792,2147483647,768,1280,-2147483648,0,1061298176
2,1792,2147483647,768,1280,-2147483648,1,1065353216
2,1792,2147483647,768,1280,-123,0,1061298176
2,1792,2147483647,768,1280,-123,1,1065353216
2,1792,2147483647,768,1280,0,0,1064566784
2,1792,2147483647,768,1280,0,1,1065353216
2,1792,2147483647,768,1280,1,0,1061543936
2,1792,2147483647,768,1280,1,1,1065353216
2,1792,2147483647,768,1280,10,0,1064566784
2,1792,2147483647,768,1280,10,1,1065353216
2,1792,2147483647,768,1280,25,0,1061543936
2,1792,2147483647,768,1280,25,1,1065353216
2,1792,2147483647,768,1280,49,0,1061535744
2,1792,2147483647,768,1280,49,1,1065353216
2,1792,2147483647,768,1280,50,0,1064558592
2,1792,2147483647,768,1280,50,1,1065353216
2,1792,2147483647,768,1280,75,0,1061535744
2,1792,2147483647,768,1280,75,1,1065353216
2,1792,2147483647,768,1280,100,0,1064558592
2,1792,2147483647,768,1280,100,1,1065353216
2,1792,2147483647,768,1280,2047,0,1061421056
2,1792,2147483647,768,1280,2047,1,1065353216
2,1792,2147483647,768,1280,2048,0,1064443904
2,1792,2147483647,768,1280,2048,1,1065353216
2,1792,2147483647,768,1280,65536,0,1060536320
2,1792,2147483647,768,1280,65536,1,1065353216
2,1792,2147483647,768,1280,2147483647,0,1064566784
2,1792,2147483647,768,1280,2147483647,1,1065353216
2,1792,2147483647,2048,0,-2147483648,0,1052114944
2,1792,2147483647,2048,0,-2147483648,1,1065353216
2,1792,2147483647,2048,0,-123,0,1052147712
2,1792,2147483647,2048,0,-123,1,1065353216
2,1792,2147483647,2048,0,0,0,1063256064
2,1792,2147483647,2048,0,0,1,1065353216
2,1792,2147483647,2048,0,1,0,1053425664
2,1792,2147483647,2048,0,1,1,1065353216
2,1792,2147483647,2048,0,10,0,1063256064
2,1792,2147483647,2048,0,10,1,1065353216
2,1792,2147483647,2048,0,25,0,1053425664
2,1792,2147483647,2048,0,25,1,1065353216
2,1792,2147483647,2048,0,49,0,1053409280
2,1792,2147483647,2048,0,49,1,1065353216
2,1792,2147483647,2048,0,50,0,1063247872
2,1792,2147483647,2048,0,50,1,1065353216
2,1792,2147483647,2048,0,75,0,1053409280
2,1792,2147483647,2048,0,75,1,1065353216
2,1792,2147483647,2048,0,100,0,1063239680
2,1792,2147483647,2048,0,100,1,1065353216
2,1792,2147483647,2048,0,2047,0,1052770304
2,1792,2147483647,2048,0,2047,1,1065353216
2,1792,2147483647,2048,0,2048,0,1062928384
2,1792,2147483647,2048,0,2048,1,1065353216
2,1792,2147483647,2048,0,65536,0,1047592960
2,1792,2147483647,2048,0,65536,1,1065353216
2,1792,2147483647,2048,0,2147483647,0,1063256064
2,1792,2147483647,2048,0,2147483647,1,1065353216
3,0,2048,768,1280,-2147483648,0,1062207488
3,0,2048,768,1280,-2147483648,1,1065353216
3,0,2048,768,1280,-123,0,1060413440
3,0,2048,768,1280,-123,1,1065353216
3,0,2048,768,1280,0,0,1062207488
3,0,2048,768,1280,0,1,1065353216
3,0,2048,768,1280,1,0,1063395328
3,0,2048,768,1280,1,1,1065353216
3,0,2048,768,1280,10,0,1061199872
3,0,2048,768,1280,10,1,1065353216
3,0,2048,768,1280,25,0,1062207488
3,0,2048,768,1280,25,1,1065353216
3,0,2048,768,1280,49,0,1060855808
3,0,2048,768,1280,49,1,1065353216
3,0,2048,768,1280,50,0,1062207488
3,0,2048,768,1280,50,1,1065353216
3,0,2048,768,1280,75,0,1062207488
3,0,2048,768,1280,75,1,1065353216
3,0,2048,768,1280,100,0,1062207488
3,0,2048,768,1280,100,1,1065353216
3,0,2048,768,1280,2047,0,1060585472
3,0,2048,768,1280,2047,1,1065353216
3,0,2048,768,1280,2048,0,1060495360
3,0,2048,768,1280,2048,1,1065353216
3,0,2048,768,1280,65536,0,1062363136
3,0,2048,768,1280,65536,1,1065353216
3,0,2048,768,1280,2147483647,0,1060880384
3,0,2048,768,1280,2147483647,1,1065353216
3,0,2048,2048,0,-2147483648,0,1056964608
3,0,2048,2048,0,-2147483648,1,1065353216
3,0,2048,2048,0,-123,0,1046249472
3,0,2048,2048,0,-123,1,1065353216
3,0,2048,2048,0,0,0,1056964608
3,0,2048,2048,0,0,1,1065353216
3,0,2048,2048,0,1,0,1060143104
3,0,2048,2048,0,1,1,1065353216
3,0,2048,2048,0,10,0,1051623424
3,0,2048,2048,0,10,1,1065353216
3,0,2048,2048,0,25,0,1056964608
3,0,2048,2048,0,25,1,1065353216
3,0,2048,2048,0,49,0,1049772032
3,0,2048,2048,0,49,1,1065353216
3,0,2048,2048,0,50,0,1056964608
3,0,2048,2048,0,50,1,1065353216
3,0,2048,2048,0,75,0,1056964608
3,0,2048,2048,0,75,1,1065353216
3,0,2048,2048,0,100,0,1056964608
3,0,2048,2048,0,100,1,1065353216
3,0,2048,2048,0,2047,0,1048051712
3,0,2048,2048,0,2047,1,1065353216
3,0,2048,2048,0,2048,0,1047134208
3,0,2048,2048,0,2048,1,1065353216
3,0,2048,2048,0,65536,0,1057398784
3,0,2048,2048,0,65536,1,1065353216
3,0,2048,2048,0,2147483647,0,1049919488
3,0,2048,2048,0,2147483647,1,1065353216
3,0,8192,768,1280,-2147483648,0,1062207488
3,0,8192,768,1280,-2147483648,1,1065353216
3,0,8192,768,1280,-123,0,1061052416
3,0,8192,768,1280,-123,1,1065353216
3,0,8192,768,1280,0,0,1062207488
3,0,8192,768,1280,0,1,1065353216
3,0,8192,768,1280,1,0,1063149568
3,0,8192,768,1280,1,1,1065353216
3,0,8192,768,1280,10,0,1063419904
3,0,8192,768,1280,10,1,1065353216
3,0,8192,768,1280,25,0,1062207488
3,0,8192,768,1280,25,1,1065353216
3,0,8192,768,1280,49,0,1061298176
3,0,8192,768,1280,49,1,1065353216
3,0,8192,768,1280,50,0,1062207488
3,0,8192,768,1280,50,1,1065353216
3,0,8192,768,1280,75,0,1062207488
3,0,8192,768,1280,75,1,1065353216
3,0,8192,768,1280,100,0,1062207488
3,0,8192,768,1280,100,1,1065353216
3,0,8192,768,1280,2047,0,1062330368
3,0,8192,768,1280,2047,1,1065353216
3,0,8192,768,1280,2048,0,1063854080
3,0,8192,768,1280,2048,1,1065353216
3,0,8192,768,1280,65536,0,1062019072
3,0,8192,768,1280,65536,1,1065353216
3,0,8192,768,1280,2147483647,0,1061281792
3,0,8192,768,1280,2147483647,1,1065353216
3,0,8192,2048,0,-2147483648,0,1056964608
3,0,8192,2048,0,-2147483648,1,1065353216
3,0,8192,2048,0,-123,0,1050820608
3,0,8192,2048,0,-123,1,1065353216
3,0,8192,2048,0,0,0,1056964608
3,0,8192,2048,0,0,1,1065353216
3,0,8192,2048,0,1,0,1059479552
3,0,8192,2048,0,1,1,1065353216
3,0,8192,2048,0,10,0,1060208640
3,0,8192,2048,0,10,1,1065353216
3,0,8192,2048,0,25,0,1056964608
3,0,8192,2048,0,25,1,1065353216
3,0,8192,2048,0,49,0,1052114944
3,0,8192,2048,0,49,1,1065353216
3,0,8192,2048,0,50,0,1056964608
3,0,8192,2048,0,50,1,1065353216
3,0,8192,2048,0,75,0,1056964608
3,0,8192,2048,0,75,1,1065353216
3,0,8192,2048,0,100,0,1056964608
3,0,8192,2048,0,100,1,1065353216
3,0,8192,2048,0,2047,0,1057308672
3,0,8192,2048,0,2047,1,1065353216
3,0,8192,2048,0,2048,0,1061355520
3,0,8192,2048,0,2048,1,1065353216
3,0,8192,2048,0,65536,0,1055981568
3,0,8192,2048,0,65536,1,1065353216
3,0,8192,2048,0,2147483647,0,1052049408
3,0,8192,2048,0,2147483647,1,1065353216
3,0,2147483647,768,1280,-2147483648,0,1062731776
3,0,2147483647,768,1280,-2147483648,1,1065353216
3,0,2147483647,768,1280,-123,0,1062690816
3,0,2147483647,768,1280,-123,1,1065353216
3,0,2147483647,768,1280,0,0,1062207488
3,0,2147483647,768,1280,0,1,1065353216
3,0,2147483647,768,1280,1,0,1061085184
3,0,2147483647,768,1280,1,1,1065353216
3,0,2147483647,768,1280,10,0,1062207488
3,0,2147483647,768,1280,10,1,1065353216
3,0,2147483647,768,1280,25,0,1061085184
3,0,2147483647,768,1280,25,1,1065353216
3,0,2147483647,768,1280,49,0,1061126144
3,0,2147483647,768,1280,49,1,1065353216
3,0,2147483647,768,1280,50,0,1062166528
3,0,2147483647,768,1280,50,1,1065353216
3,0,2147483647,768,1280,75,0,1061126144
3,0,2147483647,768,1280,75,1,1065353216
3,0,2147483647,768,1280,100,0,1062125568
3,0,2147483647,768,1280,100,1,1065353216
3,0,2147483647,768,1280,2047,0,1062207488
3,0,2147483647,768,1280,2047,1,1065353216
3,0,2147483647,768,1280,2048,0,1060880384
3,0,2147483647,768,1280,2048,1,1065353216
3,0,2147483647,768,1280,65536,0,1061928960
3,0,2147483647,768,1280,65536,1,1065353216
3,0,2147483647,768,1280,2147483647,0,1062207488
3,0,2147483647,768,1280,2147483647,1,1065353216
3,0,2147483647,2048,0,-2147483648,0,1058365440
3,0,2147483647,2048,0,-2147483648,1,1065353216
3,0,2147483647,2048,0,-123,0,1058267136
3,0,2147483647,2048,0,-123,1,1065353216
3,0,2147483647,2048,0,0,0,1056964608
3,0,2147483647,2048,0,0,1,1065353216
3,0,2147483647,2048,0,1,0,1051017216
3,0,2147483647,2048,0,1,1,1065353216
3,0,2147483647,2048,0,10,0,1056964608
3,0,2147483647,2048,0,10,1,1065353216
3,0,2147483647,2048,0,25,0,1051017216
3,0,2147483647,2048,0,25,1,1065353216
3,0,2147483647,2048,0,49,0,1051213824
3,0,2147483647,2048,0,49,1,1065353216
3,0,2147483647,2048,0,50,0,1056751616
3,0,2147483647,2048,0,50,1,1065353216
3,0,2147483647,2048,0,75,0,1051213824
3,0,2147483647,2048,0,75,1,1065353216
3,0,2147483647,2048,0,100,0,1056555008
3,0,2147483647,2048,0,100,1,1065353216
3,0,2147483647,2048,0,2047,0,1056964608
3,0,2147483647,2048,0,2047,1,1065353216
3,0,2147483647,2048,0,2048,0,1049919488
3,0,2147483647,2048,0,2048,1,1065353216
3,0,2147483647,2048,0,65536,0,1055506432
3,0,2147483647,2048,0,65536,1,1065353216
3,0,2147483647,2048,0,2147483647,0,1056964608
3,0,2147483647,2048,0,2147483647,1,1065353216
3,768,2048,768,1280,-2147483648,0,1062207488
3,768,2048,768,1280,-2147483648,1,1065353216
3,768,2048,768,1280,-123,0,1061298176
3,768,2048,768,1280,-123,1,1065353216
3,768,2048,768,1280,0,0,1062207488
3,768,2048,768,1280,0,1,1065353216
3,768,2048,768,1280,1,0,1062977536
3,768,2048,768,1280,1,1,1065353216
3,768,2048,768,1280,10,0,1061224448
3,768,2048,768,1280,10,1,1065353216
3,768,2048,768,1280,25,0,1062207488
3,768,2048,768,1280,25,1,1065353216
3,768,2048,768,1280,49,0,1061879808
3,768,2048,768,1280,49,1,1065353216
3,768,2048,768,1280,50,0,1062207488
3,768,2048,768,1280,50,1,1065353216
3,768,2048,768,1280,75,0,1062207488
3,768,2048,768,1280,75,1,1065353216
3,768,2048,768,1280,100,0,1062207488
3,768,2048,768,1280,100,1,1065353216
3,768,2048,768,1280,2047,0,1062133760
3,768,2048,768,1280,2047,1,1065353216
3,768,2048,768,1280,2048,0,1061748736
3,768,2048,768,1280,2048,1,1065353216
3,768,2048,768,1280,65536,0,1062518784
3,768,2048,768,1280,65536,1,1065353216
3,768,2048,768,1280,2147483647,0,1061888000
3,768,2048,768,1280,2147483647,1,1065353216
3,768,2048,2048,0,-2147483648,0,1056964608
3,768,2048,2048,0,-2147483648,1,1065353216
3,768,2048,2048,0,-123,0,1052131328
3,768,2048,2048,0,-123,1,1065353216
3,768,2048,2048,0,0,0,1056964608
3,768,2048,2048,0,0,1,1065353216
3,768,2048,2048,0,1,0,1059037184
3,768,2048,2048,0,1,1,1065353216
3,768,2048,2048,0,10,0,1051738112
3,768,2048,2048,0,10,1,1065353216
3,768,2048,2048,0,25,0,1056964608
3,768,2048,2048,0,25,1,1065353216
3,768,2048,2048,0,49,0,1055244288
3,768,2048,2048,0,49,1,1065353216
3,768,2048,2048,0,50,0,1056964608
3,768,2048,2048,0,50,1,1065353216
3,768,2048,2048,0,75,0,1056964608
3,768,2048,2048,0,75,1,1065353216
3,768,2048,2048,0,100,0,1056964608
3,768,2048,2048,0,100,1,1065353216
3,768,2048,2048,0,2047,0,1056587776
3,768,2048,2048,0,2047,1,1065353216
3,768,2048,2048,0,2048,0,1054556160
3,768,2048,2048,0,2048,1,1065353216
3,768,2048,2048,0,65536,0,1057808384
3,768,2048,2048,0,65536,1,1065353216
3,768,2048,2048,0,2147483647,0,1055293440
3,768,2048,2048,0,2147483647,1,1065353216
3,768,8192,768,1280,-2147483648,0,1062207488
3,768,8192,768,1280,-2147483648,1,1065353216
3,768,8192,768,1280,-123,0,1060511744
3,768,8192,768,1280,-123,1,1065353216
3,768,8192,768,1280,0,0,1062207488
3,768,8192,768,1280,0,1,1065353216
3,768,8192,768,1280,1,0,1063419904
3,768,8192,768,1280,1,1,1065353216
3,768,8192,768,1280,10,0,1060569088
3,768,8192,768,1280,10,1,1065353216
3,768,8192,768,1280,25,0,1062207488
3,768,8192,768,1280,25,1,1065353216
3,768,8192,768,1280,49,0,1062387712
3,768,8192,768,1280,49,1,1065353216
3,768,8192,768,1280,50,0,1062207488
3,768,8192,768,1280,50,1,1065353216
3,768,8192,768,1280,75,0,1062207488
3,768,8192,768,1280,75,1,1065353216
3,768,8192,768,1280,100,0,1062207488
3,768,8192,768,1280,100,1,1065353216
3,768,8192,768,1280,2047,0,1061830656
3,768,8192,768,1280,2047,1,1065353216
3,768,8192,768,1280,2048,0,1061863424
3,768,8192,768,1280,2048,1,1065353216
3,768,8192,768,1280,65536,0,1062158336
3,768,8192,768,1280,65536,1,1065353216
3,768,8192,768,1280,2147483647,0,1062387712
3,768,8192,768,1280,2147483647,1,1065353216
3,768,8192,2048,0,-2147483648,0,1056964608
3,768,8192,2048,0,-2147483648,1,1065353216
3,768,8192,2048,0,-123,0,1047265280
3,768,8192,2048,0,-123,1,1065353216
3,768,8192,2048,0,0,0,1056964608
3,768,8192,2048,0,0,1,1065353216
3,768,8192,2048,0,1,0,1060216832
3,768,8192,2048,0,1,1,1065353216
3,768,8192,2048,0,10,0,1047953408
3,768,8192,2048,0,10,1,1065353216
3,768,8192,2048,0,25,0,1056964608
3,768,8192,2048,0,25,1,1065353216
3,768,8192,2048,0,49,0,1057447936
3,768,8192,2048,0,49,1,1065353216
3,768,8192,2048,0,50,0,1056964608
3,768,8192,2048,0,50,1,1065353216
3,768,8192,2048,0,75,0,1056964608
3,768,8192,2048,0,75,1,1065353216
3,768,8192,2048,0,100,0,1056964608
3,768,8192,2048,0,100,1,1065353216
3,768,8192,2048,0,2047,0,1054982144
3,768,8192,2048,0,2047,1,1065353216
3,768,8192,2048,0,2048,0,1055145984
3,768,8192,2048,0,2048,1,1065353216
3,768,8192,2048,0,65536,0,1056735232
3,768,8192,2048,0,65536,1,1065353216
3,768,8192,2048,0,2147483647,0,1057464320
3,768,8192,2048,0,2147483647,1,1065353216
3,768,2147483647,768,1280,-2147483648,0,1063313408
3,768,2147483647,768,1280,-2147483648,1,1065353216
3,768,2147483647,768,1280,-123,0,1063247872
3,768,2147483647,768,1280,-123,1,1065353216
3,768,2147483647,768,1280,0,0,1062207488
3,768,2147483647,768,1280,0,1,1065353216
3,768,2147483647,768,1280,1,0,1061404672
3,768,2147483647,768,1280,1,1,1065353216
3,768,2147483647,768,1280,10,0,1062207488
3,768,2147483647,768,1280,10,1,1065353216
3,768,2147483647,768,1280,25,0,1061404672
3,768,2147483647,768,1280,25,1,1065353216
3,768,2147483647,768,1280,49,0,1061421056
3,768,2147483647,768,1280,49,1,1065353216
3,768,2147483647,768,1280,50,0,1062182912
3,768,2147483647,768,1280,50,1,1065353216
3,768,2147483647,768,1280,75,0,1061421056
3,768,2147483647,768,1280,75,1,1065353216
3,768,2147483647,768,1280,100,0,1062166528
3,768,2147483647,768,1280,100,1,1065353216
3,768,2147483647,768,1280,2047,0,1062207488
3,768,2147483647,768,1280,2047,1,1065353216
3,768,2147483647,768,1280,2048,0,1061888000
3,768,2147483647,768,1280,2048,1,1065353216
3,768,2147483647,768,1280,65536,0,1061969920
3,768,2147483647,768,1280,65536,1,1065353216
3,768,2147483647,768,1280,2147483647,0,1062207488
3,768,2147483647,768,1280,2147483647,1,1065353216
3,768,2147483647,2048,0,-2147483648,0,1059930112
3,768,2147483647,2048,0,-2147483648,1,1065353216
3,768,2147483647,2048,0,-123,0,1059749888
3,768,2147483647,2048,0,-123,1,1065353216
3,768,2147483647,2048,0,0,0,1056964608
3,768,2147483647,2048,0,0,1,1065353216
3,768,2147483647,2048,0,1,0,1052688384
3,768,2147483647,2048,0,1,1,1065353216
3,768,2147483647,2048,0,10,0,1056964608
3,768,2147483647,2048,0,10,1,1065353216
3,768,2147483647,2048,0,25,0,1052688384
3,768,2147483647,2048,0,25,1,1065353216
3,768,2147483647,2048,0,49,0,1052770304
3,768,2147483647,2048,0,49,1,1065353216
3,768,2147483647,2048,0,50,0,1056849920
3,768,2147483647,2048,0,50,1,1065353216
3,768,2147483647,2048,0,75,0,1052770304
3,768,2147483647,2048,0,75,1,1065353216
3,768,2147483647,2048,0,100,0,1056751616
3,768,2147483647,2048,0,100,1,1065353216
3,768,2147483647,2048,0,2047,0,1056964608
3,768,2147483647,2048,0,2047,1,1065353216
3,768,2147483647,2048,0,2048,0,1055293440
3,768,2147483647,2048,0,2048,1,1065353216
3,768,2147483647,2048,0,65536,0,1055703040
3,768,2147483647,2048,0,65536,1,1065353216
3,768,2147483647,2048,0,2147483647,0,1056964608
3,768,2147483647,2048,0,2147483647,1,1065353216
3,1792,2048,768,1280,-2147483648,0,1062207488
3,1792,2048,768,1280,-2147483648,1,1065353216
3,1792,2048,768,1280,-123,0,1064034304
3,1792,2048,768,1280,-123,1,1065353216
3,1792,2048,768,1280,0,0,1062207488
3,1792,2048,768,1280,0,1,1065353216
3,1792,2048,768,1280,1,0,1061404672
3,1792,2048,768,1280,1,1,1065353216
3,1792,2048,768,1280,10,0,1063370752
3,1792,2048,768,1280,10,1,1065353216
3,1792,2048,768,1280,25,0,1062207488
3,1792,2048,768,1280,25,1,1065353216
3,1792,2048,768,1280,49,0,1063346176
3,1792,2048,768,1280,49,1,1065353216
3,1792,2048,768,1280,50,0,1062207488
3,1792,2048,768,1280,50,1,1065353216
3,1792,2048,768,1280,75,0,1062207488
3,1792,2048,768,1280,75,1,1065353216
3,1792,2048,768,1280,100,0,1062207488
3,1792,2048,768,1280,100,1,1065353216
3,1792,2048,768,1280,2047,0,1063813120
3,1792,2048,768,1280,2047,1,1065353216
3,1792,2048,768,1280,2048,0,1063780352
3,1792,2048,768,1280,2048,1,1065353216
3,1792,2048,768,1280,65536,0,1061912576
3,1792,2048,768,1280,65536,1,1065353216
3,1792,2048,768,1280,2147483647,0,1063313408
3,1792,2048,768,1280,2147483647,1,1065353216
3,1792,2048,2048,0,-2147483648,0,1056964608
3,1792,2048,2048,0,-2147483648,1,1065353216
3,1792,2048,2048,0,-123,0,1061855232
3,1792,2048,2048,0,-123,1,1065353216
3,1792,2048,2048,0,0,0,1056964608
3,1792,2048,2048,0,0,1,1065353216
3,1792,2048,2048,0,1,0,1052688384
3,1792,2048,2048,0,1,1,1065353216
3,1792,2048,2048,0,10,0,1060077568
3,1792,2048,2048,0,10,1,1065353216
3,1792,2048,2048,0,25,0,1056964608
3,1792,2048,2048,0,25,1,1065353216
3,1792,2048,2048,0,49,0,1060012032
3,1792,2048,2048,0,49,1,1065353216
3,1792,2048,2048,0,50,0,1056964608
3,1792,2048,2048,0,50,1,1065353216
3,1792,2048,2048,0,75,0,1056964608
3,1792,2048,2048,0,75,1,1065353216
3,1792,2048,2048,0,100,0,1056964608
3,1792,2048,2048,0,100,1,1065353216
3,1792,2048,2048,0,2047,0,1061257216
3,1792,2048,2048,0,2047,1,1065353216
3,1792,2048,2048,0,2048,0,1061175296
3,1792,2048,2048,0,2048,1,1065353216
3,1792,2048,2048,0,65536,0,1055391744
3,1792,2048,2048,0,65536,1,1065353216
3,1792,2048,2048,0,2147483647,0,1059930112
3,1792,2048,2048,0,2147483647,1,1065353216
3,1792,8192,768,1280,-2147483648,0,1062207488
3,1792,8192,768,1280,-2147483648,1,1065353216
3,1792,8192,768,1280,-123,0,1063845888
3,1792,8192,768,1280,-123,1,1065353216
3,1792,8192,768,1280,0,0,1062207488
3,1792,8192,768,1280,0,1,1065353216
3,1792,8192,768,1280,1,0,1060421632
3,1792,8192,768,1280,1,1,1065353216
3,1792,8192,768,1280,10,0,1062248448
3,1792,8192,768,1280,10,1,1065353216
3,1792,8192,768,1280,25,0,1062207488
3,1792,8192,768,1280,25,1,1065353216
3,1792,8192,768,1280,49,0,1063067648
3,1792,8192,768,1280,49,1,1065353216
3,1792,8192,768,1280,50,0,1062207488
3,1792,8192,768,1280,50,1,1065353216
3,1792,8192,768,1280,75,0,1062207488
3,1792,8192,768,1280,75,1,1065353216
3,1792,8192,768,1280,100,0,1062207488
3,1792,8192,768,1280,100,1,1065353216
3,1792,8192,768,1280,2047,0,1062240256
3,1792,8192,768,1280,2047,1,1065353216
3,1792,8192,768,1280,2048,0,1062395904
3,1792,8192,768,1280,2048,1,1065353216
3,1792,8192,768,1280,65536,0,1062240256
3,1792,8192,768,1280,65536,1,1065353216
3,1792,8192,768,1280,2147483647,0,1063100416
3,1792,8192,768,1280,2147483647,1,1065353216
3,1792,8192,2048,0,-2147483648,0,1056964608
3,1792,8192,2048,0,-2147483648,1,1065353216
3,1792,8192,2048,0,-123,0,1061347328
3,1792,8192,2048,0,-123,1,1065353216
3,1792,8192,2048,0,0,0,1056964608
3,1792,8192,2048,0,0,1,1065353216
3,1792,8192,2048,0,1,0,1046347776
3,1792,8192,2048,0,1,1,1065353216
3,1792,8192,2048,0,10,0,1057087488
3,1792,8192,2048,0,10,1,1065353216
3,1792,8192,2048,0,25,0,1056964608
3,1792,8192,2048,0,25,1,1065353216
3,1792,8192,2048,0,49,0,1059266560
3,1792,8192,2048,0,49,1,1065353216
3,1792,8192,2048,0,50,0,1056964608
3,1792,8192,2048,0,50,1,1065353216
3,1792,8192,2048,0,75,0,1056964608
3,1792,8192,2048,0,75,1,1065353216
3,1792,8192,2048,0,100,0,1056964608
3,1792,8192,2048,0,100,1,1065353216
3,1792,8192,2048,0,2047,0,1057062912
3,1792,8192,2048,0,2047,1,1065353216
3,1792,8192,2048,0,2048,0,1057472512
3,1792,8192,2048,0,2048,1,1065353216
3,1792,8192,2048,0,65536,0,1057054720
3,1792,8192,2048,0,65536,1,1065353216
3,1792,8192,2048,0,2147483647,0,1059364864
3,1792,8192,2048,0,2147483647,1,1065353216
3,1792,2147483647,768,1280,-2147483648,0,1061888000
3,1792,2147483647,768,1280,-2147483648,1,1065353216
3,1792,2147483647,768,1280,-123,0,1061912576
3,1792,2147483647,768,1280,-123,1,1065353216
3,1792,2147483647,768,1280,0,0,1062207488
3,1792,2147483647,768,1280,0,1,1065353216
3,1792,2147483647,768,1280,1,0,1062977536
3,1792,2147483647,768,1280,1,1,1065353216
3,1792,2147483647,768,1280,10,0,1062207488
3,1792,2147483647,768,1280,10,1,1065353216
3,1792,2147483647,768,1280,25,0,1062977536
3,1792,2147483647,768,1280,25,1,1065353216
3,1792,2147483647,768,1280,49,0,1062944768
3,1792,2147483647,768,1280,49,1,1065353216
3,1792,2147483647,768,1280,50,0,1062223872
3,1792,2147483647,768,1280,50,1,1065353216
3,1792,2147483647,768,1280,75,0,1062944768
3,1792,2147483647,768,1280,75,1,1065353216
3,1792,2147483647,768,1280,100,0,1062240256
3,1792,2147483647,768,1280,100,1,1065353216
3,1792,2147483647,768,1280,2047,0,1062207488
3,1792,2147483647,768,1280,2047,1,1065353216
3,1792,2147483647,768,1280,2048,0,1063313408
3,1792,2147483647,768,1280,2048,1,1065353216
3,1792,2147483647,768,1280,65536,0,1062158336
3,1792,2147483647,768,1280,65536,1,1065353216
3,1792,2147483647,768,1280,2147483647,0,1062207488
3,1792,2147483647,768,1280,2147483647,1,1065353216
3,1792,2147483647,2048,0,-2147483648,0,1055293440
3,1792,2147483647,2048,0,-2147483648,1,1065353216
3,1792,2147483647,2048,0,-123,0,1055391744
3,1792,2147483647,2048,0,-123,1,1065353216
3,1792,2147483647,2048,0,0,0,1056964608
3,1792,2147483647,2048,0,0,1,1065353216
3,1792,2147483647,2048,0,1,0,1059037184
3,1792,2147483647,2048,0,1,1,1065353216
3,1792,2147483647,2048,0,10,0,1056964608
3,1792,2147483647,2048,0,10,1,1065353216
3,1792,2147483647,2048,0,25,0,1059037184
3,1792,2147483647,2048,0,25,1,1065353216
3,1792,2147483647,2048,0,49,0,1058938880
3,1792,2147483647,2048,0,49,1,1065353216
3,1792,2147483647,2048,0,50,0,1057013760
3,1792,2147483647,2048,0,50,1,1065353216
3,1792,2147483647,2048,0,75,0,1058938880
3,1792,2147483647,2048,0,75,1,1065353216
3,1792,2147483647,2048,0,100,0,1057071104
3,1792,2147483647,2048,0,100,1,1065353216
3,1792,2147483647,2048,0,2047,0,1056964608
3,1792,2147483647,2048,0,2047,1,1065353216
3,1792,2147483647,2048,0,2048,0,1059930112
3,1792,2147483647,2048,0,2048,1,1065353216
3,1792,2147483647,2048,0,65536,0,1056702464
3,1792,2147483647,2048,0,65536,1,1065353216
3,1792,2147483647,2048,0,2147483647,0,1056964608
3,1792,2147483647,2048,0,2147483647,1,1065353216
4,0,2048,768,1280,-2147483648,0,1059061760
4,0,2048,768,1280,-2147483648,1,1065353216
4,0,2048,768,1280,-123,0,1065353216
4,0,2048,768,1280,-123,1,1065353216
4,0,2048,768,1280,0,0,1059061760
4,0,2048,768,1280,0,1,1065353216
4,0,2048,768,1280,1,0,1059061760
4,0,2048,768,1280,1,1,1065353216
4,0,2048,768,1280,10,0,1059061760
4,0,2048,768,1280,10,1,1065353216
4,0,2048,768,1280,25,0,1065353216
4,0,2048,768,1280,25,1,1065353216
4,0,2048,768,1280,49,0,1065353216
4,0,2048,768,1280,49,1,1065353216
4,0,2048,768,1280,50,0,1059061760
4,0,2048,768,1280,50,1,1065353216
4,0,2048,768,1280,75,0,1065353216
4,0,2048,768,1280,75,1,1065353216
4,0,2048,768,1280,100,0,1059061760
4,0,2048,768,1280,100,1,1065353216
4,0,2048,768,1280,2047,0,1065353216
4,0,2048,768,1280,2047,1,1065353216
4,0,2048,768,1280,2048,0,1065353216
4,0,2048,768,1280,2048,1,1065353216
4,0,2048,768,1280,65536,0,1065353216
4,0,2048,768,1280,65536,1,1065353216
4,0,2048,768,1280,2147483647,0,1065353216
4,0,2048,768,1280,2147483647,1,1065353216
4,0,2048,2048,0,-2147483648,0,0
4,0,2048,2048,0,-2147483648,1,1065353216
4,0,2048,2048,0,-123,0,1065353216
4,0,2048,2048,0,-123,1,1065353216
4,0,2048,2048,0,0,0,0
4,0,2048,2048,0,0,1,1065353216
4,0,2048,2048,0,1,0,0
4,0,2048,2048,0,1,1,1065353216
4,0,2048,2048,0,10,0,0
4,0,2048,2048,0,10,1,1065353216
4,0,2048,2048,0,25,0,1065353216
4,0,2048,2048,0,25,1,1065353216
4,0,2048,2048,0,49,0,1065353216
4,0,2048,2048,0,49,1,1065353216
4,0,2048,2048,0,50,0,0
4,0,2048,2048,0,50,1,1065353216
4,0,2048,2048,0,75,0,1065353216
4,0,2048,2048,0,75,1,1065353216
4,0,2048,2048,0,100,0,0
4,0,2048,2048,0,100,1,1065353216
4,0,2048,2048,0,2047,0,1065353216
4,0,2048,2048,0,2047,1,1065353216
4,0,2048,2048,0,2048,0,1065353216
4,0,2048,2048,0,2048,1,1065353216
4,0,2048,2048,0,65536,0,1065353216
4,0,2048,2048,0,65536,1,1065353216
4,0,2048,2048,0,2147483647,0,1065353216
4,0,2048,2048,0,2147483647,1,1065353216
4,0,8192,768,1280,-2147483648,0,1059061760
4,0,8192,768,1280,-2147483648,1,1065353216
4,0,8192,768,1280,-123,0,1059061760
4,0,8192,768,1280,-123,1,1065353216
4,0,8192,768,1280,0,0,1059061760
4,0,8192,768,1280,0,1,1065353216
4,0,8192,768,1280,1,0,1059061760
4,0,8192,768,1280,1,1,1065353216
4,0,8192,768,1280,10,0,1065353216
4,0,8192,768,1280,10,1,1065353216
4,0,8192,768,1280,25,0,1059061760
4,0,8192,768,1280,25,1,1065353216
4,0,8192,768,1280,49,0,1065353216
4,0,8192,768,1280,49,1,1065353216
4,0,8192,768,1280,50,0,1059061760
4,0,8192,768,1280,50,1,1065353216
4,0,8192,768,1280,75,0,1059061760
4,0,8192,768,1280,75,1,1065353216
4,0,8192,768,1280,100,0,1059061760
4,0,8192,768,1280,100,1,1065353216
4,0,8192,768,1280,2047,0,1065353216
4,0,8192,768,1280,2047,1,1065353216
4,0,8192,768,1280,2048,0,1065353216
4,0,8192,768,1280,2048,1,1065353216
4,0,8192,768,1280,65536,0,1065353216
4,0,8192,768,1280,65536,1,1065353216
4,0,8192,768,1280,2147483647,0,1065353216
4,0,8192,768,1280,2147483647,1,1065353216
4,0,8192,2048,0,-2147483648,0,0
4,0,8192,2048,0,-2147483648,1,1065353216
4,0,8192,2048,0,-123,0,0
4,0,8192,2048,0,-123,1,1065353216
4,0,8192,2048,0,0,0,0
4,0,8192,2048,0,0,1,1065353216
4,0,8192,2048,0,1,0,0
4,0,8192,2048,0,1,1,1065353216
4,0,8192,2048,0,10,0,1065353216
4,0,8192,2048,0,10,1,1065353216
4,0,8192,2048,0,25,0,0
4,0,8192,2048,0,25,1,1065353216
4,0,8192,2048,0,49,0,1065353216
4,0,8192,2048,0,49,1,1065353216
4,0,8192,2048,0,50,0,0
4,0,8192,2048,0,50,1,1065353216
4,0,8192,2048,0,75,0,0
4,0,8192,2048,0,75,1,1065353216
4,0,8192,2048,0,100,0,0
4,0,8192,2048,0,100,1,1065353216
4,0,8192,2048,0,2047,0,1065353216
4,0,8192,2048,0,2047,1,1065353216
4,0,8192,2048,0,2048,0,1065353216
4,0,8192,2048,0,2048,1,1065353216
4,0,8192,2048,0,65536,0,1065353216
4,0,8192,2048,0,65536,1,1065353216
4,0,8192,2048,0,2147483647,0,1065353216
4,0,8192,2048,0,2147483647,1,1065353216
4,0,2147483647,768,1280,-2147483648,0,1059061760
4,0,2147483647,768,1280,-2147483648,1,1065353216
4,0,2147483647,768,1280,-123,0,1059061760
4,0,2147483647,768,1280,-123,1,1065353216
4,0,2147483647,768,1280,0,0,1059061760
4,0,2147483647,768,1280,0,1,1065353216
4,0,2147483647,768,1280,1,0,1065353216
4,0,2147483647,768,1280,1,1,1065353216
4,0,2147483647,768,1280,10,0,1059061760
4,0,2147483647,768,1280,10,1,1065353216
4,0,2147483647,768,1280,25,0,1065353216
4,0,2147483647,768,1280,25,1,1065353216
4,0,2147483647,768,1280,49,0,1065353216
4,0,2147483647,768,1280,49,1,1065353216
4,0,2147483647,768,1280,50,0,1065353216
4,0,2147483647,768,1280,50,1,1065353216
4,0,2147483647,768,1280,75,0,1065353216
4,0,2147483647,768,1280,75,1,1065353216
4,0,2147483647,768,1280,100,0,1065353216
4,0,2147483647,768,1280,100,1,1065353216
4,0,2147483647,768,1280,2047,0,1065353216
4,0,2147483647,768,1280,2047,1,1065353216
4,0,2147483647,768,1280,2048,0,1065353216
4,0,2147483647,768,1280,2048,1,1065353216
4,0,2147483647,768,1280,65536,0,1059061760
4,0,2147483647,768,1280,65536,1,1065353216
4,0,2147483647,768,1280,2147483647,0,1059061760
4,0,2147483647,768,1280,2147483647,1,1065353216
4,0,2147483647,2048,0,-2147483648,0,0
4,0,2147483647,2048,0,-2147483648,1,1065353216
4,0,2147483647,2048,0,-123,0,0
4,0,2147483647,2048,0,-123,1,1065353216
4,0,2147483647,2048,0,0,0,0
4,0,2147483647,2048,0,0,1,1065353216
4,0,2147483647,2048,0,1,0,1065353216
4,0,2147483647,2048,0,1,1,1065353216
4,0,2147483647,2048,0,10,0,0
4,0,2147483647,2048,0,10,1,1065353216
4,0,2147483647,2048,0,25,0,1065353216
4,0,2147483647,2048,0,25,1,1065353216
4,0,2147483647,2048,0,49,0,1065353216
4,0,2147483647,2048,0,49,1,1065353216
4,0,2147483647,2048,0,50,0,1065353216
4,0,2147483647,2048,0,50,1,1065353216
4,0,2147483647,2048,0,75,0,1065353216
4,0,2147483647,2048,0,75,1,1065353216
4,0,2147483647,2048,0,100,0,1065353216
4,0,2147483647,2048,0,100,1,1065353216
4,0,2147483647,2048,0,2047,0,1065353216
4,0,2147483647,2048,0,2047,1,1065353216
4,0,2147483647,2048,0,2048,0,1065353216
4,0,2147483647,2048,0,2048,1,1065353216
4,0,2147483647,2048,0,65536,0,0
4,0,2147483647,2048,0,65536,1,1065353216
4,0,2147483647,2048,0,2147483647,0,0
4,0,2147483647,2048,0,2147483647,1,1065353216
4,768,2048,768,1280,-2147483648,0,1059061760
4,768,2048,768,1280,-2147483648,1,1065353216
4,768,2048,768,1280,-123,0,1065353216
4,768,2048,768,1280,-123,1,1065353216
4,768,2048,768,1280,0,0,1059061760
4,768,2048,768,1280,0,1,1065353216
4,768,2048,768,1280,1,0,1059061760
4,768,2048,768,1280,1,1,1065353216
4,768,2048,768,1280,10,0,1065353216
4,768,2048,768,1280,10,1,1065353216
4,768,2048,768,1280,25,0,1065353216
4,768,2048,768,1280,25,1,1065353216
4,768,2048,768,1280,49,0,1059061760
4,768,2048,768,1280,49,1,1065353216
4,768,2048,768,1280,50,0,1059061760
4,768,2048,768,1280,50,1,1065353216
4,768,2048,768,1280,75,0,1065353216
4,768,2048,768,1280,75,1,1065353216
4,768,2048,768,1280,100,0,1059061760
4,768,2048,768,1280,100,1,1065353216
4,768,2048,768,1280,2047,0,1059061760
4,768,2048,768,1280,2047,1,1065353216
4,768,2048,768,1280,2048,0,1059061760
4,768,2048,768,1280,2048,1,1065353216
4,768,2048,768,1280,65536,0,1059061760
4,768,2048,768,1280,65536,1,1065353216
4,768,2048,768,1280,2147483647,0,1059061760
4,768,2048,768,1280,2147483647,1,1065353216
4,768,2048,2048,0,-2147483648,0,0
4,768,2048,2048,0,-2147483648,1,1065353216
4,768,2048,2048,0,-123,0,1065353216
4,768,2048,2048,0,-123,1,1065353216
4,768,2048,2048,0,0,0,0
4,768,2048,2048,0,0,1,1065353216
4,768,2048,2048,0,1,0,0
4,768,2048,2048,0,1,1,1065353216
4,768,2048,2048,0,10,0,1065353216
4,768,2048,2048,0,10,1,1065353216
4,768,2048,2048,0,25,0,1065353216
4,768,2048,2048,0,25,1,1065353216
4,768,2048,2048,0,49,0,0
4,768,2048,2048,0,49,1,1065353216
4,768,2048,2048,0,50,0,0
4,768,2048,2048,0,50,1,1065353216
4,768,2048,2048,0,75,0,1065353216
4,768,2048,2048,0,75,1,1065353216
4,768,2048,2048,0,100,0,0
4,768,2048,2048,0,100,1,1065353216
4,768,2048,2048,0,2047,0,0
4,768,2048,2048,0,2047,1,1065353216
4,768,2048,2048,0,2048,0,0
4,768,2048,2048,0,2048,1,1065353216
4,768,2048,2048,0,65536,0,0
4,768,2048,2048,0,65536,1,1065353216
4,768,2048,2048,0,2147483647,0,0
4,768,2048,2048,0,2147483647,1,1065353216
4,768,8192,768,1280,-2147483648,0,1059061760
4,768,8192,768,1280,-2147483648,1,1065353216
4,768,8192,768,1280,-123,0,1065353216
4,768,8192,768,1280,-123,1,1065353216
4,768,8192,768,1280,0,0,1059061760
4,768,8192,768,1280,0,1,1065353216
4,768,8192,768,1280,1,0,1059061760
4,768,8192,768,1280,1,1,1065353216
4,768,8192,768,1280,10,0,1059061760
4,768,8192,768,1280,10,1,1065353216
4,768,8192,768,1280,25,0,1059061760
4,768,8192,768,1280,25,1,1065353216
4,768,8192,768,1280,49,0,1059061760
4,768,8192,768,1280,49,1,1065353216
4,768,8192,768,1280,50,0,1059061760
4,768,8192,768,1280,50,1,1065353216
4,768,8192,768,1280,75,0,1059061760
4,768,8192,768,1280,75,1,1065353216
4,768,8192,768,1280,100,0,1059061760
4,768,8192,768,1280,100,1,1065353216
4,768,8192,768,1280,2047,0,1059061760
4,768,8192,768,1280,2047,1,1065353216
4,768,8192,768,1280,2048,0,1059061760
4,768,8192,768,1280,2048,1,1065353216
4,768,8192,768,1280,65536,0,1059061760
4,768,8192,768,1280,65536,1,1065353216
4,768,8192,768,1280,2147483647,0,1059061760
4,768,8192,768,1280,2147483647,1,1065353216
4,768,8192,2048,0,-2147483648,0,0
4,768,8192,2048,0,-2147483648,1,1065353216
4,768,8192,2048,0,-123,0,1065353216
4,768,8192,2048,0,-123,1,1065353216
4,768,8192,2048,0,0,0,0
4,768,8192,2048,0,0,1,1065353216
4,768,8192,2048,0,1,0,0
4,768,8192,2048,0,1,1,1065353216
4,768,8192,2048,0,10,0,0
4,768,8192,2048,0,10,1,1065353216
4,768,8192,2048,0,25,0,0
4,768,8192,2048,0,25,1,1065353216
4,768,8192,2048,0,49,0,0
4,768,8192,2048,0,49,1,1065353216
4,768,8192,2048,0,50,0,0
4,768,8192,2048,0,50,1,1065353216
4,768,8192,2048,0,75,0,0
4,768,8192,2048,0,75,1,1065353216
4,768,8192,2048,0,100,0,0
4,768,8192,2048,0,100,1,1065353216
4,768,8192,2048,0,2047,0,0
4,768,8192,2048,0,2047,1,1065353216
4,768,8192,2048,0,2048,0,0
4,768,8192,2048,0,2048,1,1065353216
4,768,8192,2048,0,65536,0,0
4,768,8192,2048,0,65536,1,1065353216
4,768,8192,2048,0,2147483647,0,0
4,768,8192,2048,0,2147483647,1,1065353216
4,768,2147483647,768,1280,-2147483648,0,1065353216
4,768,2147483647,768,1280,-2147483648,1,1065353216
4,768,2147483647,768,1280,-123,0,1065353216
4,768,2147483647,768,1280,-123,1,1065353216
4,768,2147483647,768,1280,0,0,1059061760
4,768,2147483647,768,1280,0,1,1065353216
4,768,2147483647,768,1280,1,0,1065353216
4,768,2147483647,768,1280,1,1,1065353216
4,768,2147483647,768,1280,10,0,1059061760
4,768,2147483647,768,1280,10,1,1065353216
4,768,2147483647,768,1280,25,0,1065353216
4,768,2147483647,768,1280,25,1,1065353216
4,768,2147483647,768,1280,49,0,1065353216
4,768,2147483647,768,1280,49,1,1065353216
4,768,2147483647,768,1280,50,0,1059061760
4,768,2147483647,768,1280,50,1,1065353216
4,768,2147483647,768,1280,75,0,1065353216
4,768,2147483647,768,1280,75,1,1065353216
4,768,2147483647,768,1280,100,0,1059061760
4,768,2147483647,768,1280,100,1,1065353216
4,768,2147483647,768,1280,2047,0,1065353216
4,768,2147483647,768,1280,2047,1,1065353216
4,768,2147483647,768,1280,2048,0,1059061760
4,768,2147483647,768,1280,2048,1,1065353216
4,768,2147483647,768,1280,65536,0,1065353216
4,768,2147483647,768,1280,65536,1,1065353216
4,768,2147483647,768,1280,2147483647,0,1059061760
4,768,2147483647,768,1280,2147483647,1,1065353216
4,768,2147483647,2048,0,-2147483648,0,1065353216
4,768,2147483647,2048,0,-2147483648,1,1065353216
4,768,2147483647,2048,0,-123,0,1065353216
4,768,2147483647,2048,0,-123,1,1065353216
4,768,2147483647,2048,0,0,0,0
4,768,2147483647,2048,0,0,1,1065353216
4,768,2147483647,2048,0,1,0,1065353216
4,768,2147483647,2048,0,1,1,1065353216
4,768,2147483647,2048,0,10,0,0
4,768,2147483647,2048,0,10,1,1065353216
4,768,2147483647,2048,0,25,0,1065353216
4,768,2147483647,2048,0,25,1,1065353216
4,768,2147483647,2048,0,49,0,1065353216
4,768,2147483647,2048,0,49,1,1065353216
4,768,2147483647,2048,0,50,0,0
4,768,2147483647,2048,0,50,1,1065353216
4,768,2147483647,2048,0,75,0,1065353216
4,768,2147483647,2048,0,75,1,1065353216
4,768,2147483647,2048,0,100,0,0
4,768,2147483647,2048,0,100,1,1065353216
4,768,2147483647,2048,0,2047,0,1065353216
4,768,2147483647,2048,0,2047,1,1065353216
4,768,2147483647,2048,0,2048,0,0
4,768,2147483647,2048,0,2048,1,1065353216
4,768,2147483647,2048,0,65536,0,1065353216
4,768,2147483647,2048,0,65536,1,1065353216
4,768,2147483647,2048,0,2147483647,0,0
4,768,2147483647,2048,0,2147483647,1,1065353216
4,1792,2048,768,1280,-2147483648,0,1065353216
4,1792,2048,768,1280,-2147483648,1,1065353216
4,1792,2048,768,1280,-123,0,1059061760
4,1792,2048,768,1280,-123,1,1065353216
4,1792,2048,768,1280,0,0,1065353216
4,1792,2048,768,1280,0,1,1065353216
4,1792,2048,768,1280,1,0,1065353216
4,1792,2048,768,1280,1,1,1065353216
4,1792,2048,768,1280,10,0,1059061760
4,1792,2048,768,1280,10,1,1065353216
4,1792,2048,768,1280,25,0,1059061760
4,1792,2048,768,1280,25,1,1065353216
4,1792,2048,768,1280,49,0,1065353216
4,1792,2048,768,1280,49,1,1065353216
4,1792,2048,768,1280,50,0,1065353216
4,1792,2048,768,1280,50,1,1065353216
4,1792,2048,768,1280,75,0,1059061760
4,1792,2048,768,1280,75,1,1065353216
4,1792,2048,768,1280,100,0,1065353216
4,1792,2048,768,1280,100,1,1065353216
4,1792,2048,768,1280,2047,0,1065353216
4,1792,2048,768,1280,2047,1,1065353216
4,1792,2048,768,1280,2048,0,1065353216
4,1792,2048,768,1280,2048,1,1065353216
4,1792,2048,768,1280,65536,0,1065353216
4,1792,2048,768,1280,65536,1,1065353216
4,1792,2048,768,1280,2147483647,0,1065353216
4,1792,2048,768,1280,2147483647,1,1065353216
4,1792,2048,2048,0,-2147483648,0,1065353216
4,1792,2048,2048,0,-2147483648,1,1065353216
4,1792,2048,2048,0,-123,0,0
4,1792,2048,2048,0,-123,1,1065353216
4,1792,2048,2048,0,0,0,1065353216
4,1792,2048,2048,0,0,1,1065353216
4,1792,2048,2048,0,1,0,1065353216
4,1792,2048,2048,0,1,1,1065353216
4,1792,2048,2048,0,10,0,0
4,1792,2048,2048,0,10,1,1065353216
4,1792,2048,2048,0,25,0,0
4,1792,2048,2048,0,25,1,1065353216
4,1792,2048,2048,0,49,0,1065353216
4,1792,2048,2048,0,49,1,1065353216
4,1792,2048,2048,0,50,0,1065353216
4,1792,2048,2048,0,50,1,1065353216
4,1792,2048,2048,0,75,0,0
4,1792,2048,2048,0,75,1,1065353216
4,1792,2048,2048,0,100,0,1065353216
4,1792,2048,2048,0,100,1,1065353216
4,1792,2048,2048,0,2047,0,1065353216
4,1792,2048,2048,0,2047,1,1065353216
4,1792,2048,2048,0,2048,0,1065353216
4,1792,2048,2048,0,2048,1,1065353216
4,1792,2048,2048,0,65536,0,1065353216
4,1792,2048,2048,0,65536,1,1065353216
4,1792,2048,2048,0,2147483647,0,1065353216
4,1792,2048,2048,0,2147483647,1,1065353216
4,1792,8192,768,1280,-2147483648,0,1065353216
4,1792,8192,768,1280,-2147483648,1,1065353216
4,1792,8192,768,1280,-123,0,1059061760
4,1792,8192,768,1280,-123,1,1065353216
4,1792,8192,768,1280,0,0,1065353216
4,1792,8192,768,1280,0,1,1065353216
4,1792,8192,768,1280,1,0,1065353216
4,1792,8192,768,1280,1,1,1065353216
4,1792,8192,768,1280,10,0,1065353216
4,1792,8192,768,1280,10,1,1065353216
4,1792,8192,768,1280,25,0,1065353216
4,1792,8192,768,1280,25,1,1065353216
4,1792,8192,768,1280,49,0,1065353216
4,1792,8192,768,1280,49,1,1065353216
4,1792,8192,768,1280,50,0,1065353216
4,1792,8192,768,1280,50,1,1065353216
4,1792,8192,768,1280,75,0,1065353216
4,1792,8192,768,1280,75,1,1065353216
4,1792,8192,768,1280,100,0,1065353216
4,1792,8192,768,1280,100,1,1065353216
4,1792,8192,768,1280,2047,0,1065353216
4,1792,8192,768,1280,2047,1,1065353216
4,1792,8192,768,1280,2048,0,1065353216
4,1792,8192,768,1280,2048,1,1065353216
4,1792,8192,768,1280,65536,0,1065353216
4,1792,8192,768,1280,65536,1,1065353216
4,1792,8192,768,1280,2147483647,0,1065353216
4,1792,8192,768,1280,2147483647,1,1065353216
4,1792,8192,2048,0,-2147483648,0,1065353216
4,1792,8192,2048,0,-2147483648,1,1065353216
4,1792,8192,2048,0,-123,0,0
4,1792,8192,2048,0,-123,1,1065353216
4,1792,8192,2048,0,0,0,1065353216
4,1792,8192,2048,0,0,1,1065353216
4,1792,8192,2048,0,1,0,1065353216
4,1792,8192,2048,0,1,1,1065353216
4,1792,8192,2048,0,10,0,1065353216
4,1792,8192,2048,0,10,1,1065353216
4,1792,8192,2048,0,25,0,1065353216
4,1792,8192,2048,0,25,1,1065353216
4,1792,8192,2048,0,49,0,1065353216
4,1792,8192,2048,0,49,1,1065353216
4,1792,8192,2048,0,50,0,1065353216
4,1792,8192,2048,0,50,1,1065353216
4,1792,8192,2048,0,75,0,1065353216
4,1792,8192,2048,0,75,1,1065353216
4,1792,8192,2048,0,100,0,1065353216
4,1792,8192,2048,0,100,1,1065353216
4,1792,8192,2048,0,2047,0,1065353216
4,1792,8192,2048,0,2047,1,1065353216
4,1792,8192,2048,0,2048,0,1065353216
4,1792,8192,2048,0,2048,1,1065353216
4,1792,8192,2048,0,65536,0,1065353216
4,1792,8192,2048,0,65536,1,1065353216
4,1792,8192,2048,0,2147483647,0,1065353216
4,1792,8192,2048,0,2147483647,1,1065353216
4,1792,2147483647,768,1280,-2147483648,0,1059061760
4,1792,2147483647,768,1280,-2147483648,1,1065353216
4,1792,2147483647,768,1280,-123,0,1059061760
4,1792,2147483647,768,1280,-123,1,1065353216
4,1792,2147483647,768,1280,0,0,1065353216
4,1792,2147483647,768,1280,0,1,1065353216
4,1792,2147483647,768,1280,1,0,1059061760
4,1792,2147483647,768,1280,1,1,1065353216
4,1792,2147483647,768,1280,10,0,1065353216
4,1792,2147483647,768,1280,10,1,1065353216
4,1792,2147483647,768,1280,25,0,1059061760
4,1792,2147483647,768,1280,25,1,1065353216
4,1792,2147483647,768,1280,49,0,1059061760
4,1792,2147483647,768,1280,49,1,1065353216
4,1792,2147483647,768,1280,50,0,1065353216
4,1792,2147483647,768,1280,50,1,1065353216
4,1792,2147483647,768,1280,75,0,1059061760
4,1792,2147483647,768,1280,75,1,1065353216
4,1792,2147483647,768,1280,100,0,1065353216
4,1792,2147483647,768,1280,100,1,1065353216
4,1792,2147483647,768,1280,2047,0,1059061760
4,1792,2147483647,768,1280,2047,1,1065353216
4,1792,2147483647,768,1280,2048,0,1065353216
4,1792,2147483647,768,1280,2048,1,1065353216
4,1792,2147483647,768,1280,65536,0,1059061760
4,1792,2147483647,768,1280,65536,1,1065353216
4,1792,2147483647,768,1280,2147483647,0,1065353216
4,1792,2147483647,768,1280,2147483647,1,1065353216
4,1792,2147483647,2048,0,-2147483648,0,0
4,1792,2147483647,2048,0,-2147483648,1,1065353216
4,1792,2147483647,2048,0,-123,0,0
4,1792,2147483647,2048,0,-123,1,1065353216
4,1792,2147483647,2048,0,0,0,1065353216
4,1792,2147483647,2048,0,0,1,1065353216
4,1792,2147483647,2048,0,1,0,0
4,1792,2147483647,2048,0,1,1,1065353216
4,1792,2147483647,2048,0,10,0,1065353216
4,1792,2147483647,2048,0,10,1,1065353216
4,1792,2147483647,2048,0,25,0,0
4,1792,2147483647,2048,0,25,1,1065353216
4,1792,2147483647,2048,0,49,0,0
4,1792,2147483647,2048,0,49,1,1065353216
4,1792,2147483647,2048,0,50,0,1065353216
4,1792,2147483647,2048,0,50,1,1065353216
4,1792,2147483647,2048,0,75,0,0
4,1792,2147483647,2048,0,75,1,1065353216
4,1792,2147483647,2048,0,100,0,1065353216
4,1792,2147483647,2048,0,100,1,1065353216
4,1792,2147483647,2048,0,2047,0,0
4,1792,2147483647,2048,0,2047,1,1065353216
4,1792,2147483647,2048,0,2048,0,1065353216
4,1792,2147483647,2048,0,2048,1,1065353216
4,1792,2147483647,2048,0,65536,0,0
4,1792,2147483647,2048,0,65536,1,1065353216
4,1792,2147483647,2048,0,2147483647,0,1065353216
4,1792,2147483647,2048,0,2147483647,1,1065353216
5,0,2048,768,1280,-2147483648,0,1059061760
5,0,2048,768,1280,-2147483648,1,1065353216
5,0,2048,768,1280,-123,0,1064845312
5,0,2048,768,1280,-123,1,1065353216
5,0,2048,768,1280,0,0,1059061760
5,0,2048,768,1280,0,1,1065353216
5,0,2048,768,1280,1,0,1059307520
5,0,2048,768,1280,1,1,1065353216
5,0,2048,768,1280,10,0,1061568512
5,0,2048,768,1280,10,1,1065353216
5,0,2048,768,1280,25,0,1065353216
5,0,2048,768,1280,25,1,1065353216
5,0,2048,768,1280,49,0,1059307520
5,0,2048,768,1280,49,1,1065353216
5,0,2048,768,1280,50,0,1059061760
5,0,2048,768,1280,50,1,1065353216
5,0,2048,768,1280,75,0,1065353216
5,0,2048,768,1280,75,1,1065353216
5,0,2048,768,1280,100,0,1059061760
5,0,2048,768,1280,100,1,1065353216
5,0,2048,768,1280,2047,0,1059815424
5,0,2048,768,1280,2047,1,1065353216
5,0,2048,768,1280,2048,0,1059561472
5,0,2048,768,1280,2048,1,1065353216
5,0,2048,768,1280,65536,0,1062584320
5,0,2048,768,1280,65536,1,1065353216
5,0,2048,768,1280,2147483647,0,1059307520
5,0,2048,768,1280,2147483647,1,1065353216
5,0,2048,2048,0,-2147483648,0,0
5,0,2048,2048,0,-2147483648,1,1065353216
5,0,2048,2048,0,-123,0,1064009728
5,0,2048,2048,0,-123,1,1065353216
5,0,2048,2048,0,0,0,0
5,0,2048,2048,0,0,1,1065353216
5,0,2048,2048,0,1,0,1025507328
5,0,2048,2048,0,1,1,1065353216
5,0,2048,2048,0,10,0,1053589504
5,0,2048,2048,0,10,1,1065353216
5,0,2048,2048,0,25,0,1065353216
5,0,2048,2048,0,25,1,1065353216
5,0,2048,2048,0,49,0,1025769472
5,0,2048,2048,0,49,1,1065353216
5,0,2048,2048,0,50,0,0
5,0,2048,2048,0,50,1,1065353216
5,0,2048,2048,0,75,0,1065353216
5,0,2048,2048,0,75,1,1065353216
5,0,2048,2048,0,100,0,0
5,0,2048,2048,0,100,1,1065353216
5,0,2048,2048,0,2047,0,1039532032
5,0,2048,2048,0,2047,1,1065353216
5,0,2048,2048,0,2048,0,1034158080
5,0,2048,2048,0,2048,1,1065353216
5,0,2048,2048,0,65536,0,1057980416
5,0,2048,2048,0,65536,1,1065353216
5,0,2048,2048,0,2147483647,0,1025507328
5,0,2048,2048,0,2147483647,1,1065353216
5,0,8192,768,1280,-2147483648,0,1059061760
5,0,8192,768,1280,-2147483648,1,1065353216
5,0,8192,768,1280,-123,0,1061076992
5,0,8192,768,1280,-123,1,1065353216
5,0,8192,768,1280,0,0,1059061760
5,0,8192,768,1280,0,1,1065353216
5,0,8192,768,1280,1,0,1060061184
5,0,8192,768,1280,1,1,1065353216
5,0,8192,768,1280,10,0,1061576704
5,0,8192,768,1280,10,1,1065353216
5,0,8192,768,1280,25,0,1059061760
5,0,8192,768,1280,25,1,1065353216
5,0,8192,768,1280,49,0,1060069376
5,0,8192,768,1280,49,1,1065353216
5,0,8192,768,1280,50,0,1059061760
5,0,8192,768,1280,50,1,1065353216
5,0,8192,768,1280,75,0,1059061760
5,0,8192,768,1280,75,1,1065353216
5,0,8192,768,1280,100,0,1059061760
5,0,8192,768,1280,100,1,1065353216
5,0,8192,768,1280,2047,0,1062084608
5,0,8192,768,1280,2047,1,1065353216
5,0,8192,768,1280,2048,0,1061076992
5,0,8192,768,1280,2048,1,1065353216
5,0,8192,768,1280,65536,0,1060569088
5,0,8192,768,1280,65536,1,1065353216
5,0,8192,768,1280,2147483647,0,1060061184
5,0,8192,768,1280,2147483647,1,1065353216
5,0,8192,2048,0,-2147483648,0,0
5,0,8192,2048,0,-2147483648,1,1065353216
5,0,8192,2048,0,-123,0,1050935296
5,0,8192,2048,0,-123,1,1065353216
5,0,8192,2048,0,0,0,0
5,0,8192,2048,0,0,1,1065353216
5,0,8192,2048,0,1,0,1042481152
5,0,8192,2048,0,1,1,1065353216
5,0,8192,2048,0,10,0,1053622272
5,0,8192,2048,0,10,1,1065353216
5,0,8192,2048,0,25,0,0
5,0,8192,2048,0,25,1,1065353216
5,0,8192,2048,0,49,0,1042546688
5,0,8192,2048,0,49,1,1065353216
5,0,8192,2048,0,50,0,0
5,0,8192,2048,0,50,1,1065353216
5,0,8192,2048,0,75,0,0
5,0,8192,2048,0,75,1,1065353216
5,0,8192,2048,0,100,0,0
5,0,8192,2048,0,100,1,1065353216
5,0,8192,2048,0,2047,0,1056309248
5,0,8192,2048,0,2047,1,1065353216
5,0,8192,2048,0,2048,0,1050935296
5,0,8192,2048,0,2048,1,1065353216
5,0,8192,2048,0,65536,0,1047920640
5,0,8192,2048,0,65536,1,1065353216
5,0,8192,2048,0,2147483647,0,1042481152
5,0,8192,2048,0,2147483647,1,1065353216
5,0,2147483647,768,1280,-2147483648,0,1065107456
5,0,2147483647,768,1280,-2147483648,1,1065353216
5,0,2147483647,768,1280,-123,0,1065115648
5,0,2147483647,768,1280,-123,1,1065353216
5,0,2147483647,768,1280,0,0,1059061760
5,0,2147483647,768,1280,0,1,1065353216
5,0,2147483647,768,1280,1,0,1065107456
5,0,2147483647,768,1280,1,1,1065353216
5,0,2147483647,768,1280,10,0,1059061760
5,0,2147483647,768,1280,10,1,1065353216
5,0,2147483647,768,1280,25,0,1065107456
5,0,2147483647,768,1280,25,1,1065353216
5,0,2147483647,768,1280,49,0,1065107456
5,0,2147483647,768,1280,49,1,1065353216
5,0,2147483647,768,1280,50,0,1059061760
5,0,2147483647,768,1280,50,1,1065353216
5,0,2147483647,768,1280,75,0,1065107456
5,0,2147483647,768,1280,75,1,1065353216
5,0,2147483647,768,1280,100,0,1059069952
5,0,2147483647,768,1280,100,1,1065353216
5,0,2147483647,768,1280,2047,0,1065353216
5,0,2147483647,768,1280,2047,1,1065353216
5,0,2147483647,768,1280,2048,0,1059307520
5,0,2147483647,768,1280,2048,1,1065353216
5,0,2147483647,768,1280,65536,0,1063591936
5,0,2147483647,768,1280,65536,1,1065353216
5,0,2147483647,768,1280,2147483647,0,1059061760
5,0,2147483647,768,1280,2147483647,1,1065353216
5,0,2147483647,2048,0,-2147483648,0,1064697856
5,0,2147483647,2048,0,-2147483648,1,1065353216
5,0,2147483647,2048,0,-123,0,1064730624
5,0,2147483647,2048,0,-123,1,1065353216
5,0,2147483647,2048,0,0,0,0
5,0,2147483647,2048,0,0,1,1065353216
5,0,2147483647,2048,0,1,0,1064697856
5,0,2147483647,2048,0,1,1,1065353216
5,0,2147483647,2048,0,10,0,0
5,0,2147483647,2048,0,10,1,1065353216
5,0,2147483647,2048,0,25,0,1064697856
5,0,2147483647,2048,0,25,1,1065353216
5,0,2147483647,2048,0,49,0,1064714240
5,0,2147483647,2048,0,49,1,1065353216
5,0,2147483647,2048,0,50,0,981467136
5,0,2147483647,2048,0,50,1,1065353216
5,0,2147483647,2048,0,75,0,1064714240
5,0,2147483647,2048,0,75,1,1065353216
5,0,2147483647,2048,0,100,0,989855744
5,0,2147483647,2048,0,100,1,1065353216
5,0,2147483647,2048,0,2047,0,1065353216
5,0,2147483647,2048,0,2047,1,1065353216
5,0,2147483647,2048,0,2048,0,1025507328
5,0,2147483647,2048,0,2048,1,1065353216
5,0,2147483647,2048,0,65536,0,1060667392
5,0,2147483647,2048,0,65536,1,1065353216
5,0,2147483647,2048,0,2147483647,0,0
5,0,2147483647,2048,0,2147483647,1,1065353216
5,768,2048,768,1280,-2147483648,0,1063780352
5,768,2048,768,1280,-2147483648,1,1065353216
5,768,2048,768,1280,-123,0,1060126720
5,768,2048,768,1280,-123,1,1065353216
5,768,2048,768,1280,0,0,1063780352
5,768,2048,768,1280,0,1,1065353216
5,768,2048,768,1280,1,0,1064026112
5,768,2048,768,1280,1,1,1065353216
5,768,2048,768,1280,10,0,1064411136
5,768,2048,768,1280,10,1,1065353216
5,768,2048,768,1280,25,0,1060634624
5,768,2048,768,1280,25,1,1065353216
5,768,2048,768,1280,49,0,1063526400
5,768,2048,768,1280,49,1,1065353216
5,768,2048,768,1280,50,0,1063780352
5,768,2048,768,1280,50,1,1065353216
5,768,2048,768,1280,75,0,1060634624
5,768,2048,768,1280,75,1,1065353216
5,768,2048,768,1280,100,0,1063780352
5,768,2048,768,1280,100,1,1065353216
5,768,2048,768,1280,2047,0,1063018496
5,768,2048,768,1280,2047,1,1065353216
5,768,2048,768,1280,2048,0,1063272448
5,768,2048,768,1280,2048,1,1065353216
5,768,2048,768,1280,65536,0,1060249600
5,768,2048,768,1280,65536,1,1065353216
5,768,2048,768,1280,2147483647,0,1063534592
5,768,2048,768,1280,2147483647,1,1065353216
5,768,2048,2048,0,-2147483648,0,1061158912
5,768,2048,2048,0,-2147483648,1,1065353216
5,768,2048,2048,0,-123,0,1043202048
5,768,2048,2048,0,-123,1,1065353216
5,768,2048,2048,0,0,0,1061158912
5,768,2048,2048,0,0,1,1065353216
5,768,2048,2048,0,1,0,1061814272
5,768,2048,2048,0,1,1,1065353216
5,768,2048,2048,0,10,0,1062846464
5,768,2048,2048,0,10,1,1065353216
5,768,2048,2048,0,25,0,1048576000
5,768,2048,2048,0,25,1,1065353216
5,768,2048,2048,0,49,0,1060487168
5,768,2048,2048,0,49,1,1065353216
5,768,2048,2048,0,50,0,1061158912
5,768,2048,2048,0,50,1,1065353216
5,768,2048,2048,0,75,0,1048576000
5,768,2048,2048,0,75,1,1065353216
5,768,2048,2048,0,100,0,1061158912
5,768,2048,2048,0,100,1,1065353216
5,768,2048,2048,0,2047,0,1059143680
5,768,2048,2048,0,2047,1,1065353216
5,768,2048,2048,0,2048,0,1059815424
5,768,2048,2048,0,2048,1,1065353216
5,768,2048,2048,0,65536,0,1044512768
5,768,2048,2048,0,65536,1,1065353216
5,768,2048,2048,0,2147483647,0,1060503552
5,768,2048,2048,0,2147483647,1,1065353216
5,768,8192,768,1280,-2147483648,0,1063780352
5,768,8192,768,1280,-2147483648,1,1065353216
5,768,8192,768,1280,-123,0,1064910848
5,768,8192,768,1280,-123,1,1065353216
5,768,8192,768,1280,0,0,1063780352
5,768,8192,768,1280,0,1,1065353216
5,768,8192,768,1280,1,0,1064779776
5,768,8192,768,1280,1,1,1065353216
5,768,8192,768,1280,10,0,1061257216
5,768,8192,768,1280,10,1,1065353216
5,768,8192,768,1280,25,0,1063780352
5,768,8192,768,1280,25,1,1065353216
5,768,8192,768,1280,49,0,1062772736
5,768,8192,768,1280,49,1,1065353216
5,768,8192,768,1280,50,0,1063780352
5,768,8192,768,1280,50,1,1065353216
5,768,8192,768,1280,75,0,1063780352
5,768,8192,768,1280,75,1,1065353216
5,768,8192,768,1280,100,0,1063780352
5,768,8192,768,1280,100,1,1065353216
5,768,8192,768,1280,2047,0,1060757504
5,768,8192,768,1280,2047,1,1065353216
5,768,8192,768,1280,2048,0,1061765120
5,768,8192,768,1280,2048,1,1065353216
5,768,8192,768,1280,65536,0,1062264832
5,768,8192,768,1280,65536,1,1065353216
5,768,8192,768,1280,2147483647,0,1062772736
5,768,8192,768,1280,2147483647,1,1065353216
5,768,8192,2048,0,-2147483648,0,1061158912
5,768,8192,2048,0,-2147483648,1,1065353216
5,768,8192,2048,0,-123,0,1064173568
5,768,8192,2048,0,-123,1,1065353216
5,768,8192,2048,0,0,0,1061158912
5,768,8192,2048,0,0,1,1065353216
5,768,8192,2048,0,1,0,1063829504
5,768,8192,2048,0,1,1,1065353216
5,768,8192,2048,0,10,0,1051918336
5,768,8192,2048,0,10,1,1065353216
5,768,8192,2048,0,25,0,1061158912
5,768,8192,2048,0,25,1,1065353216
5,768,8192,2048,0,49,0,1058471936
5,768,8192,2048,0,49,1,1065353216
5,768,8192,2048,0,50,0,1061158912
5,768,8192,2048,0,50,1,1065353216
5,768,8192,2048,0,75,0,1061158912
5,768,8192,2048,0,75,1,1065353216
5,768,8192,2048,0,100,0,1061158912
5,768,8192,2048,0,100,1,1065353216
5,768,8192,2048,0,2047,0,1049231360
5,768,8192,2048,0,2047,1,1065353216
5,768,8192,2048,0,2048,0,1054605312
5,768,8192,2048,0,2048,1,1065353216
5,768,8192,2048,0,65536,0,1057128448
5,768,8192,2048,0,65536,1,1065353216
5,768,8192,2048,0,2147483647,0,1058488320
5,768,8192,2048,0,2147483647,1,1065353216
5,768,2147483647,768,1280,-2147483648,0,1060880384
5,768,2147483647,768,1280,-2147483648,1,1065353216
5,768,2147483647,768,1280,-123,0,1060864000
5,768,2147483647,768,1280,-123,1,1065353216
5,768,2147483647,768,1280,0,0,1063780352
5,768,2147483647,768,1280,0,1,1065353216
5,768,2147483647,768,1280,1,0,1060388864
5,768,2147483647,768,1280,1,1,1065353216
5,768,2147483647,768,1280,10,0,1063780352
5,768,2147483647,768,1280,10,1,1065353216
5,768,2147483647,768,1280,25,0,1060388864
5,768,2147483647,768,1280,25,1,1065353216
5,768,2147483647,768,1280,49,0,1060388864
5,768,2147483647,768,1280,49,1,1065353216
5,768,2147483647,768,1280,50,0,1063772160
5,768,2147483647,768,1280,50,1,1065353216
5,768,2147483647,768,1280,75,0,1060388864
5,768,2147483647,768,1280,75,1,1065353216
5,768,2147483647,768,1280,100,0,1063763968
5,768,2147483647,768,1280,100,1,1065353216
5,768,2147483647,768,1280,2047,0,1060634624
5,768,2147483647,768,1280,2047,1,1065353216
5,768,2147483647,768,1280,2048,0,1063534592
5,768,2147483647,768,1280,2048,1,1065353216
5,768,2147483647,768,1280,65536,0,1062387712
5,768,2147483647,768,1280,65536,1,1065353216
5,768,2147483647,768,1280,2147483647,0,1063780352
5,768,2147483647,768,1280,2147483647,1,1065353216
5,768,2147483647,2048,0,-2147483648,0,1049886720
5,768,2147483647,2048,0,-2147483648,1,1065353216
5,768,2147483647,2048,0,-123,0,1049821184
5,768,2147483647,2048,0,-123,1,1065353216
5,768,2147483647,2048,0,0,0,1061158912
5,768,2147483647,2048,0,0,1,1065353216
5,768,2147483647,2048,0,1,0,1045954560
5,768,2147483647,2048,0,1,1,1065353216
5,768,2147483647,2048,0,10,0,1061158912
5,768,2147483647,2048,0,10,1,1065353216
5,768,2147483647,2048,0,25,0,1045954560
5,768,2147483647,2048,0,25,1,1065353216
5,768,2147483647,2048,0,49,0,1046020096
5,768,2147483647,2048,0,49,1,1065353216
5,768,2147483647,2048,0,50,0,1061142528
5,768,2147483647,2048,0,50,1,1065353216
5,768,2147483647,2048,0,75,0,1046020096
5,768,2147483647,2048,0,75,1,1065353216
5,768,2147483647,2048,0,100,0,1061126144
5,768,2147483647,2048,0,100,1,1065353216
5,768,2147483647,2048,0,2047,0,1048576000
5,768,2147483647,2048,0,2047,1,1065353216
5,768,2147483647,2048,0,2048,0,1060503552
5,768,2147483647,2048,0,2048,1,1065353216
5,768,2147483647,2048,0,65536,0,1057456128
5,768,2147483647,2048,0,65536,1,1065353216
5,768,2147483647,2048,0,2147483647,0,1061158912
5,768,2147483647,2048,0,2147483647,1,1065353216
5,1792,2048,768,1280,-2147483648,0,1060634624
5,1792,2048,768,1280,-2147483648,1,1065353216
5,1792,2048,768,1280,-123,0,1064280064
5,1792,2048,768,1280,-123,1,1065353216
5,1792,2048,768,1280,0,0,1060634624
5,1792,2048,768,1280,0,1,1065353216
5,1792,2048,768,1280,1,0,1060388864
5,1792,2048,768,1280,1,1,1065353216
5,1792,2048,768,1280,10,0,1059995648
5,1792,2048,768,1280,10,1,1065353216
5,1792,2048,768,1280,25,0,1063780352
5,1792,2048,768,1280,25,1,1065353216
5,1792,2048,768,1280,49,0,1060880384
5,1792,2048,768,1280,49,1,1065353216
5,1792,2048,768,1280,50,0,1060634624
5,1792,2048,768,1280,50,1,1065353216
5,1792,2048,768,1280,75,0,1063780352
5,1792,2048,768,1280,75,1,1065353216
5,1792,2048,768,1280,100,0,1060634624
5,1792,2048,768,1280,100,1,1065353216
5,1792,2048,768,1280,2047,0,1061388288
5,1792,2048,768,1280,2047,1,1065353216
5,1792,2048,768,1280,2048,0,1061134336
5,1792,2048,768,1280,2048,1,1065353216
5,1792,2048,768,1280,65536,0,1064157184
5,1792,2048,768,1280,65536,1,1065353216
5,1792,2048,768,1280,2147483647,0,1060880384
5,1792,2048,768,1280,2147483647,1,1065353216
5,1792,2048,2048,0,-2147483648,0,1048576000
5,1792,2048,2048,0,-2147483648,1,1065353216
5,1792,2048,2048,0,-123,0,1062502400
5,1792,2048,2048,0,-123,1,1065353216
5,1792,2048,2048,0,0,0,1048576000
5,1792,2048,2048,0,0,1,1065353216
5,1792,2048,2048,0,1,0,1045954560
5,1792,2048,2048,0,1,1,1065353216
5,1792,2048,2048,0,10,0,1041825792
5,1792,2048,2048,0,10,1,1065353216
5,1792,2048,2048,0,25,0,1061158912
5,1792,2048,2048,0,25,1,1065353216
5,1792,2048,2048,0,49,0,1049919488
5,1792,2048,2048,0,49,1,1065353216
5,1792,2048,2048,0,50,0,1048576000
5,1792,2048,2048,0,50,1,1065353216
5,1792,2048,2048,0,75,0,1061158912
5,1792,2048,2048,0,75,1,1065353216
5,1792,2048,2048,0,100,0,1048576000
5,1792,2048,2048,0,100,1,1065353216
5,1792,2048,2048,0,2047,0,1052606464
5,1792,2048,2048,0,2047,1,1065353216
5,1792,2048,2048,0,2048,0,1051262976
5,1792,2048,2048,0,2048,1,1065353216
5,1792,2048,2048,0,65536,0,1062174720
5,1792,2048,2048,0,65536,1,1065353216
5,1792,2048,2048,0,2147483647,0,1049886720
5,1792,2048,2048,0,2147483647,1,1065353216
5,1792,8192,768,1280,-2147483648,0,1060634624
5,1792,8192,768,1280,-2147483648,1,1065353216
5,1792,8192,768,1280,-123,0,1059504128
5,1792,8192,768,1280,-123,1,1065353216
5,1792,8192,768,1280,0,0,1060634624
5,1792,8192,768,1280,0,1,1065353216
5,1792,8192,768,1280,1,0,1059627008
5,1792,8192,768,1280,1,1,1065353216
5,1792,8192,768,1280,10,0,1063149568
5,1792,8192,768,1280,10,1,1065353216
5,1792,8192,768,1280,25,0,1060634624
5,1792,8192,768,1280,25,1,1065353216
5,1792,8192,768,1280,49,0,1061642240
5,1792,8192,768,1280,49,1,1065353216
5,1792,8192,768,1280,50,0,1060634624
5,1792,8192,768,1280,50,1,1065353216
5,1792,8192,768,1280,75,0,1060634624
5,1792,8192,768,1280,75,1,1065353216
5,1792,8192,768,1280,100,0,1060634624
5,1792,8192,768,1280,100,1,1065353216
5,1792,8192,768,1280,2047,0,1063657472
5,1792,8192,768,1280,2047,1,1065353216
5,1792,8192,768,1280,2048,0,1062649856
5,1792,8192,768,1280,2048,1,1065353216
5,1792,8192,768,1280,65536,0,1062141952
5,1792,8192,768,1280,65536,1,1065353216
5,1792,8192,768,1280,2147483647,0,1061634048
5,1792,8192,768,1280,2147483647,1,1065353216
5,1792,8192,2048,0,-2147483648,0,1048576000
5,1792,8192,2048,0,-2147483648,1,1065353216
5,1792,8192,2048,0,-123,0,1032847360
5,1792,8192,2048,0,-123,1,1065353216
5,1792,8192,2048,0,0,0,1048576000
5,1792,8192,2048,0,0,1,1065353216
5,1792,8192,2048,0,1,0,1035599872
5,1792,8192,2048,0,1,1,1065353216
5,1792,8192,2048,0,10,0,1059487744
5,1792,8192,2048,0,10,1,1065353216
5,1792,8192,2048,0,25,0,1048576000
5,1792,8192,2048,0,25,1,1065353216
5,1792,8192,2048,0,49,0,1053949952
5,1792,8192,2048,0,49,1,1065353216
5,1792,8192,2048,0,50,0,1048576000
5,1792,8192,2048,0,50,1,1065353216
5,1792,8192,2048,0,75,0,1048576000
5,1792,8192,2048,0,75,1,1065353216
5,1792,8192,2048,0,100,0,1048576000
5,1792,8192,2048,0,100,1,1065353216
5,1792,8192,2048,0,2047,0,1060831232
5,1792,8192,2048,0,2047,1,1065353216
5,1792,8192,2048,0,2048,0,1058144256
5,1792,8192,2048,0,2048,1,1065353216
5,1792,8192,2048,0,65536,0,1056636928
5,1792,8192,2048,0,65536,1,1065353216
5,1792,8192,2048,0,2147483647,0,1053917184
5,1792,8192,2048,0,2147483647,1,1065353216
5,1792,2147483647,768,1280,-2147483648,0,1063534592
5,1792,2147483647,768,1280,-2147483648,1,1065353216
5,1792,2147483647,768,1280,-123,0,1063542784
5,1792,2147483647,768,1280,-123,1,1065353216
5,1792,2147483647,768,1280,0,0,1060634624
5,1792,2147483647,768,1280,0,1,1065353216
5,1792,2147483647,768,1280,1,0,1064026112
5,1792,2147483647,768,1280,1,1,1065353216
5,1792,2147483647,768,1280,10,0,1060634624
5,1792,2147483647,768,1280,10,1,1065353216
5,1792,2147483647,768,1280,25,0,1064026112
5,1792,2147483647,768,1280,25,1,1065353216
5,1792,2147483647,768,1280,49,0,1064017920
5,1792,2147483647,768,1280,49,1,1065353216
5,1792,2147483647,768,1280,50,0,1060634624
5,1792,2147483647,768,1280,50,1,1065353216
5,1792,2147483647,768,1280,75,0,1064017920
5,1792,2147483647,768,1280,75,1,1065353216
5,1792,2147483647,768,1280,100,0,1060642816
5,1792,2147483647,768,1280,100,1,1065353216
5,1792,2147483647,768,1280,2047,0,1063780352
5,1792,2147483647,768,1280,2047,1,1065353216
5,1792,2147483647,768,1280,2048,0,1060880384
5,1792,2147483647,768,1280,2048,1,1065353216
5,1792,2147483647,768,1280,65536,0,1062019072
5,1792,2147483647,768,1280,65536,1,1065353216
5,1792,2147483647,768,1280,2147483647,0,1060634624
5,1792,2147483647,768,1280,2147483647,1,1065353216
5,1792,2147483647,2048,0,-2147483648,0,1060503552
5,1792,2147483647,2048,0,-2147483648,1,1065353216
5,1792,2147483647,2048,0,-123,0,1060536320
5,1792,2147483647,2048,0,-123,1,1065353216
5,1792,2147483647,2048,0,0,0,1048576000
5,1792,2147483647,2048,0,0,1,1065353216
5,1792,2147483647,2048,0,1,0,1061814272
5,1792,2147483647,2048,0,1,1,1065353216
5,1792,2147483647,2048,0,10,0,1048576000
5,1792,2147483647,2048,0,10,1,1065353216
5,1792,2147483647,2048,0,25,0,1061814272
5,1792,2147483647,2048,0,25,1,1065353216
5,1792,2147483647,2048,0,49,0,1061797888
5,1792,2147483647,2048,0,49,1,1065353216
5,1792,2147483647,2048,0,50,0,1048608768
5,1792,2147483647,2048,0,50,1,1065353216
5,1792,2147483647,2048,0,75,0,1061797888
5,1792,2147483647,2048,0,75,1,1065353216
5,1792,2147483647,2048,0,100,0,1048641536
5,1792,2147483647,2048,0,100,1,1065353216
5,1792,2147483647,2048,0,2047,0,1061158912
5,1792,2147483647,2048,0,2047,1,1065353216
5,1792,2147483647,2048,0,2048,0,1049886720
5,1792,2147483647,2048,0,2048,1,1065353216
5,1792,2147483647,2048,0,65536,0,1055981568
5,1792,2147483647,2048,0,65536,1,1065353216
5,1792,2147483647,2048,0,2147483647,0,1048576000
5,1792,2147483647,2048,0,2147483647,1,1065353216
