126091458	-1	23799	0	0	0	0	0
126091456	-1	22520	0	0	0	0	1
126091449	-1	2748	0	0	0	0	0
126091443	-1	2847	0	0	0	0	0
126091439	-1	2847	0	0	0	0	0
126091438	-1	14521	0	0	0	0	0
126091433	-1	2847	0	0	0	0	0
126091429	-1	2847	0	0	0	0	0
126091428	-1	14521	0	0	0	0	0
126091423	-1	2847	0	0	0	0	0
126091419	-1	2847	0	0	0	0	0
126091418	-1	14521	0	0	0	0	0
126091413	-1	2847	0	0	0	0	0
126091409	-1	2847	0	0	0	0	0
126091408	-1	14521	0	0	0	0	0
126091404	-1	2847	0	0	0	0	0
126091399	-1	2847	0	0	0	0	0
126091398	-1	14521	0	0	0	0	0
126091394	-1	2847	0	0	0	0	0
126091389	-1	2847	0	0	0	0	0
126091388	-1	14521	0	0	0	0	0
126091383	-1	2847	0	0	0	0	0
126091379	-1	2847	0	0	0	0	0
126091378	-1	14521	0	0	0	0	0
126091374	-1	2173	0	0	0	0	0
126091373	-1	2847	0	0	0	0	0
126091368	-1	2847	0	0	0	0	0
126091367	-1	14521	0	0	0	0	0
126091362	-1	2847	0	0	0	0	0
126091358	-1	2847	0	0	0	0	0
126091357	-1	14521	0	0	0	0	0
126091352	-1	2847	0	0	0	0	0
126091348	-1	2847	0	0	0	0	0
126091347	-1	14521	0	0	0	0	0
126091342	-1	2847	0	0	0	0	0
126091338	-1	2847	0	0	0	0	0
126091337	-1	14521	0	0	0	0	0
126091332	-1	2847	0	0	0	0	0
126091328	-1	2847	0	0	0	0	0
126091327	-1	14521	0	0	0	0	0
126091322	-1	2847	0	0	0	0	0
126091318	-1	2847	0	0	0	0	0
126091317	-1	14521	0	0	0	0	0
126091312	-1	2847	0	0	0	0	0
126091308	-1	2847	0	0	0	0	0
126091307	-1	14521	0	0	0	0	0
126091303	-1	2173	0	0	0	0	0
126091301	-1	2173	0	0	0	0	0
126091299	-1	2173	0	0	0	0	0
126091297	-1	2173	0	0	0	0	0
126091295	-1	2173	0	0	0	0	0
126091293	-1	2173	0	0	0	0	0
126091291	-1	2173	0	0	0	0	0
126091287	-1	2173	0	0	0	0	0
126091285	-1	2173	0	0	0	0	0
126091283	-1	2173	0	0	0	0	0
126091281	-1	2173	0	0	0	0	0
126091279	-1	2173	0	0	0	0	0
126091277	-1	2173	0	0	0	0	0
125763586	-1	8729	0	0	0	0	0
125763585	-1	18810	0	0	0	0	0
124190761	-1	31692	0	0	0	0	0
124190756	-1	29714	0	0	0	0	0
124190752	-1	26605	0	0	0	0	0
124190747	-1	26606	0	0	0	0	0
124190736	-1	31697	0	0	0	0	0
124190735	-1	31696	0	0	0	0	0
124190734	-1	31695	0	0	0	0	0
124190731	-1	31703	0	0	0	0	0
124190730	-1	31702	0	0	0	0	0
124190729	-1	31701	0	0	0	0	0
123731975	3	791	0	0	0	0	0
123731975	2	789	0	0	0	0	0
123731975	1	790	0	0	0	0	0
123731975	4	773	0	0	0	0	0
123731975	5	788	0	0	0	0	0
123731975	6	792	0	0	0	0	0
123666443	3	791	0	0	0	0	0
123666443	2	789	0	0	0	0	0
123666443	1	790	0	0	0	0	0
123666443	4	773	0	0	0	0	0
123666443	5	788	0	0	0	0	0
123666443	6	792	0	0	0	0	0
123600907	3	791	0	0	0	0	0
123600907	2	789	0	0	0	0	0
123600907	1	790	0	0	0	0	0
123600907	4	773	0	0	0	0	0
123600907	5	788	0	0	0	0	0
123600907	6	792	0	0	0	0	0
123535371	3	791	0	0	0	0	0
123535371	2	789	0	0	0	0	0
123535371	1	790	0	0	0	0	0
123535371	4	773	0	0	0	0	0
123535371	5	788	0	0	0	0	0
123535371	6	792	0	0	0	0	0
123469835	3	791	0	0	0	0	0
123469835	2	789	0	0	0	0	0
123469835	1	790	0	0	0	0	0
123469835	4	773	0	0	0	0	0
123469835	5	788	0	0	0	0	0
123469835	6	792	0	0	0	0	0
123404299	3	791	0	0	0	0	0
123404299	2	789	0	0	0	0	0
123404299	1	790	0	0	0	0	0
123404299	4	773	0	0	0	0	0
123404299	5	788	0	0	0	0	0
123404299	6	792	0	0	0	0	0
123338763	3	791	0	0	0	0	0
123338763	2	789	0	0	0	0	0
123338763	1	790	0	0	0	0	0
123338763	4	773	0	0	0	0	0
123338763	5	788	0	0	0	0	0
123338763	6	792	0	0	0	0	0
123273223	3	791	0	0	0	0	0
123273223	2	789	0	0	0	0	0
123273223	1	790	0	0	0	0	0
123273223	4	773	0	0	0	0	0
123273223	5	788	0	0	0	0	0
123273223	6	792	0	0	0	0	0
121503751	3	791	0	0	0	0	0
121503751	2	789	0	0	0	0	0
121503751	1	790	0	0	0	0	0
121503751	4	773	0	0	0	0	0
121503751	5	788	0	0	0	0	0
121503751	6	792	0	0	0	0	0
110166045	-1	18944	0	0	0	0	0
110166039	-1	18944	0	0	0	0	0
110166033	-1	18944	0	0	0	0	0
109641911	-1	14521	0	0	0	0	0
109641910	-1	14520	0	0	0	0	0
109641908	-1	14710	0	0	0	0	0
109641898	-1	14521	0	0	0	0	0
109641897	-1	14520	0	0	0	0	0
109641895	-1	14710	0	0	0	0	0
109641885	-1	14521	0	0	0	0	0
109641884	-1	14520	0	0	0	0	0
109641882	-1	14710	0	0	0	0	0
109641872	-1	14521	0	0	0	0	0
109641871	-1	14520	0	0	0	0	0
109641869	-1	14710	0	0	0	0	0
109641859	-1	14521	0	0	0	0	0
109641858	-1	14520	0	0	0	0	0
109641856	-1	14710	0	0	0	0	0
109641846	-1	14521	0	0	0	0	0
109641845	-1	14520	0	0	0	0	0
109641843	-1	14710	0	0	0	0	0
109641833	-1	14521	0	0	0	0	0
109641832	-1	14520	0	0	0	0	0
109641830	-1	14710	0	0	0	0	0
109641820	-1	14521	0	0	0	0	0
109641819	-1	14520	0	0	0	0	0
109641817	-1	14710	0	0	0	0	0
109641807	-1	14521	0	0	0	0	0
109641806	-1	14520	0	0	0	0	0
109641804	-1	14710	0	0	0	0	0
109641794	-1	14521	0	0	0	0	0
109641793	-1	14520	0	0	0	0	0
109641791	-1	14710	0	0	0	0	0
109641781	-1	14521	0	0	0	0	0
109641780	-1	14520	0	0	0	0	0
109641778	-1	14710	0	0	0	0	0
109641768	-1	14521	0	0	0	0	0
109641767	-1	14520	0	0	0	0	0
109641765	-1	14710	0	0	0	0	0
109641755	-1	14521	0	0	0	0	0
109641754	-1	14520	0	0	0	0	0
109641752	-1	14710	0	0	0	0	0
109641742	-1	14521	0	0	0	0	0
109641741	-1	14520	0	0	0	0	0
109641739	-1	14710	0	0	0	0	0
109641734	-1	2377	0	0	0	0	0
109641731	-1	18865	0	0	0	0	0
109576375	-1	14521	0	0	0	0	0
109576374	-1	14520	0	0	0	0	0
109576372	-1	14710	0	0	0	0	0
109576362	-1	14521	0	0	0	0	0
109576361	-1	14520	0	0	0	0	0
109576359	-1	14710	0	0	0	0	0
109576349	-1	14521	0	0	0	0	0
109576348	-1	14520	0	0	0	0	0
109576346	-1	14710	0	0	0	0	0
109576336	-1	14521	0	0	0	0	0
109576335	-1	14520	0	0	0	0	0
109576333	-1	14710	0	0	0	0	0
109576323	-1	14521	0	0	0	0	0
109576322	-1	14520	0	0	0	0	0
109576320	-1	14710	0	0	0	0	0
109576310	-1	14521	0	0	0	0	0
109576309	-1	14520	0	0	0	0	0
109576307	-1	14710	0	0	0	0	0
109576297	-1	14521	0	0	0	0	0
109576296	-1	14520	0	0	0	0	0
109576294	-1	14710	0	0	0	0	0
109576284	-1	14521	0	0	0	0	0
109576283	-1	14520	0	0	0	0	0
109576281	-1	14710	0	0	0	0	0
109576271	-1	14521	0	0	0	0	0
109576270	-1	14520	0	0	0	0	0
109576268	-1	14710	0	0	0	0	0
109576258	-1	14521	0	0	0	0	0
109576257	-1	14520	0	0	0	0	0
109576255	-1	14710	0	0	0	0	0
109576245	-1	14521	0	0	0	0	0
109576244	-1	14520	0	0	0	0	0
109576242	-1	14710	0	0	0	0	0
109576232	-1	14521	0	0	0	0	0
109576231	-1	14520	0	0	0	0	0
109576229	-1	14710	0	0	0	0	0
109576219	-1	14521	0	0	0	0	0
109576218	-1	14520	0	0	0	0	0
109576216	-1	14710	0	0	0	0	0
109576206	-1	14521	0	0	0	0	0
109576205	-1	14520	0	0	0	0	0
109576203	-1	14710	0	0	0	0	0
109576198	-1	2377	0	0	0	0	0
109576195	-1	18865	0	0	0	0	0
109510839	-1	14521	0	0	0	0	0
109510838	-1	14520	0	0	0	0	0
109510836	-1	14710	0	0	0	0	0
109510826	-1	14521	0	0	0	0	0
109510825	-1	14520	0	0	0	0	0
109510823	-1	14710	0	0	0	0	0
109510813	-1	14521	0	0	0	0	0
109510812	-1	14520	0	0	0	0	0
109510810	-1	14710	0	0	0	0	0
109510800	-1	14521	0	0	0	0	0
109510799	-1	14520	0	0	0	0	0
109510797	-1	14710	0	0	0	0	0
109510787	-1	14521	0	0	0	0	0
109510786	-1	14520	0	0	0	0	0
109510784	-1	14710	0	0	0	0	0
109510774	-1	14521	0	0	0	0	0
109510773	-1	14520	0	0	0	0	0
109510771	-1	14710	0	0	0	0	0
109510761	-1	14521	0	0	0	0	0
109510760	-1	14520	0	0	0	0	0
109510758	-1	14710	0	0	0	0	0
109510748	-1	14521	0	0	0	0	0
109510747	-1	14520	0	0	0	0	0
109510745	-1	14710	0	0	0	0	0
109510735	-1	14521	0	0	0	0	0
109510734	-1	14520	0	0	0	0	0
109510732	-1	14710	0	0	0	0	0
109510722	-1	14521	0	0	0	0	0
109510721	-1	14520	0	0	0	0	0
109510719	-1	14710	0	0	0	0	0
109510709	-1	14521	0	0	0	0	0
109510708	-1	14520	0	0	0	0	0
109510706	-1	14710	0	0	0	0	0
109510696	-1	14521	0	0	0	0	0
109510695	-1	14520	0	0	0	0	0
109510693	-1	14710	0	0	0	0	0
109510683	-1	14521	0	0	0	0	0
109510682	-1	14520	0	0	0	0	0
109510680	-1	14710	0	0	0	0	0
109510670	-1	14521	0	0	0	0	0
109510669	-1	14520	0	0	0	0	0
109510667	-1	14710	0	0	0	0	0
109510662	-1	2377	0	0	0	0	0
109510659	-1	18865	0	0	0	0	0
109445308	-1	14521	0	0	0	0	0
109445307	-1	14520	0	0	0	0	0
109445305	-1	14710	0	0	0	0	0
109445295	-1	14521	0	0	0	0	0
109445294	-1	14520	0	0	0	0	0
109445292	-1	14710	0	0	0	0	0
109445282	-1	14521	0	0	0	0	0
109445281	-1	14520	0	0	0	0	0
109445279	-1	14710	0	0	0	0	0
109445269	-1	14521	0	0	0	0	0
109445268	-1	14520	0	0	0	0	0
109445266	-1	14710	0	0	0	0	0
109445256	-1	14521	0	0	0	0	0
109445255	-1	14520	0	0	0	0	0
109445253	-1	14710	0	0	0	0	0
109445243	-1	14521	0	0	0	0	0
109445242	-1	14520	0	0	0	0	0
109445240	-1	14710	0	0	0	0	0
109445230	-1	14521	0	0	0	0	0
109445229	-1	14520	0	0	0	0	0
109445227	-1	14710	0	0	0	0	0
109445217	-1	14521	0	0	0	0	0
109445216	-1	14520	0	0	0	0	0
109445214	-1	14710	0	0	0	0	0
109445204	-1	14521	0	0	0	0	0
109445203	-1	14520	0	0	0	0	0
109445201	-1	14710	0	0	0	0	0
109445191	-1	14521	0	0	0	0	0
109445190	-1	14520	0	0	0	0	0
109445188	-1	14710	0	0	0	0	0
109445178	-1	14521	0	0	0	0	0
109445177	-1	14520	0	0	0	0	0
109445175	-1	14710	0	0	0	0	0
109445165	-1	14521	0	0	0	0	0
109445164	-1	14520	0	0	0	0	0
109445162	-1	14710	0	0	0	0	0
109445152	-1	14521	0	0	0	0	0
109445151	-1	14520	0	0	0	0	0
109445149	-1	14710	0	0	0	0	0
109445139	-1	14521	0	0	0	0	0
109445138	-1	14520	0	0	0	0	0
109445136	-1	14710	0	0	0	0	0
109445132	-1	18562	0	0	0	1	0
109445131	-1	18562	0	0	0	0	0
109445129	-1	19370	0	0	0	1	0
109445128	-1	19370	0	0	0	0	0
109445127	-1	19369	0	0	0	0	0
109445126	-1	2377	0	0	0	0	0
109445123	-1	18865	0	0	0	0	0
107413520	-1	4308	0	0	0	0	0
107413508	-1	13214	0	0	0	0	0
107413504	-1	4308	0	0	0	1	0
106299392	3	791	0	0	0	0	0
106299392	2	789	0	0	0	0	0
106299392	1	790	0	0	0	0	0
106299392	4	773	0	0	0	0	0
106299392	5	788	0	0	0	0	0
106299392	6	792	0	0	0	0	0
105906188	-1	14519	0	0	0	0	1
105906187	-1	14519	0	0	0	0	0
105906186	-1	14518	0	0	0	0	0
105906185	-1	14511	0	0	0	0	0
105906183	-1	14512	0	0	0	0	0
105906182	-1	14517	0	0	0	0	0
105906181	-1	14516	0	0	0	0	0
105906180	-1	8244	0	0	0	1	0
105906179	-1	8244	0	0	0	0	0
105906176	-1	14514	0	0	0	0	0
104071194	-1	18944	0	0	0	0	0
104071188	-1	18944	0	0	0	0	0
104071182	-1	18944	0	0	0	0	0
102236284	-1	30130	0	0	0	0	0
102236275	-1	30130	0	0	0	0	0
102236247	-1	24771	0	0	0	0	0
102236238	-1	24429	0	0	0	0	0
102236229	-1	24772	0	0	0	0	0
102236220	-1	24772	0	0	0	0	0
102236211	-1	24429	0	0	0	0	0
102236202	-1	24771	0	0	0	0	0
102236193	-1	18773	0	0	0	0	0
102105096	18	24445	0	0	0	0	0
102105096	17	24443	0	0	0	0	0
102105096	14	24442	0	0	0	0	0
102105096	13	24441	0	0	0	0	0
102105096	12	24435	0	0	0	0	0
102105096	10	24440	0	0	0	0	0
102105096	9	24439	0	0	0	0	0
102105096	7	24438	0	0	0	0	0
102105096	5	24437	0	0	0	0	0
102105096	4	24436	0	0	0	0	0
102105096	3	24434	0	0	0	0	0
102105096	2	24433	0	0	0	0	0
102105096	1	24432	0	0	0	0	0
102105096	0	24431	0	0	0	0	0
102105094	18	18269	0	0	0	0	0
102105094	17	18269	0	0	0	0	0
102105094	16	18269	0	0	0	0	0
102105094	15	18269	0	0	0	0	0
102105094	14	18269	0	0	0	0	0
102105094	13	18269	0	0	0	0	0
102105094	12	18269	0	0	0	0	0
102105094	11	18269	0	0	0	0	0
102105094	10	18269	0	0	0	0	0
102105094	9	18269	0	0	0	0	0
102105094	8	18269	0	0	0	0	0
102105094	7	18269	0	0	0	0	0
102105094	6	18269	0	0	0	0	0
102105094	5	18269	0	0	0	0	0
102105094	4	18269	0	0	0	0	0
102105094	3	18269	0	0	0	0	0
102105094	2	18269	0	0	0	0	0
102105094	1	18269	0	0	0	0	0
102105094	0	18269	0	0	0	0	0
102039563	0	24429	0	0	0	0	0
102039560	3	791	0	0	0	0	0
102039560	2	789	0	0	0	0	0
102039560	1	790	0	0	0	0	0
102039560	4	773	0	0	0	0	0
102039560	5	788	0	0	0	0	0
102039560	6	792	0	0	0	0	0
102039555	26	26541	0	0	0	0	0
102039555	25	9170	0	0	0	0	0
102039555	24	3028	0	0	0	0	0
102039555	23	222	0	0	0	0	0
102039555	22	220	0	0	0	0	0
102039555	21	221	0	0	0	0	0
102039555	20	217	0	0	0	0	0
102039555	19	216	0	0	0	0	0
102039555	18	215	0	0	0	0	0
102039555	17	214	0	0	0	0	0
102039555	16	208	0	0	0	0	0
102039555	15	202	0	0	0	0	0
102039555	14	213	0	0	0	0	0
102039555	13	207	0	0	0	0	0
102039555	12	201	0	0	0	0	0
102039555	11	212	0	0	0	0	0
102039555	10	206	0	0	0	0	0
102039555	9	200	0	0	0	0	0
102039555	8	211	0	0	0	0	0
102039555	7	205	0	0	0	0	0
102039555	6	199	0	0	0	0	0
102039555	5	210	0	0	0	0	0
102039555	4	204	0	0	0	0	0
102039555	3	198	0	0	0	0	0
102039555	2	209	0	0	0	0	0
102039555	1	203	0	0	0	0	0
102039555	0	197	0	0	0	0	0
102039554	26	26548	0	0	0	0	0
102039554	25	9178	0	0	0	0	0
102039554	24	9178	0	0	0	0	0
102039554	23	9178	0	0	0	0	0
102039554	22	9178	0	0	0	0	0
102039554	21	9178	0	0	0	0	0
102039554	20	9178	0	0	0	0	0
102039554	19	9178	0	0	0	0	0
102039554	18	9178	0	0	0	0	0
102039554	17	9178	0	0	0	0	0
102039554	16	9178	0	0	0	0	0
102039554	15	9178	0	0	0	0	0
102039554	14	9178	0	0	0	0	0
102039554	13	9178	0	0	0	0	0
102039554	12	9178	0	0	0	0	0
102039554	11	9178	0	0	0	0	0
102039554	10	9178	0	0	0	0	0
102039554	9	9178	0	0	0	0	0
102039554	8	9178	0	0	0	0	0
102039554	7	9178	0	0	0	0	0
102039554	6	9178	0	0	0	0	0
102039554	5	9178	0	0	0	0	0
102039554	4	9178	0	0	0	0	0
102039554	3	9178	0	0	0	0	0
102039554	2	9178	0	0	0	0	0
102039554	1	9178	0	0	0	0	0
102039554	0	9178	0	0	0	0	0
100204731	-1	18034	0	0	1	0	0
100204726	-1	2558	0	0	0	0	0
100204725	-1	2559	0	0	0	0	1
100204724	-1	2558	0	0	0	0	1
100204719	-1	2519	0	0	0	0	1
100204718	-1	2519	0	0	0	0	0
100204717	-1	2518	0	0	0	1	0
100204716	-1	2515	0	0	0	0	0
100204715	-1	2517	0	0	0	1	1
100204714	-1	2517	0	0	0	1	0
100204713	-1	2514	0	0	0	0	1
100204712	-1	2514	0	0	0	0	0
100204707	-1	2519	0	0	0	0	1
100204706	-1	2519	0	0	0	0	0
100204705	-1	2518	0	0	0	1	0
100204704	-1	2515	0	0	0	0	0
100204703	-1	2517	0	0	0	1	1
100204702	-1	2517	0	0	0	1	0
100204701	-1	2514	0	0	0	0	1
100204700	-1	2514	0	0	0	0	0
100204695	-1	2519	0	0	0	0	1
100204694	-1	2519	0	0	0	0	0
100204693	-1	2518	0	0	0	1	0
100204692	-1	2515	0	0	0	0	0
100204691	-1	2517	0	0	0	1	1
100204690	-1	2517	0	0	0	1	0
100204689	-1	2514	0	0	0	0	1
100204688	-1	2514	0	0	0	0	0
100204686	-1	1250	0	0	0	0	0
100204685	-1	2527	0	0	0	0	1
100204684	-1	2528	0	0	0	0	0
100204683	-1	2527	0	0	0	0	0
100204681	-1	2519	0	0	0	0	1
100204680	-1	2519	0	0	0	0	0
100204679	-1	2518	0	0	0	1	0
100204678	-1	2515	0	0	0	0	0
100204677	-1	2517	0	0	0	1	1
100204676	-1	2517	0	0	0	1	0
100204675	-1	2514	0	0	0	0	1
100204674	-1	2514	0	0	0	0	0
100204670	-1	1250	0	0	0	0	0
100204669	-1	2527	0	0	0	0	1
100204668	-1	2528	0	0	0	0	0
100204667	-1	2527	0	0	0	0	0
100204665	-1	2519	0	0	0	0	1
100204664	-1	2519	0	0	0	0	0
100204663	-1	2518	0	0	0	1	0
100204662	-1	2515	0	0	0	0	0
100204661	-1	2517	0	0	0	1	1
100204660	-1	2517	0	0	0	1	0
100204659	-1	2514	0	0	0	0	1
100204658	-1	2514	0	0	0	0	0
100204654	-1	1250	0	0	0	0	0
100204653	-1	2527	0	0	0	0	1
100204652	-1	2528	0	0	0	0	0
100204651	-1	2527	0	0	0	0	0
100204649	-1	2519	0	0	0	0	1
100204648	-1	2519	0	0	0	0	0
100204647	-1	2518	0	0	0	1	0
100204646	-1	2515	0	0	0	0	0
100204645	-1	2517	0	0	0	1	1
100204644	-1	2517	0	0	0	1	0
100204643	-1	2514	0	0	0	0	1
100204642	-1	2514	0	0	0	0	0
100204634	-1	2519	0	0	0	0	1
100204633	-1	2519	0	0	0	0	0
100204632	-1	2518	0	0	0	1	0
100204631	-1	2515	0	0	0	0	0
100204630	-1	2517	0	0	0	1	1
100204629	-1	2517	0	0	0	1	0
100204628	-1	2514	0	0	0	0	1
100204627	-1	2514	0	0	0	0	0
100204624	-1	2499	0	0	0	0	0
100204620	-1	2519	0	0	0	0	1
100204619	-1	2519	0	0	0	0	0
100204618	-1	2518	0	0	0	1	0
100204617	-1	2515	0	0	0	0	0
100204616	-1	2517	0	0	0	1	1
100204615	-1	2517	0	0	0	1	0
100204614	-1	2514	0	0	0	0	1
100204613	-1	2514	0	0	0	0	0
100204600	-1	18034	0	0	1	0	0
100204550	-1	18641	0	0	0	0	0
100204549	-1	18638	0	0	0	0	0
100139104	-1	25868	0	0	0	0	0
100139098	-1	21231	0	0	0	0	0
100139092	-1	25862	0	0	0	0	0
100139083	-1	25864	0	0	0	0	0
100139076	-1	25861	0	0	0	0	0
100139069	-1	25856	0	0	0	0	0
100139062	-1	25857	0	0	0	0	0
100139055	-1	25852	0	0	0	0	0
100139048	-1	25851	0	0	0	0	0
100139033	-1	6030	0	0	0	0	0
100139032	-1	6024	0	0	0	0	0
100139031	-1	6028	0	0	0	0	0
100139030	-1	6022	0	0	0	0	0
100139028	-1	18686	0	0	0	0	0
100139026	-1	18568	0	0	0	0	0
100139025	-1	18567	0	0	0	0	0
100139024	-1	18566	0	0	0	0	0
99549277	-1	25868	0	0	0	0	0
99549241	-1	25852	0	0	0	0	0
99549235	-1	25851	0	0	0	0	0
99549229	-1	21231	0	0	0	0	0
99549221	-1	25862	0	0	0	0	0
99549220	-1	25864	0	0	0	0	0
99549219	-1	25861	0	0	0	0	0
99549218	-1	25856	0	0	0	0	0
99549217	-1	6030	0	0	0	0	0
99549216	-1	6024	0	0	0	0	0
99549215	-1	6028	0	0	0	0	0
99549214	-1	6022	0	0	0	0	0
99549212	-1	25857	0	0	0	0	0
99549201	-1	18686	0	0	0	0	0
99549199	-1	18568	0	0	0	0	0
99549198	-1	18567	0	0	0	0	0
99549197	-1	18566	0	0	0	0	0
98631684	-1	8654	0	0	0	0	0
98631682	-1	23529	0	0	0	0	1
98631680	-1	8642	0	0	0	0	0
98566150	-1	1197	0	0	0	0	0
98566146	-1	23529	0	0	0	0	1
98566144	-1	1208	0	0	0	0	0
96797522	8	18238	0	0	0	0	0
96797522	7	18237	0	0	0	0	0
96797522	6	18236	0	0	0	0	0
96797522	5	18235	0	0	0	0	0
96797522	4	18234	0	0	0	0	0
96797522	3	18233	0	0	0	0	0
96797522	2	18232	0	0	0	0	0
96797522	1	18231	0	0	0	0	0
96797522	0	18230	0	0	0	0	0
96797512	-1	33375	0	0	0	1	1
96797511	-1	33375	0	0	0	1	0
96797510	-1	33375	0	0	0	0	1
96797509	-1	33375	0	0	0	0	0
96797505	13	18195	0	0	0	0	1
96797505	12	18197	0	0	0	0	0
96797505	11	18195	0	0	0	0	0
96797505	7	18194	0	0	0	0	1
96797505	6	18194	0	0	0	0	0
96797505	5	18196	0	0	0	0	0
96797505	2	18193	0	0	0	0	1
96797505	1	18193	0	0	0	0	0
96797504	0	18967	0	0	0	0	0
96797504	1	18968	0	0	0	0	0
96797503	0	18198	0	0	0	0	0
96797491	8	4651	0	0	0	0	0
96797491	7	4651	0	0	0	0	1
96797491	6	4649	0	0	0	1	0
96797491	5	4649	0	0	0	0	0
96797491	4	4650	0	0	0	1	0
96797491	3	4650	0	0	0	1	1
96797491	2	4650	0	0	0	0	0
96797491	1	4650	0	0	0	0	1
96797428	13	18184	0	0	0	0	1
96797428	12	18185	0	0	0	0	0
96797428	11	18184	0	0	0	0	0
96797428	7	18183	0	0	0	0	1
96797428	6	18183	0	0	0	0	0
96797428	5	18182	0	0	0	0	0
96797428	2	18181	0	0	0	0	1
96797428	1	18181	0	0	0	0	0
96797428	0	18182	0	0	0	0	0
96797426	0	18186	0	0	0	0	0
96797395	-1	18827	0	0	0	0	0
96797394	-1	18826	0	0	0	0	0
96797393	-1	18228	0	0	0	0	1
96797392	-1	18225	0	0	0	0	0
96797391	-1	18228	0	0	0	0	0
96797390	-1	18226	0	0	0	0	0
96797389	-1	18226	0	0	0	0	0
96797388	-1	18224	0	0	0	0	1
96797387	-1	18225	0	0	0	0	0
96797386	-1	18224	0	0	0	0	0
96797383	-1	18222	0	0	0	0	1
96797382	-1	18219	0	0	0	0	0
96797381	-1	18222	0	0	0	0	0
96797380	-1	18220	0	0	0	0	0
96797379	-1	18220	0	0	0	0	0
96797378	-1	18218	0	0	0	0	1
96797377	-1	18219	0	0	0	0	0
96797376	-1	18218	0	0	0	0	0
96797374	-1	18210	0	0	0	0	1
96797373	-1	18207	0	0	0	0	0
96797372	-1	18210	0	0	0	0	0
96797371	-1	18208	0	0	0	0	0
96797370	-1	18208	0	0	0	0	0
96797369	-1	18206	0	0	0	0	1
96797368	-1	18207	0	0	0	0	0
96797367	-1	18206	0	0	0	0	0
96797363	13	18124	0	0	0	0	1
96797363	12	18125	0	0	0	0	0
96797363	11	18124	0	0	0	0	0
96797363	7	18123	0	0	0	0	1
96797363	6	18123	0	0	0	0	0
96797363	5	18122	0	0	0	0	0
96797363	2	18121	0	0	0	0	1
96797363	1	18121	0	0	0	0	0
96797363	0	18122	0	0	0	0	0
96797360	0	18126	0	0	0	0	0
96797356	1	18444	0	0	0	0	0
96797355	13	18195	0	0	0	0	1
96797355	12	18197	0	0	0	0	0
96797355	11	18195	0	0	0	0	0
96797355	7	18194	0	0	0	0	1
96797355	6	18194	0	0	0	0	0
96797355	5	18196	0	0	0	0	0
96797355	2	18193	0	0	0	0	1
96797355	1	18193	0	0	0	0	0
96797352	0	18198	0	0	0	0	0
96797350	13	18130	0	0	0	0	1
96797350	12	18131	0	0	0	0	0
96797350	11	18130	0	0	0	0	0
96797350	7	18129	0	0	0	0	1
96797350	6	18129	0	0	0	0	0
96797350	5	18128	0	0	0	0	0
96797350	2	18127	0	0	0	0	1
96797350	1	18127	0	0	0	0	0
96797350	0	18128	0	0	0	0	0
96797347	0	18132	0	0	0	0	0
96797345	13	18130	0	0	0	0	1
96797345	12	18131	0	0	0	0	0
96797345	11	18130	0	0	0	0	0
96797345	7	18129	0	0	0	0	1
96797345	6	18129	0	0	0	0	0
96797345	5	18128	0	0	0	0	0
96797345	2	18127	0	0	0	0	1
96797345	1	18127	0	0	0	0	0
96797345	0	18128	0	0	0	0	0
96797343	0	18132	0	0	0	0	0
96797341	13	18130	0	0	0	0	1
96797341	12	18131	0	0	0	0	0
96797341	11	18130	0	0	0	0	0
96797341	7	18129	0	0	0	0	1
96797341	6	18129	0	0	0	0	0
96797341	5	18128	0	0	0	0	0
96797341	2	18127	0	0	0	0	1
96797341	1	18127	0	0	0	0	0
96797341	0	18128	0	0	0	0	0
96797339	0	18132	0	0	0	0	0
96797335	13	18160	0	0	0	0	1
96797335	12	18161	0	0	0	0	0
96797335	11	18160	0	0	0	0	0
96797335	7	18159	0	0	0	0	1
96797335	6	18159	0	0	0	0	0
96797335	5	18158	0	0	0	0	0
96797335	2	18157	0	0	0	0	1
96797335	1	18157	0	0	0	0	0
96797335	0	18158	0	0	0	0	0
96797333	0	18162	0	0	0	0	0
96797331	1	23725	0	0	0	0	0
96797330	1	21043	0	0	0	0	0
96797328	26	23871	0	0	0	0	0
96797328	25	23870	0	0	0	0	0
96797328	24	23869	0	0	0	0	0
96797328	22	23874	0	0	0	0	0
96797328	21	23873	0	0	0	0	0
96797328	20	23872	0	0	0	0	0
96797328	18	23874	0	0	0	0	0
96797328	17	23873	0	0	0	0	0
96797328	16	23872	0	0	0	0	0
96797328	14	23874	0	0	0	0	0
96797328	13	23873	0	0	0	0	0
96797328	12	23872	0	0	0	0	0
96797328	10	23874	0	0	0	0	0
96797328	9	23873	0	0	0	0	0
96797328	8	23872	0	0	0	0	0
96797328	6	23874	0	0	0	0	0
96797328	5	23873	0	0	0	0	0
96797328	4	23872	0	0	0	0	0
96797328	2	23874	0	0	0	0	0
96797328	1	23873	0	0	0	0	0
96797328	0	23872	0	0	0	0	0
96797327	2	23857	0	0	0	0	1
96797327	1	23858	0	0	0	0	0
96797327	0	23857	0	0	0	0	0
96797326	15	23760	0	0	0	0	0
96797326	13	23860	0	0	0	0	1
96797326	12	23861	0	0	0	0	0
96797326	11	23860	0	0	0	0	0
96797326	7	23859	0	0	0	0	1
96797326	6	23859	0	0	0	0	0
96797326	5	23865	0	0	0	0	0
96797326	4	23866	0	0	0	0	0
96797326	3	23864	0	0	0	0	0
96797326	2	23868	0	0	0	0	0
96797326	1	23863	0	0	0	0	0
96797324	1	18042	0	0	0	0	0
96797324	0	18041	0	0	0	0	0
96797323	0	23862	0	0	0	0	0
96797320	13	18172	0	0	0	0	1
96797320	12	18173	0	0	0	0	0
96797320	11	18172	0	0	0	0	0
96797320	7	18171	0	0	0	0	1
96797320	6	18171	0	0	0	0	0
96797320	5	18170	0	0	0	0	0
96797320	2	18169	0	0	0	0	1
96797320	1	18169	0	0	0	0	0
96797320	0	18170	0	0	0	0	0
96797318	0	18174	0	0	0	0	0
96797315	13	18118	0	0	0	0	1
96797315	12	18119	0	0	0	0	0
96797315	11	18118	0	0	0	0	0
96797315	7	18117	0	0	0	0	1
96797315	6	18117	0	0	0	0	0
96797315	5	18116	0	0	0	0	0
96797315	2	18115	0	0	0	0	1
96797315	1	18115	0	0	0	0	0
96797315	0	18116	0	0	0	0	0
96797313	0	18120	0	0	0	0	0
96797310	13	18118	0	0	0	0	1
96797310	12	18119	0	0	0	0	0
96797310	11	18118	0	0	0	0	0
96797310	7	18117	0	0	0	0	1
96797310	6	18117	0	0	0	0	0
96797310	5	18116	0	0	0	0	0
96797310	2	18115	0	0	0	0	1
96797310	1	18115	0	0	0	0	0
96797310	0	18116	0	0	0	0	0
96797308	0	18120	0	0	0	0	0
96797299	13	18118	0	0	0	0	1
96797299	12	18119	0	0	0	0	0
96797299	11	18118	0	0	0	0	0
96797299	7	18117	0	0	0	0	1
96797299	6	18117	0	0	0	0	0
96797299	5	18116	0	0	0	0	0
96797299	2	18115	0	0	0	0	1
96797299	1	18115	0	0	0	0	0
96797299	0	18116	0	0	0	0	0
96797297	0	18120	0	0	0	0	0
96797295	13	18172	0	0	0	0	1
96797295	12	18173	0	0	0	0	0
96797295	11	18172	0	0	0	0	0
96797295	7	18171	0	0	0	0	1
96797295	6	18171	0	0	0	0	0
96797295	5	18170	0	0	0	0	0
96797295	2	18169	0	0	0	0	1
96797295	1	18169	0	0	0	0	0
96797295	0	18170	0	0	0	0	0
96797293	0	18174	0	0	0	0	0
96797291	13	18184	0	0	0	0	1
96797291	12	18185	0	0	0	0	0
96797291	11	18184	0	0	0	0	0
96797291	7	18183	0	0	0	0	1
96797291	6	18183	0	0	0	0	0
96797291	5	18182	0	0	0	0	0
96797291	2	18181	0	0	0	0	1
96797291	1	18181	0	0	0	0	0
96797291	0	18182	0	0	0	0	0
96797289	0	18186	0	0	0	0	0
96797287	13	18172	0	0	0	0	1
96797287	12	18173	0	0	0	0	0
96797287	11	18172	0	0	0	0	0
96797287	7	18171	0	0	0	0	1
96797287	6	18171	0	0	0	0	0
96797287	5	18170	0	0	0	0	0
96797287	2	18169	0	0	0	0	1
96797287	1	18169	0	0	0	0	0
96797287	0	18170	0	0	0	0	0
96797285	0	18174	0	0	0	0	0
96797283	13	18184	0	0	0	0	1
96797283	12	18185	0	0	0	0	0
96797283	11	18184	0	0	0	0	0
96797283	7	18183	0	0	0	0	1
96797283	6	18183	0	0	0	0	0
96797283	5	18182	0	0	0	0	0
96797283	2	18181	0	0	0	0	1
96797283	1	18181	0	0	0	0	0
96797283	0	18182	0	0	0	0	0
96797281	0	18186	0	0	0	0	0
96797279	13	18136	0	0	0	0	1
96797279	12	18137	0	0	0	0	0
96797279	11	18136	0	0	0	0	0
96797279	7	18135	0	0	0	0	1
96797279	6	18135	0	0	0	0	0
96797279	5	18134	0	0	0	0	0
96797279	2	18133	0	0	0	0	1
96797279	1	18133	0	0	0	0	0
96797279	0	18134	0	0	0	0	0
96797277	0	18138	0	0	0	0	0
96797275	13	18160	0	0	0	0	1
96797275	12	18161	0	0	0	0	0
96797275	11	18160	0	0	0	0	0
96797275	7	18159	0	0	0	0	1
96797275	6	18159	0	0	0	0	0
96797275	5	18158	0	0	0	0	0
96797275	2	18157	0	0	0	0	1
96797275	1	18157	0	0	0	0	0
96797275	0	18158	0	0	0	0	0
96797273	0	18162	0	0	0	0	0
96797271	13	20503	0	0	0	0	1
96797271	12	20504	0	0	0	0	0
96797271	11	20503	0	0	0	0	0
96797271	7	20502	0	0	0	0	1
96797271	6	20502	0	0	0	0	0
96797271	5	20501	0	0	0	0	0
96797271	2	20283	0	0	0	0	1
96797271	1	20283	0	0	0	0	0
96797271	0	20501	0	0	0	0	0
96797269	0	20505	0	0	0	0	0
96797267	13	18112	0	0	0	0	1
96797267	12	18113	0	0	0	0	0
96797267	11	18112	0	0	0	0	0
96797267	7	18111	0	0	0	0	1
96797267	6	18111	0	0	0	0	0
96797267	5	18110	0	0	0	0	0
96797267	2	18109	0	0	0	0	1
96797267	1	18109	0	0	0	0	0
96797267	0	18110	0	0	0	0	0
96797265	0	18114	0	0	0	0	0
96797263	13	18112	0	0	0	0	1
96797263	12	18113	0	0	0	0	0
96797263	11	18112	0	0	0	0	0
96797263	7	18111	0	0	0	0	1
96797263	6	18111	0	0	0	0	0
96797263	5	18110	0	0	0	0	0
96797263	2	18109	0	0	0	0	1
96797263	1	18109	0	0	0	0	0
96797263	0	18110	0	0	0	0	0
96797261	0	18114	0	0	0	0	0
96797257	13	18166	0	0	0	0	1
96797257	12	18167	0	0	0	0	0
96797257	11	18166	0	0	0	0	0
96797257	7	18165	0	0	0	0	1
96797257	6	18165	0	0	0	0	0
96797257	5	18164	0	0	0	0	0
96797257	2	18163	0	0	0	0	1
96797257	1	18163	0	0	0	0	0
96797257	0	18164	0	0	0	0	0
96797255	0	18168	0	0	0	0	0
96797253	13	18178	0	0	0	0	1
96797253	12	18179	0	0	0	0	0
96797253	11	18178	0	0	0	0	0
96797253	7	18177	0	0	0	0	1
96797253	6	18177	0	0	0	0	0
96797253	5	18176	0	0	0	0	0
96797253	2	18175	0	0	0	0	1
96797253	1	18175	0	0	0	0	0
96797253	0	18176	0	0	0	0	0
96797251	0	18180	0	0	0	0	0
96797249	13	18142	0	0	0	0	1
96797249	12	18143	0	0	0	0	0
96797249	11	18142	0	0	0	0	0
96797249	7	18141	0	0	0	0	1
96797249	6	18141	0	0	0	0	0
96797249	5	18140	0	0	0	0	0
96797249	2	18139	0	0	0	0	1
96797249	1	18139	0	0	0	0	0
96797249	0	18140	0	0	0	0	0
96797247	0	18144	0	0	0	0	0
96797244	13	18154	0	0	0	0	1
96797244	12	18155	0	0	0	0	0
96797244	11	18154	0	0	0	0	0
96797244	7	18153	0	0	0	0	1
96797244	6	18153	0	0	0	0	0
96797244	5	18152	0	0	0	0	0
96797244	2	18151	0	0	0	0	1
96797244	1	18151	0	0	0	0	0
96797244	0	18152	0	0	0	0	0
96797242	0	18156	0	0	0	0	0
96797240	13	18160	0	0	0	0	1
96797240	12	18161	0	0	0	0	0
96797240	11	18160	0	0	0	0	0
96797240	7	18159	0	0	0	0	1
96797240	6	18159	0	0	0	0	0
96797240	5	18158	0	0	0	0	0
96797240	2	18157	0	0	0	0	1
96797240	1	18157	0	0	0	0	0
96797240	0	18158	0	0	0	0	0
96797238	0	18162	0	0	0	0	0
96797236	13	18160	0	0	0	0	1
96797236	12	18161	0	0	0	0	0
96797236	11	18160	0	0	0	0	0
96797236	7	18159	0	0	0	0	1
96797236	6	18159	0	0	0	0	0
96797236	5	18158	0	0	0	0	0
96797236	2	18157	0	0	0	0	1
96797236	1	18157	0	0	0	0	0
96797236	0	18158	0	0	0	0	0
96797234	0	18162	0	0	0	0	0
96797232	13	18136	0	0	0	0	1
96797232	12	18137	0	0	0	0	0
96797232	11	18136	0	0	0	0	0
96797232	7	18135	0	0	0	0	1
96797232	6	18135	0	0	0	0	0
96797232	5	18134	0	0	0	0	0
96797232	2	18133	0	0	0	0	1
96797232	1	18133	0	0	0	0	0
96797232	0	18134	0	0	0	0	0
96797230	0	18138	0	0	0	0	0
96797228	13	18172	0	0	0	0	1
96797228	12	18173	0	0	0	0	0
96797228	11	18172	0	0	0	0	0
96797228	7	18171	0	0	0	0	1
96797228	6	18171	0	0	0	0	0
96797228	5	18170	0	0	0	0	0
96797228	2	18169	0	0	0	0	1
96797228	1	18169	0	0	0	0	0
96797228	0	18170	0	0	0	0	0
96797225	0	18174	0	0	0	0	0
96797223	13	18172	0	0	0	0	1
96797223	12	18173	0	0	0	0	0
96797223	11	18172	0	0	0	0	0
96797223	7	18171	0	0	0	0	1
96797223	6	18171	0	0	0	0	0
96797223	5	18170	0	0	0	0	0
96797223	2	18169	0	0	0	0	1
96797223	1	18169	0	0	0	0	0
96797223	0	18170	0	0	0	0	0
96797221	0	18174	0	0	0	0	0
96797219	13	18160	0	0	0	0	1
96797219	12	18161	0	0	0	0	0
96797219	11	18160	0	0	0	0	0
96797219	7	18159	0	0	0	0	1
96797219	6	18159	0	0	0	0	0
96797219	5	18158	0	0	0	0	0
96797219	2	18157	0	0	0	0	1
96797219	1	18157	0	0	0	0	0
96797219	0	18158	0	0	0	0	0
96797217	0	18162	0	0	0	0	0
96797215	13	18112	0	0	0	0	1
96797215	12	18113	0	0	0	0	0
96797215	11	18112	0	0	0	0	0
96797215	7	18111	0	0	0	0	1
96797215	6	18111	0	0	0	0	0
96797215	5	18110	0	0	0	0	0
96797215	2	18109	0	0	0	0	1
96797215	1	18109	0	0	0	0	0
96797215	0	18110	0	0	0	0	0
96797213	0	18114	0	0	0	0	0
96797211	13	18160	0	0	0	0	1
96797211	12	18161	0	0	0	0	0
96797211	11	18160	0	0	0	0	0
96797211	7	18159	0	0	0	0	1
96797211	6	18159	0	0	0	0	0
96797211	5	18158	0	0	0	0	0
96797211	2	18157	0	0	0	0	1
96797211	1	18157	0	0	0	0	0
96797211	0	18158	0	0	0	0	0
96797209	0	18162	0	0	0	0	0
96797207	13	18172	0	0	0	0	1
96797207	12	18173	0	0	0	0	0
96797207	11	18172	0	0	0	0	0
96797207	7	18171	0	0	0	0	1
96797207	6	18171	0	0	0	0	0
96797207	5	18170	0	0	0	0	0
96797207	2	18169	0	0	0	0	1
96797207	1	18169	0	0	0	0	0
96797207	0	18170	0	0	0	0	0
96797205	0	18174	0	0	0	0	0
96797199	13	18172	0	0	0	0	1
96797199	12	18173	0	0	0	0	0
96797199	11	18172	0	0	0	0	0
96797199	7	18171	0	0	0	0	1
96797199	6	18171	0	0	0	0	0
96797199	5	18170	0	0	0	0	0
96797199	2	18169	0	0	0	0	1
96797199	1	18169	0	0	0	0	0
96797199	0	18170	0	0	0	0	0
96797197	0	18174	0	0	0	0	0
96797193	9	18825	0	0	0	0	0
96797193	8	18204	0	0	0	0	1
96797193	7	18201	0	0	0	0	0
96797193	6	18204	0	0	0	0	0
96797193	5	18202	0	0	0	0	0
96797193	4	18202	0	0	0	0	0
96797193	3	18200	0	0	0	0	1
96797193	2	18201	0	0	0	0	0
96797193	1	18200	0	0	0	0	0
96797192	1	21244	0	0	0	0	1
96797192	0	21244	0	0	0	0	0
96797190	6	18038	0	0	0	0	0
96797190	5	18038	0	0	0	0	0
96797190	4	18037	0	0	0	0	1
96797190	3	18037	0	0	0	0	0
96797190	2	18027	0	0	0	0	1
96797190	1	18028	0	0	0	0	0
96797190	0	18027	0	0	0	0	0
96797189	15	31692	0	0	0	0	0
96797189	13	18033	0	0	0	0	1
96797189	12	18034	0	0	0	0	0
96797189	11	18033	0	0	0	0	0
96797189	10	18024	0	0	0	0	1
96797189	9	18025	0	0	0	0	0
96797189	8	18024	0	0	0	0	0
96797189	7	18032	0	0	0	0	1
96797189	6	18032	0	0	0	0	0
96797189	5	18018	0	0	0	0	0
96797189	4	18017	0	0	0	0	0
96797189	2	18016	0	0	0	0	0
96797189	1	18015	0	0	0	0	0
96797189	0	18019	0	0	0	0	0
96797188	15	18426	0	0	0	0	1
96797188	14	18426	0	0	0	0	0
96797188	13	18434	0	0	0	0	0
96797188	12	18433	0	0	0	0	0
96797188	11	18435	0	0	0	0	0
96797188	10	18431	0	0	0	0	0
96797188	9	18430	0	0	0	0	0
96797188	8	18432	0	0	0	0	0
96797188	7	18416	0	0	0	1	0
96797188	6	18416	0	0	0	0	0
96797188	5	18424	0	0	0	0	0
96797188	4	18423	0	0	0	0	0
96797188	3	18425	0	0	0	0	0
96797188	2	18421	0	0	0	0	0
96797188	1	18420	0	0	0	0	0
96797188	0	18422	0	0	0	0	0
96797185	2	18026	0	0	0	0	1
96797185	1	18026	0	0	0	0	0
96797185	0	18035	0	0	0	0	0
96797182	9	18825	0	0	0	0	0
96797182	8	18204	0	0	0	0	1
96797182	7	18201	0	0	0	0	0
96797182	6	18204	0	0	0	0	0
96797182	5	18202	0	0	0	0	0
96797182	4	18202	0	0	0	0	0
96797182	3	18200	0	0	0	0	1
96797182	2	18201	0	0	0	0	0
96797182	1	18200	0	0	0	0	0
96797181	1	21244	0	0	0	0	1
96797181	0	21244	0	0	0	0	0
96797179	6	18038	0	0	0	0	0
96797179	5	18038	0	0	0	0	0
96797179	4	18037	0	0	0	0	1
96797179	3	18037	0	0	0	0	0
96797179	2	18027	0	0	0	0	1
96797179	1	18028	0	0	0	0	0
96797179	0	18027	0	0	0	0	0
96797178	15	31148	0	0	0	0	0
96797178	13	18033	0	0	0	0	1
96797178	12	18034	0	0	0	0	0
96797178	11	18033	0	0	0	0	0
96797178	10	18024	0	0	0	0	1
96797178	9	18025	0	0	0	0	0
96797178	8	18024	0	0	0	0	0
96797178	7	18032	0	0	0	0	1
96797178	6	18032	0	0	0	0	0
96797178	5	18018	0	0	0	0	0
96797178	4	18017	0	0	0	0	0
96797178	2	18016	0	0	0	0	0
96797178	1	18015	0	0	0	0	0
96797178	0	18019	0	0	0	0	0
96797174	2	18026	0	0	0	0	1
96797174	1	18026	0	0	0	0	0
96797174	0	18035	0	0	0	0	0
96797171	9	18825	0	0	0	0	0
96797171	8	18204	0	0	0	0	1
96797171	7	18201	0	0	0	0	0
96797171	6	18204	0	0	0	0	0
96797171	5	18202	0	0	0	0	0
96797171	4	18202	0	0	0	0	0
96797171	3	18200	0	0	0	0	1
96797171	2	18201	0	0	0	0	0
96797171	1	18200	0	0	0	0	0
96797170	1	21244	0	0	0	0	1
96797170	0	21244	0	0	0	0	0
96797168	6	18038	0	0	0	0	0
96797168	5	18038	0	0	0	0	0
96797168	4	18037	0	0	0	0	1
96797168	3	18037	0	0	0	0	0
96797168	2	18027	0	0	0	0	1
96797168	1	18028	0	0	0	0	0
96797168	0	18027	0	0	0	0	0
96797167	15	32077	0	0	0	0	0
96797167	13	18033	0	0	0	0	1
96797167	12	18034	0	0	0	0	0
96797167	11	18033	0	0	0	0	0
96797167	10	18024	0	0	0	0	1
96797167	9	18025	0	0	0	0	0
96797167	8	18024	0	0	0	0	0
96797167	7	18032	0	0	0	0	1
96797167	6	18032	0	0	0	0	0
96797167	5	18018	0	0	0	0	0
96797167	4	18017	0	0	0	0	0
96797167	2	18016	0	0	0	0	0
96797167	1	18015	0	0	0	0	0
96797167	0	18019	0	0	0	0	0
96797163	2	18026	0	0	0	0	1
96797163	1	18026	0	0	0	0	0
96797163	0	18035	0	0	0	0	0
96797160	9	18825	0	0	0	0	0
96797160	8	18204	0	0	0	0	1
96797160	7	18201	0	0	0	0	0
96797160	6	18204	0	0	0	0	0
96797160	5	18202	0	0	0	0	0
96797160	4	18202	0	0	0	0	0
96797160	3	18200	0	0	0	0	1
96797160	2	18201	0	0	0	0	0
96797160	1	18200	0	0	0	0	0
96797159	1	21244	0	0	0	0	1
96797159	0	21244	0	0	0	0	0
96797157	6	18038	0	0	0	0	0
96797157	5	18038	0	0	0	0	0
96797157	4	18037	0	0	0	0	1
96797157	3	18037	0	0	0	0	0
96797157	2	18027	0	0	0	0	1
96797157	1	18028	0	0	0	0	0
96797157	0	18027	0	0	0	0	0
96797156	15	26787	0	0	0	0	0
96797156	13	18033	0	0	0	0	1
96797156	12	18034	0	0	0	0	0
96797156	11	18033	0	0	0	0	0
96797156	10	18024	0	0	0	0	1
96797156	9	18025	0	0	0	0	0
96797156	8	18024	0	0	0	0	0
96797156	7	18032	0	0	0	0	1
96797156	6	18032	0	0	0	0	0
96797156	5	18018	0	0	0	0	0
96797156	4	18017	0	0	0	0	0
96797156	2	18016	0	0	0	0	0
96797156	1	18015	0	0	0	0	0
96797156	0	18019	0	0	0	0	0
96797152	2	18026	0	0	0	0	1
96797152	1	18026	0	0	0	0	0
96797152	0	18035	0	0	0	0	0
96797149	9	18825	0	0	0	0	0
96797149	8	18204	0	0	0	0	1
96797149	7	18201	0	0	0	0	0
96797149	6	18204	0	0	0	0	0
96797149	5	18202	0	0	0	0	0
96797149	4	18202	0	0	0	0	0
96797149	3	18200	0	0	0	0	1
96797149	2	18201	0	0	0	0	0
96797149	1	18200	0	0	0	0	0
96797148	1	21244	0	0	0	0	1
96797148	0	21244	0	0	0	0	0
96797146	6	18038	0	0	0	0	0
96797146	5	18038	0	0	0	0	0
96797146	4	18037	0	0	0	0	1
96797146	3	18037	0	0	0	0	0
96797146	2	18027	0	0	0	0	1
96797146	1	18028	0	0	0	0	0
96797146	0	18027	0	0	0	0	0
96797145	15	26785	0	0	0	0	0
96797145	13	18033	0	0	0	0	1
96797145	12	18034	0	0	0	0	0
96797145	11	18033	0	0	0	0	0
96797145	10	18024	0	0	0	0	1
96797145	9	18025	0	0	0	0	0
96797145	8	18024	0	0	0	0	0
96797145	7	18032	0	0	0	0	1
96797145	6	18032	0	0	0	0	0
96797145	5	18018	0	0	0	0	0
96797145	4	18017	0	0	0	0	0
96797145	2	18016	0	0	0	0	0
96797145	1	18015	0	0	0	0	0
96797145	0	18019	0	0	0	0	0
96797141	2	18026	0	0	0	0	1
96797141	1	18026	0	0	0	0	0
96797141	0	18035	0	0	0	0	0
96797138	9	18825	0	0	0	0	0
96797138	8	18204	0	0	0	0	1
96797138	7	18201	0	0	0	0	0
96797138	6	18204	0	0	0	0	0
96797138	5	18202	0	0	0	0	0
96797138	4	18202	0	0	0	0	0
96797138	3	18200	0	0	0	0	1
96797138	2	18201	0	0	0	0	0
96797138	1	18200	0	0	0	0	0
96797137	1	21244	0	0	0	0	1
96797137	0	21244	0	0	0	0	0
96797135	6	18038	0	0	0	0	0
96797135	5	18038	0	0	0	0	0
96797135	4	18037	0	0	0	0	1
96797135	3	18037	0	0	0	0	0
96797135	2	18027	0	0	0	0	1
96797135	1	18028	0	0	0	0	0
96797135	0	18027	0	0	0	0	0
96797134	15	26782	0	0	0	0	0
96797134	13	18033	0	0	0	0	1
96797134	12	18034	0	0	0	0	0
96797134	11	18033	0	0	0	0	0
96797134	10	18024	0	0	0	0	1
96797134	9	18025	0	0	0	0	0
96797134	8	18024	0	0	0	0	0
96797134	7	18032	0	0	0	0	1
96797134	6	18032	0	0	0	0	0
96797134	5	18018	0	0	0	0	0
96797134	4	18017	0	0	0	0	0
96797134	2	18016	0	0	0	0	0
96797134	1	18015	0	0	0	0	0
96797134	0	18019	0	0	0	0	0
96797130	2	18026	0	0	0	0	1
96797130	1	18026	0	0	0	0	0
96797130	0	18035	0	0	0	0	0
96797128	9	18825	0	0	0	0	0
96797128	8	18204	0	0	0	0	1
96797128	7	18201	0	0	0	0	0
96797128	6	18204	0	0	0	0	0
96797128	5	18202	0	0	0	0	0
96797128	4	18202	0	0	0	0	0
96797128	3	18200	0	0	0	0	1
96797128	2	18201	0	0	0	0	0
96797128	1	18200	0	0	0	0	0
96797127	1	21244	0	0	0	0	1
96797127	0	21244	0	0	0	0	0
96797125	6	18038	0	0	0	0	0
96797125	5	18038	0	0	0	0	0
96797125	4	18037	0	0	0	0	1
96797125	3	18037	0	0	0	0	0
96797125	2	18027	0	0	0	0	1
96797125	1	18028	0	0	0	0	0
96797125	0	18027	0	0	0	0	0
96797124	15	23667	0	0	0	0	0
96797124	13	18033	0	0	0	0	1
96797124	12	18034	0	0	0	0	0
96797124	11	18033	0	0	0	0	0
96797124	10	18024	0	0	0	0	1
96797124	9	18025	0	0	0	0	0
96797124	8	18024	0	0	0	0	0
96797124	7	18032	0	0	0	0	1
96797124	6	18032	0	0	0	0	0
96797124	5	18018	0	0	0	0	0
96797124	4	18017	0	0	0	0	0
96797124	2	18016	0	0	0	0	0
96797124	1	18015	0	0	0	0	0
96797124	0	18019	0	0	0	0	0
96797120	2	18026	0	0	0	0	1
96797120	1	18026	0	0	0	0	0
96797120	0	18035	0	0	0	0	0
96797118	9	18825	0	0	0	0	0
96797118	8	18204	0	0	0	0	1
96797118	7	18201	0	0	0	0	0
96797118	6	18204	0	0	0	0	0
96797118	5	18202	0	0	0	0	0
96797118	4	18202	0	0	0	0	0
96797118	3	18200	0	0	0	0	1
96797118	2	18201	0	0	0	0	0
96797118	1	18200	0	0	0	0	0
96797117	1	21244	0	0	0	0	1
96797117	0	21244	0	0	0	0	0
96797115	6	18038	0	0	0	0	0
96797115	5	18038	0	0	0	0	0
96797115	4	18037	0	0	0	0	1
96797115	3	18037	0	0	0	0	0
96797115	2	18027	0	0	0	0	1
96797115	1	18028	0	0	0	0	0
96797115	0	18027	0	0	0	0	0
96797113	15	23667	0	0	0	0	0
96797113	13	18033	0	0	0	0	1
96797113	12	18034	0	0	0	0	0
96797113	11	18033	0	0	0	0	0
96797113	10	18024	0	0	0	0	1
96797113	9	18025	0	0	0	0	0
96797113	8	18024	0	0	0	0	0
96797113	7	18032	0	0	0	0	1
96797113	6	18032	0	0	0	0	0
96797113	5	18018	0	0	0	0	0
96797113	4	18017	0	0	0	0	0
96797113	2	18016	0	0	0	0	0
96797113	1	18015	0	0	0	0	0
96797113	0	18019	0	0	0	0	0
96797109	2	18026	0	0	0	0	1
96797109	1	18026	0	0	0	0	0
96797109	0	18035	0	0	0	0	0
96797107	9	18825	0	0	0	0	0
96797107	8	18204	0	0	0	0	1
96797107	7	18201	0	0	0	0	0
96797107	6	18204	0	0	0	0	0
96797107	5	18202	0	0	0	0	0
96797107	4	18202	0	0	0	0	0
96797107	3	18200	0	0	0	0	1
96797107	2	18201	0	0	0	0	0
96797107	1	18200	0	0	0	0	0
96797106	1	21244	0	0	0	0	1
96797106	0	21244	0	0	0	0	0
96797104	6	18038	0	0	0	0	0
96797104	5	18038	0	0	0	0	0
96797104	4	18037	0	0	0	0	1
96797104	3	18037	0	0	0	0	0
96797104	2	18027	0	0	0	0	1
96797104	1	18028	0	0	0	0	0
96797104	0	18027	0	0	0	0	0
96797102	15	18739	0	0	0	0	0
96797102	13	18033	0	0	0	0	1
96797102	12	18034	0	0	0	0	0
96797102	11	18033	0	0	0	0	0
96797102	10	18024	0	0	0	0	1
96797102	9	18025	0	0	0	0	0
96797102	8	18024	0	0	0	0	0
96797102	7	18032	0	0	0	0	1
96797102	6	18032	0	0	0	0	0
96797102	5	18018	0	0	0	0	0
96797102	4	18017	0	0	0	0	0
96797102	2	18016	0	0	0	0	0
96797102	1	18015	0	0	0	0	0
96797102	0	18019	0	0	0	0	0
96797098	2	18026	0	0	0	0	1
96797098	1	18026	0	0	0	0	0
96797098	0	18035	0	0	0	0	0
96797096	9	18825	0	0	0	0	0
96797096	8	18204	0	0	0	0	1
96797096	7	18201	0	0	0	0	0
96797096	6	18204	0	0	0	0	0
96797096	5	18202	0	0	0	0	0
96797096	4	18202	0	0	0	0	0
96797096	3	18200	0	0	0	0	1
96797096	2	18201	0	0	0	0	0
96797096	1	18200	0	0	0	0	0
96797095	1	21244	0	0	0	0	1
96797095	0	21244	0	0	0	0	0
96797093	6	18038	0	0	0	0	0
96797093	5	18038	0	0	0	0	0
96797093	4	18037	0	0	0	0	1
96797093	3	18037	0	0	0	0	0
96797093	2	18027	0	0	0	0	1
96797093	1	18028	0	0	0	0	0
96797093	0	18027	0	0	0	0	0
96797091	15	18744	0	0	0	0	0
96797091	13	18033	0	0	0	0	1
96797091	12	18034	0	0	0	0	0
96797091	11	18033	0	0	0	0	0
96797091	10	18024	0	0	0	0	1
96797091	9	18025	0	0	0	0	0
96797091	8	18024	0	0	0	0	0
96797091	7	18032	0	0	0	0	1
96797091	6	18032	0	0	0	0	0
96797091	5	18018	0	0	0	0	0
96797091	4	18017	0	0	0	0	0
96797091	2	18016	0	0	0	0	0
96797091	1	18015	0	0	0	0	0
96797091	0	18019	0	0	0	0	0
96797090	15	18426	0	0	0	0	1
96797090	14	18426	0	0	0	0	0
96797090	13	18434	0	0	0	0	0
96797090	12	18433	0	0	0	0	0
96797090	11	18435	0	0	0	0	0
96797090	10	18431	0	0	0	0	0
96797090	9	18430	0	0	0	0	0
96797090	8	18432	0	0	0	0	0
96797090	7	18416	0	0	0	1	0
96797090	6	18416	0	0	0	0	0
96797090	5	18424	0	0	0	0	0
96797090	4	18423	0	0	0	0	0
96797090	3	18425	0	0	0	0	0
96797090	2	18421	0	0	0	0	0
96797090	1	18420	0	0	0	0	0
96797090	0	18422	0	0	0	0	0
96797087	2	18026	0	0	0	0	1
96797087	1	18026	0	0	0	0	0
96797087	0	18035	0	0	0	0	0
96797085	9	18825	0	0	0	0	0
96797085	8	18204	0	0	0	0	1
96797085	7	18201	0	0	0	0	0
96797085	6	18204	0	0	0	0	0
96797085	5	18202	0	0	0	0	0
96797085	4	18202	0	0	0	0	0
96797085	3	18200	0	0	0	0	1
96797085	2	18201	0	0	0	0	0
96797085	1	18200	0	0	0	0	0
96797084	1	21244	0	0	0	0	1
96797084	0	21244	0	0	0	0	0
96797082	6	18038	0	0	0	0	0
96797082	5	18038	0	0	0	0	0
96797082	4	18037	0	0	0	0	1
96797082	3	18037	0	0	0	0	0
96797082	2	18027	0	0	0	0	1
96797082	1	18028	0	0	0	0	0
96797082	0	18027	0	0	0	0	0
96797080	15	28726	0	0	0	0	0
96797080	13	18033	0	0	0	0	1
96797080	12	18034	0	0	0	0	0
96797080	11	18033	0	0	0	0	0
96797080	10	18024	0	0	0	0	1
96797080	9	18025	0	0	0	0	0
96797080	8	18024	0	0	0	0	0
96797080	7	18032	0	0	0	0	1
96797080	6	18032	0	0	0	0	0
96797080	5	18018	0	0	0	0	0
96797080	4	18017	0	0	0	0	0
96797080	2	18016	0	0	0	0	0
96797080	1	18015	0	0	0	0	0
96797080	0	18019	0	0	0	0	0
96797076	2	18026	0	0	0	0	1
96797076	1	18026	0	0	0	0	0
96797076	0	18035	0	0	0	0	0
96797074	9	18825	0	0	0	0	0
96797074	8	18204	0	0	0	0	1
96797074	7	18201	0	0	0	0	0
96797074	6	18204	0	0	0	0	0
96797074	5	18202	0	0	0	0	0
96797074	4	18202	0	0	0	0	0
96797074	3	18200	0	0	0	0	1
96797074	2	18201	0	0	0	0	0
96797074	1	18200	0	0	0	0	0
96797073	1	21244	0	0	0	0	1
96797073	0	21244	0	0	0	0	0
96797071	6	18038	0	0	0	0	0
96797071	5	18038	0	0	0	0	0
96797071	4	18037	0	0	0	0	1
96797071	3	18037	0	0	0	0	0
96797071	2	18027	0	0	0	0	1
96797071	1	18028	0	0	0	0	0
96797071	0	18027	0	0	0	0	0
96797069	15	18740	0	0	0	0	0
96797069	13	18033	0	0	0	0	1
96797069	12	18034	0	0	0	0	0
96797069	11	18033	0	0	0	0	0
96797069	10	18024	0	0	0	0	1
96797069	9	18025	0	0	0	0	0
96797069	8	18024	0	0	0	0	0
96797069	7	18032	0	0	0	0	1
96797069	6	18032	0	0	0	0	0
96797069	5	18018	0	0	0	0	0
96797069	4	18017	0	0	0	0	0
96797069	2	18016	0	0	0	0	0
96797069	1	18015	0	0	0	0	0
96797069	0	18019	0	0	0	0	0
96797065	2	18026	0	0	0	0	1
96797065	1	18026	0	0	0	0	0
96797065	0	18035	0	0	0	0	0
96797063	9	18825	0	0	0	0	0
96797063	8	18204	0	0	0	0	1
96797063	7	18201	0	0	0	0	0
96797063	6	18204	0	0	0	0	0
96797063	5	18202	0	0	0	0	0
96797063	4	18202	0	0	0	0	0
96797063	3	18200	0	0	0	0	1
96797063	2	18201	0	0	0	0	0
96797063	1	18200	0	0	0	0	0
96797062	1	21244	0	0	0	0	1
96797062	0	21244	0	0	0	0	0
96797060	6	18038	0	0	0	0	0
96797060	5	18038	0	0	0	0	0
96797060	4	18037	0	0	0	0	1
96797060	3	18037	0	0	0	0	0
96797060	2	18027	0	0	0	0	1
96797060	1	18028	0	0	0	0	0
96797060	0	18027	0	0	0	0	0
96797058	15	18737	0	0	0	0	0
96797058	13	18033	0	0	0	0	1
96797058	12	18034	0	0	0	0	0
96797058	11	18033	0	0	0	0	0
96797058	10	18024	0	0	0	0	1
96797058	9	18025	0	0	0	0	0
96797058	8	18024	0	0	0	0	0
96797058	7	18032	0	0	0	0	1
96797058	6	18032	0	0	0	0	0
96797058	5	18018	0	0	0	0	0
96797058	4	18017	0	0	0	0	0
96797058	2	18016	0	0	0	0	0
96797058	1	18015	0	0	0	0	0
96797058	0	18019	0	0	0	0	0
96797054	2	18026	0	0	0	0	1
96797054	1	18026	0	0	0	0	0
96797054	0	18035	0	0	0	0	0
96797052	9	18825	0	0	0	0	0
96797052	8	18204	0	0	0	0	1
96797052	7	18201	0	0	0	0	0
96797052	6	18204	0	0	0	0	0
96797052	5	18202	0	0	0	0	0
96797052	4	18202	0	0	0	0	0
96797052	3	18200	0	0	0	0	1
96797052	2	18201	0	0	0	0	0
96797052	1	18200	0	0	0	0	0
96797051	1	21244	0	0	0	0	1
96797051	0	21244	0	0	0	0	0
96797049	6	18038	0	0	0	0	0
96797049	5	18038	0	0	0	0	0
96797049	4	18037	0	0	0	0	1
96797049	3	18037	0	0	0	0	0
96797049	2	18027	0	0	0	0	1
96797049	1	18028	0	0	0	0	0
96797049	0	18027	0	0	0	0	0
96797047	15	18745	0	0	0	0	0
96797047	13	18033	0	0	0	0	1
96797047	12	18034	0	0	0	0	0
96797047	11	18033	0	0	0	0	0
96797047	10	18024	0	0	0	0	1
96797047	9	18025	0	0	0	0	0
96797047	8	18024	0	0	0	0	0
96797047	7	18032	0	0	0	0	1
96797047	6	18032	0	0	0	0	0
96797047	5	18018	0	0	0	0	0
96797047	4	18017	0	0	0	0	0
96797047	2	18016	0	0	0	0	0
96797047	1	18015	0	0	0	0	0
96797047	0	18019	0	0	0	0	0
96797046	15	18426	0	0	0	0	1
96797046	14	18426	0	0	0	0	0
96797046	13	18434	0	0	0	0	0
96797046	12	18433	0	0	0	0	0
96797046	11	18435	0	0	0	0	0
96797046	10	18431	0	0	0	0	0
96797046	9	18430	0	0	0	0	0
96797046	8	18432	0	0	0	0	0
96797046	7	18416	0	0	0	1	0
96797046	6	18416	0	0	0	0	0
96797046	5	18424	0	0	0	0	0
96797046	4	18423	0	0	0	0	0
96797046	3	18425	0	0	0	0	0
96797046	2	18421	0	0	0	0	0
96797046	1	18420	0	0	0	0	0
96797046	0	18422	0	0	0	0	0
96797043	2	18026	0	0	0	0	1
96797043	1	18026	0	0	0	0	0
96797043	0	18035	0	0	0	0	0
96797041	9	18825	0	0	0	0	0
96797041	8	18204	0	0	0	0	1
96797041	7	18201	0	0	0	0	0
96797041	6	18204	0	0	0	0	0
96797041	5	18202	0	0	0	0	0
96797041	4	18202	0	0	0	0	0
96797041	3	18200	0	0	0	0	1
96797041	2	18201	0	0	0	0	0
96797041	1	18200	0	0	0	0	0
96797040	1	21244	0	0	0	0	1
96797040	0	21244	0	0	0	0	0
96797038	6	18038	0	0	0	0	0
96797038	5	18038	0	0	0	0	0
96797038	4	18037	0	0	0	0	1
96797038	3	18037	0	0	0	0	0
96797038	2	18027	0	0	0	0	1
96797038	1	18028	0	0	0	0	0
96797038	0	18027	0	0	0	0	0
96797036	15	18738	0	0	0	0	0
96797036	13	18033	0	0	0	0	1
96797036	12	18034	0	0	0	0	0
96797036	11	18033	0	0	0	0	0
96797036	10	18024	0	0	0	0	1
96797036	9	18025	0	0	0	0	0
96797036	8	18024	0	0	0	0	0
96797036	7	18032	0	0	0	0	1
96797036	6	18032	0	0	0	0	0
96797036	5	18018	0	0	0	0	0
96797036	4	18017	0	0	0	0	0
96797036	2	18016	0	0	0	0	0
96797036	1	18015	0	0	0	0	0
96797036	0	18019	0	0	0	0	0
96797035	15	18426	0	0	0	0	1
96797035	14	18426	0	0	0	0	0
96797035	13	18434	0	0	0	0	0
96797035	12	18433	0	0	0	0	0
96797035	11	18435	0	0	0	0	0
96797035	10	18431	0	0	0	0	0
96797035	9	18430	0	0	0	0	0
96797035	8	18432	0	0	0	0	0
96797035	7	18416	0	0	0	1	0
96797035	6	18416	0	0	0	0	0
96797035	5	18424	0	0	0	0	0
96797035	4	18423	0	0	0	0	0
96797035	3	18425	0	0	0	0	0
96797035	2	18421	0	0	0	0	0
96797035	1	18420	0	0	0	0	0
96797035	0	18422	0	0	0	0	0
96797032	2	18026	0	0	0	0	1
96797032	1	18026	0	0	0	0	0
96797032	0	18035	0	0	0	0	0
96797030	9	18825	0	0	0	0	0
96797030	8	18204	0	0	0	0	1
96797030	7	18201	0	0	0	0	0
96797030	6	18204	0	0	0	0	0
96797030	5	18202	0	0	0	0	0
96797030	4	18202	0	0	0	0	0
96797030	3	18200	0	0	0	0	1
96797030	2	18201	0	0	0	0	0
96797030	1	18200	0	0	0	0	0
96797029	1	21244	0	0	0	0	1
96797029	0	21244	0	0	0	0	0
96797026	6	18038	0	0	0	0	0
96797026	5	18038	0	0	0	0	0
96797026	4	18037	0	0	0	0	1
96797026	3	18037	0	0	0	0	0
96797026	2	18027	0	0	0	0	1
96797026	1	18028	0	0	0	0	0
96797026	0	18027	0	0	0	0	0
96797025	15	18749	0	0	0	0	0
96797025	13	18033	0	0	0	0	1
96797025	12	18034	0	0	0	0	0
96797025	11	18033	0	0	0	0	0
96797025	10	18024	0	0	0	0	1
96797025	9	18025	0	0	0	0	0
96797025	8	18024	0	0	0	0	0
96797025	7	18032	0	0	0	0	1
96797025	6	18032	0	0	0	0	0
96797025	5	18018	0	0	0	0	0
96797025	4	18017	0	0	0	0	0
96797025	2	18016	0	0	0	0	0
96797025	1	18015	0	0	0	0	0
96797025	0	18019	0	0	0	0	0
96797024	15	18426	0	0	0	0	1
96797024	14	18426	0	0	0	0	0
96797024	13	18434	0	0	0	0	0
96797024	12	18433	0	0	0	0	0
96797024	11	18435	0	0	0	0	0
96797024	10	18431	0	0	0	0	0
96797024	9	18430	0	0	0	0	0
96797024	8	18432	0	0	0	0	0
96797024	7	18416	0	0	0	1	0
96797024	6	18416	0	0	0	0	0
96797024	5	18424	0	0	0	0	0
96797024	4	18423	0	0	0	0	0
96797024	3	18425	0	0	0	0	0
96797024	2	18421	0	0	0	0	0
96797024	1	18420	0	0	0	0	0
96797024	0	18422	0	0	0	0	0
96797022	2	18026	0	0	0	0	1
96797022	1	18026	0	0	0	0	0
96797022	0	18035	0	0	0	0	0
96797020	9	18825	0	0	0	0	0
96797020	8	18204	0	0	0	0	1
96797020	7	18201	0	0	0	0	0
96797020	6	18204	0	0	0	0	0
96797020	5	18202	0	0	0	0	0
96797020	4	18202	0	0	0	0	0
96797020	3	18200	0	0	0	0	1
96797020	2	18201	0	0	0	0	0
96797020	1	18200	0	0	0	0	0
96797019	1	21244	0	0	0	0	1
96797019	0	21244	0	0	0	0	0
96797017	6	18038	0	0	0	0	0
96797017	5	18038	0	0	0	0	0
96797017	4	18037	0	0	0	0	1
96797017	3	18037	0	0	0	0	0
96797017	2	18027	0	0	0	0	1
96797017	1	18028	0	0	0	0	0
96797017	0	18027	0	0	0	0	0
96797015	15	31255	0	0	0	0	0
96797015	13	18033	0	0	0	0	1
96797015	12	18034	0	0	0	0	0
96797015	11	18033	0	0	0	0	0
96797015	10	18024	0	0	0	0	1
96797015	9	18025	0	0	0	0	0
96797015	8	18024	0	0	0	0	0
96797015	7	18032	0	0	0	0	1
96797015	6	18032	0	0	0	0	0
96797015	5	18018	0	0	0	0	0
96797015	4	18017	0	0	0	0	0
96797015	2	18016	0	0	0	0	0
96797015	1	18015	0	0	0	0	0
96797015	0	18019	0	0	0	0	0
96797011	2	18026	0	0	0	0	1
96797011	1	18026	0	0	0	0	0
96797011	0	18035	0	0	0	0	0
96797009	9	18825	0	0	0	0	0
96797009	8	18204	0	0	0	0	1
96797009	7	18201	0	0	0	0	0
96797009	6	18204	0	0	0	0	0
96797009	5	18202	0	0	0	0	0
96797009	4	18202	0	0	0	0	0
96797009	3	18200	0	0	0	0	1
96797009	2	18201	0	0	0	0	0
96797009	1	18200	0	0	0	0	0
96797008	1	21244	0	0	0	0	1
96797008	0	21244	0	0	0	0	0
96797006	6	18038	0	0	0	0	0
96797006	5	18038	0	0	0	0	0
96797006	4	18037	0	0	0	0	1
96797006	3	18037	0	0	0	0	0
96797006	2	18027	0	0	0	0	1
96797006	1	18028	0	0	0	0	0
96797006	0	18027	0	0	0	0	0
96797004	15	31259	0	0	0	0	0
96797004	13	18033	0	0	0	0	1
96797004	12	18034	0	0	0	0	0
96797004	11	18033	0	0	0	0	0
96797004	10	18024	0	0	0	0	1
96797004	9	18025	0	0	0	0	0
96797004	8	18024	0	0	0	0	0
96797004	7	18032	0	0	0	0	1
96797004	6	18032	0	0	0	0	0
96797004	5	18018	0	0	0	0	0
96797004	4	18017	0	0	0	0	0
96797004	2	18016	0	0	0	0	0
96797004	1	18015	0	0	0	0	0
96797004	0	18019	0	0	0	0	0
96797000	2	18026	0	0	0	0	1
96797000	1	18026	0	0	0	0	0
96797000	0	18035	0	0	0	0	0
96796998	9	18825	0	0	0	0	0
96796998	8	18204	0	0	0	0	1
96796998	7	18201	0	0	0	0	0
96796998	6	18204	0	0	0	0	0
96796998	5	18202	0	0	0	0	0
96796998	4	18202	0	0	0	0	0
96796998	3	18200	0	0	0	0	1
96796998	2	18201	0	0	0	0	0
96796998	1	18200	0	0	0	0	0
96796997	1	21244	0	0	0	0	1
96796997	0	21244	0	0	0	0	0
96796995	6	18038	0	0	0	0	0
96796995	5	18038	0	0	0	0	0
96796995	4	18037	0	0	0	0	1
96796995	3	18037	0	0	0	0	0
96796995	2	18027	0	0	0	0	1
96796995	1	18028	0	0	0	0	0
96796995	0	18027	0	0	0	0	0
96796993	15	18725	0	0	0	0	0
96796993	13	18033	0	0	0	0	1
96796993	12	18034	0	0	0	0	0
96796993	11	18033	0	0	0	0	0
96796993	10	18024	0	0	0	0	1
96796993	9	18025	0	0	0	0	0
96796993	8	18024	0	0	0	0	0
96796993	7	18032	0	0	0	0	1
96796993	6	18032	0	0	0	0	0
96796993	5	18018	0	0	0	0	0
96796993	4	18017	0	0	0	0	0
96796993	2	18016	0	0	0	0	0
96796993	1	18015	0	0	0	0	0
96796993	0	18019	0	0	0	0	0
96796989	2	18026	0	0	0	0	1
96796989	1	18026	0	0	0	0	0
96796989	0	18035	0	0	0	0	0
96796987	9	18825	0	0	0	0	0
96796987	8	18204	0	0	0	0	1
96796987	7	18201	0	0	0	0	0
96796987	6	18204	0	0	0	0	0
96796987	5	18202	0	0	0	0	0
96796987	4	18202	0	0	0	0	0
96796987	3	18200	0	0	0	0	1
96796987	2	18201	0	0	0	0	0
96796987	1	18200	0	0	0	0	0
96796986	1	21244	0	0	0	0	1
96796986	0	21244	0	0	0	0	0
96796984	6	18038	0	0	0	0	0
96796984	5	18038	0	0	0	0	0
96796984	4	18037	0	0	0	0	1
96796984	3	18037	0	0	0	0	0
96796984	2	18027	0	0	0	0	1
96796984	1	18028	0	0	0	0	0
96796984	0	18027	0	0	0	0	0
96796982	15	31275	0	0	0	0	0
96796982	13	18033	0	0	0	0	1
96796982	12	18034	0	0	0	0	0
96796982	11	18033	0	0	0	0	0
96796982	10	18024	0	0	0	0	1
96796982	9	18025	0	0	0	0	0
96796982	8	18024	0	0	0	0	0
96796982	7	18032	0	0	0	0	1
96796982	6	18032	0	0	0	0	0
96796982	5	18018	0	0	0	0	0
96796982	4	18017	0	0	0	0	0
96796982	2	18016	0	0	0	0	0
96796982	1	18015	0	0	0	0	0
96796982	0	18019	0	0	0	0	0
96796978	2	18026	0	0	0	0	1
96796978	1	18026	0	0	0	0	0
96796978	0	18035	0	0	0	0	0
96796976	9	18825	0	0	0	0	0
96796976	8	18204	0	0	0	0	1
96796976	7	18201	0	0	0	0	0
96796976	6	18204	0	0	0	0	0
96796976	5	18202	0	0	0	0	0
96796976	4	18202	0	0	0	0	0
96796976	3	18200	0	0	0	0	1
96796976	2	18201	0	0	0	0	0
96796976	1	18200	0	0	0	0	0
96796975	1	21244	0	0	0	0	1
96796975	0	21244	0	0	0	0	0
96796973	6	18038	0	0	0	0	0
96796973	5	18038	0	0	0	0	0
96796973	4	18037	0	0	0	0	1
96796973	3	18037	0	0	0	0	0
96796973	2	18027	0	0	0	0	1
96796973	1	18028	0	0	0	0	0
96796973	0	18027	0	0	0	0	0
96796971	15	31283	0	0	0	0	0
96796971	13	18033	0	0	0	0	1
96796971	12	18034	0	0	0	0	0
96796971	11	18033	0	0	0	0	0
96796971	10	18024	0	0	0	0	1
96796971	9	18025	0	0	0	0	0
96796971	8	18024	0	0	0	0	0
96796971	7	18032	0	0	0	0	1
96796971	6	18032	0	0	0	0	0
96796971	5	18018	0	0	0	0	0
96796971	4	18017	0	0	0	0	0
96796971	2	18016	0	0	0	0	0
96796971	1	18015	0	0	0	0	0
96796971	0	18019	0	0	0	0	0
96796967	2	18026	0	0	0	0	1
96796967	1	18026	0	0	0	0	0
96796967	0	18035	0	0	0	0	0
96796965	9	18825	0	0	0	0	0
96796965	8	18204	0	0	0	0	1
96796965	7	18201	0	0	0	0	0
96796965	6	18204	0	0	0	0	0
96796965	5	18202	0	0	0	0	0
96796965	4	18202	0	0	0	0	0
96796965	3	18200	0	0	0	0	1
96796965	2	18201	0	0	0	0	0
96796965	1	18200	0	0	0	0	0
96796964	1	21244	0	0	0	0	1
96796964	0	21244	0	0	0	0	0
96796962	6	18038	0	0	0	0	0
96796962	5	18038	0	0	0	0	0
96796962	4	18037	0	0	0	0	1
96796962	3	18037	0	0	0	0	0
96796962	2	18027	0	0	0	0	1
96796962	1	18028	0	0	0	0	0
96796962	0	18027	0	0	0	0	0
96796960	15	31251	0	0	0	0	0
96796960	13	18033	0	0	0	0	1
96796960	12	18034	0	0	0	0	0
96796960	11	18033	0	0	0	0	0
96796960	10	18024	0	0	0	0	1
96796960	9	18025	0	0	0	0	0
96796960	8	18024	0	0	0	0	0
96796960	7	18032	0	0	0	0	1
96796960	6	18032	0	0	0	0	0
96796960	5	18018	0	0	0	0	0
96796960	4	18017	0	0	0	0	0
96796960	2	18016	0	0	0	0	0
96796960	1	18015	0	0	0	0	0
96796960	0	18019	0	0	0	0	0
96796956	2	18026	0	0	0	0	1
96796956	1	18026	0	0	0	0	0
96796956	0	18035	0	0	0	0	0
96796954	9	18825	0	0	0	0	0
96796954	8	18204	0	0	0	0	1
96796954	7	18201	0	0	0	0	0
96796954	6	18204	0	0	0	0	0
96796954	5	18202	0	0	0	0	0
96796954	4	18202	0	0	0	0	0
96796954	3	18200	0	0	0	0	1
96796954	2	18201	0	0	0	0	0
96796954	1	18200	0	0	0	0	0
96796953	1	21244	0	0	0	0	1
96796953	0	21244	0	0	0	0	0
96796951	6	18038	0	0	0	0	0
96796951	5	18038	0	0	0	0	0
96796951	4	18037	0	0	0	0	1
96796951	3	18037	0	0	0	0	0
96796951	2	18027	0	0	0	0	1
96796951	1	18028	0	0	0	0	0
96796951	0	18027	0	0	0	0	0
96796949	15	31263	0	0	0	0	0
96796949	13	18033	0	0	0	0	1
96796949	12	18034	0	0	0	0	0
96796949	11	18033	0	0	0	0	0
96796949	10	18024	0	0	0	0	1
96796949	9	18025	0	0	0	0	0
96796949	8	18024	0	0	0	0	0
96796949	7	18032	0	0	0	0	1
96796949	6	18032	0	0	0	0	0
96796949	5	18018	0	0	0	0	0
96796949	4	18017	0	0	0	0	0
96796949	2	18016	0	0	0	0	0
96796949	1	18015	0	0	0	0	0
96796949	0	18019	0	0	0	0	0
96796945	2	18026	0	0	0	0	1
96796945	1	18026	0	0	0	0	0
96796945	0	18035	0	0	0	0	0
96796943	9	18825	0	0	0	0	0
96796943	8	18204	0	0	0	0	1
96796943	7	18201	0	0	0	0	0
96796943	6	18204	0	0	0	0	0
96796943	5	18202	0	0	0	0	0
96796943	4	18202	0	0	0	0	0
96796943	3	18200	0	0	0	0	1
96796943	2	18201	0	0	0	0	0
96796943	1	18200	0	0	0	0	0
96796942	1	21244	0	0	0	0	1
96796942	0	21244	0	0	0	0	0
96796940	6	18038	0	0	0	0	0
96796940	5	18038	0	0	0	0	0
96796940	4	18037	0	0	0	0	1
96796940	3	18037	0	0	0	0	0
96796940	2	18027	0	0	0	0	1
96796940	1	18028	0	0	0	0	0
96796940	0	18027	0	0	0	0	0
96796938	15	32069	0	0	0	0	0
96796938	13	18033	0	0	0	0	1
96796938	12	18034	0	0	0	0	0
96796938	11	18033	0	0	0	0	0
96796938	10	18024	0	0	0	0	1
96796938	9	18025	0	0	0	0	0
96796938	8	18024	0	0	0	0	0
96796938	7	18032	0	0	0	0	1
96796938	6	18032	0	0	0	0	0
96796938	5	18018	0	0	0	0	0
96796938	4	18017	0	0	0	0	0
96796938	2	18016	0	0	0	0	0
96796938	1	18015	0	0	0	0	0
96796938	0	18019	0	0	0	0	0
96796934	2	18026	0	0	0	0	1
96796934	1	18026	0	0	0	0	0
96796934	0	18035	0	0	0	0	0
96796932	9	18825	0	0	0	0	0
96796932	8	18204	0	0	0	0	1
96796932	7	18201	0	0	0	0	0
96796932	6	18204	0	0	0	0	0
96796932	5	18202	0	0	0	0	0
96796932	4	18202	0	0	0	0	0
96796932	3	18200	0	0	0	0	1
96796932	2	18201	0	0	0	0	0
96796932	1	18200	0	0	0	0	0
96796931	1	21244	0	0	0	0	1
96796931	0	21244	0	0	0	0	0
96796929	6	18038	0	0	0	0	0
96796929	5	18038	0	0	0	0	0
96796929	4	18037	0	0	0	0	1
96796929	3	18037	0	0	0	0	0
96796929	2	18027	0	0	0	0	1
96796929	1	18028	0	0	0	0	0
96796929	0	18027	0	0	0	0	0
96796927	15	31271	0	0	0	0	0
96796927	13	18033	0	0	0	0	1
96796927	12	18034	0	0	0	0	0
96796927	11	18033	0	0	0	0	0
96796927	10	18024	0	0	0	0	1
96796927	9	18025	0	0	0	0	0
96796927	8	18024	0	0	0	0	0
96796927	7	18032	0	0	0	0	1
96796927	6	18032	0	0	0	0	0
96796927	5	18018	0	0	0	0	0
96796927	4	18017	0	0	0	0	0
96796927	2	18016	0	0	0	0	0
96796927	1	18015	0	0	0	0	0
96796927	0	18019	0	0	0	0	0
96796923	2	18026	0	0	0	0	1
96796923	1	18026	0	0	0	0	0
96796923	0	18035	0	0	0	0	0
96796921	9	18825	0	0	0	0	0
96796921	8	18204	0	0	0	0	1
96796921	7	18201	0	0	0	0	0
96796921	6	18204	0	0	0	0	0
96796921	5	18202	0	0	0	0	0
96796921	4	18202	0	0	0	0	0
96796921	3	18200	0	0	0	0	1
96796921	2	18201	0	0	0	0	0
96796921	1	18200	0	0	0	0	0
96796920	1	21244	0	0	0	0	1
96796920	0	21244	0	0	0	0	0
96796918	6	18038	0	0	0	0	0
96796918	5	18038	0	0	0	0	0
96796918	4	18037	0	0	0	0	1
96796918	3	18037	0	0	0	0	0
96796918	2	18027	0	0	0	0	1
96796918	1	18028	0	0	0	0	0
96796918	0	18027	0	0	0	0	0
96796916	15	31279	0	0	0	0	0
96796916	13	18033	0	0	0	0	1
96796916	12	18034	0	0	0	0	0
96796916	11	18033	0	0	0	0	0
96796916	10	18024	0	0	0	0	1
96796916	9	18025	0	0	0	0	0
96796916	8	18024	0	0	0	0	0
96796916	7	18032	0	0	0	0	1
96796916	6	18032	0	0	0	0	0
96796916	5	18018	0	0	0	0	0
96796916	4	18017	0	0	0	0	0
96796916	2	18016	0	0	0	0	0
96796916	1	18015	0	0	0	0	0
96796916	0	18019	0	0	0	0	0
96796912	2	18026	0	0	0	0	1
96796912	1	18026	0	0	0	0	0
96796912	0	18035	0	0	0	0	0
96796910	9	18825	0	0	0	0	0
96796910	8	18204	0	0	0	0	1
96796910	7	18201	0	0	0	0	0
96796910	6	18204	0	0	0	0	0
96796910	5	18202	0	0	0	0	0
96796910	4	18202	0	0	0	0	0
96796910	3	18200	0	0	0	0	1
96796910	2	18201	0	0	0	0	0
96796910	1	18200	0	0	0	0	0
96796909	1	21244	0	0	0	0	1
96796909	0	21244	0	0	0	0	0
96796907	6	18038	0	0	0	0	0
96796907	5	18038	0	0	0	0	0
96796907	4	18037	0	0	0	0	1
96796907	3	18037	0	0	0	0	0
96796907	2	18027	0	0	0	0	1
96796907	1	18028	0	0	0	0	0
96796907	0	18027	0	0	0	0	0
96796905	15	32073	0	0	0	0	0
96796905	13	18033	0	0	0	0	1
96796905	12	18034	0	0	0	0	0
96796905	11	18033	0	0	0	0	0
96796905	10	18024	0	0	0	0	1
96796905	9	18025	0	0	0	0	0
96796905	8	18024	0	0	0	0	0
96796905	7	18032	0	0	0	0	1
96796905	6	18032	0	0	0	0	0
96796905	5	18018	0	0	0	0	0
96796905	4	18017	0	0	0	0	0
96796905	2	18016	0	0	0	0	0
96796905	1	18015	0	0	0	0	0
96796905	0	18019	0	0	0	0	0
96796901	2	18026	0	0	0	0	1
96796901	1	18026	0	0	0	0	0
96796901	0	18035	0	0	0	0	0
96796899	9	18825	0	0	0	0	0
96796899	8	18204	0	0	0	0	1
96796899	7	18201	0	0	0	0	0
96796899	6	18204	0	0	0	0	0
96796899	5	18202	0	0	0	0	0
96796899	4	18202	0	0	0	0	0
96796899	3	18200	0	0	0	0	1
96796899	2	18201	0	0	0	0	0
96796899	1	18200	0	0	0	0	0
96796898	1	21244	0	0	0	0	1
96796898	0	21244	0	0	0	0	0
96796896	6	18038	0	0	0	0	0
96796896	5	18038	0	0	0	0	0
96796896	4	18037	0	0	0	0	1
96796896	3	18037	0	0	0	0	0
96796896	2	18027	0	0	0	0	1
96796896	1	18028	0	0	0	0	0
96796896	0	18027	0	0	0	0	0
96796894	15	31267	0	0	0	0	0
96796894	13	18033	0	0	0	0	1
96796894	12	18034	0	0	0	0	0
96796894	11	18033	0	0	0	0	0
96796894	10	18024	0	0	0	0	1
96796894	9	18025	0	0	0	0	0
96796894	8	18024	0	0	0	0	0
96796894	7	18032	0	0	0	0	1
96796894	6	18032	0	0	0	0	0
96796894	5	18018	0	0	0	0	0
96796894	4	18017	0	0	0	0	0
96796894	2	18016	0	0	0	0	0
96796894	1	18015	0	0	0	0	0
96796894	0	18019	0	0	0	0	0
96796890	2	18026	0	0	0	0	1
96796890	1	18026	0	0	0	0	0
96796890	0	18035	0	0	0	0	0
96796888	9	18825	0	0	0	0	0
96796888	8	18204	0	0	0	0	1
96796888	7	18201	0	0	0	0	0
96796888	6	18204	0	0	0	0	0
96796888	5	18202	0	0	0	0	0
96796888	4	18202	0	0	0	0	0
96796888	3	18200	0	0	0	0	1
96796888	2	18201	0	0	0	0	0
96796888	1	18200	0	0	0	0	0
96796887	1	21244	0	0	0	0	1
96796887	0	21244	0	0	0	0	0
96796885	6	18038	0	0	0	0	0
96796885	5	18038	0	0	0	0	0
96796885	4	18037	0	0	0	0	1
96796885	3	18037	0	0	0	0	0
96796885	2	18027	0	0	0	0	1
96796885	1	18028	0	0	0	0	0
96796885	0	18027	0	0	0	0	0
96796883	15	18734	0	0	0	0	0
96796883	13	18033	0	0	0	0	1
96796883	12	18034	0	0	0	0	0
96796883	11	18033	0	0	0	0	0
96796883	10	18024	0	0	0	0	1
96796883	9	18025	0	0	0	0	0
96796883	8	18024	0	0	0	0	0
96796883	7	18032	0	0	0	0	1
96796883	6	18032	0	0	0	0	0
96796883	5	18018	0	0	0	0	0
96796883	4	18017	0	0	0	0	0
96796883	2	18016	0	0	0	0	0
96796883	1	18015	0	0	0	0	0
96796883	0	18019	0	0	0	0	0
96796879	2	18026	0	0	0	0	1
96796879	1	18026	0	0	0	0	0
96796879	0	18035	0	0	0	0	0
96796877	9	18825	0	0	0	0	0
96796877	8	18204	0	0	0	0	1
96796877	7	18201	0	0	0	0	0
96796877	6	18204	0	0	0	0	0
96796877	5	18202	0	0	0	0	0
96796877	4	18202	0	0	0	0	0
96796877	3	18200	0	0	0	0	1
96796877	2	18201	0	0	0	0	0
96796877	1	18200	0	0	0	0	0
96796876	1	21244	0	0	0	0	1
96796876	0	21244	0	0	0	0	0
96796874	6	18038	0	0	0	0	0
96796874	5	18038	0	0	0	0	0
96796874	4	18037	0	0	0	0	1
96796874	3	18037	0	0	0	0	0
96796874	2	18027	0	0	0	0	1
96796874	1	18028	0	0	0	0	0
96796874	0	18027	0	0	0	0	0
96796872	15	18748	0	0	0	0	0
96796872	13	18033	0	0	0	0	1
96796872	12	18034	0	0	0	0	0
96796872	11	18033	0	0	0	0	0
96796872	10	18024	0	0	0	0	1
96796872	9	18025	0	0	0	0	0
96796872	8	18024	0	0	0	0	0
96796872	7	18032	0	0	0	0	1
96796872	6	18032	0	0	0	0	0
96796872	5	18018	0	0	0	0	0
96796872	4	18017	0	0	0	0	0
96796872	2	18016	0	0	0	0	0
96796872	1	18015	0	0	0	0	0
96796872	0	18019	0	0	0	0	0
96796871	15	18426	0	0	0	0	1
96796871	14	18426	0	0	0	0	0
96796871	13	18434	0	0	0	0	0
96796871	12	18433	0	0	0	0	0
96796871	11	18435	0	0	0	0	0
96796871	10	18431	0	0	0	0	0
96796871	9	18430	0	0	0	0	0
96796871	8	18432	0	0	0	0	0
96796871	7	18416	0	0	0	1	0
96796871	6	18416	0	0	0	0	0
96796871	5	18424	0	0	0	0	0
96796871	4	18423	0	0	0	0	0
96796871	3	18425	0	0	0	0	0
96796871	2	18421	0	0	0	0	0
96796871	1	18420	0	0	0	0	0
96796871	0	18422	0	0	0	0	0
96796868	2	18026	0	0	0	0	1
96796868	1	18026	0	0	0	0	0
96796868	0	18035	0	0	0	0	0
96796866	9	18825	0	0	0	0	0
96796866	8	18204	0	0	0	0	1
96796866	7	18201	0	0	0	0	0
96796866	6	18204	0	0	0	0	0
96796866	5	18202	0	0	0	0	0
96796866	4	18202	0	0	0	0	0
96796866	3	18200	0	0	0	0	1
96796866	2	18201	0	0	0	0	0
96796866	1	18200	0	0	0	0	0
96796865	1	21244	0	0	0	0	1
96796865	0	21244	0	0	0	0	0
96796863	6	18038	0	0	0	0	0
96796863	5	18038	0	0	0	0	0
96796863	4	18037	0	0	0	0	1
96796863	3	18037	0	0	0	0	0
96796863	2	18027	0	0	0	0	1
96796863	1	18028	0	0	0	0	0
96796863	0	18027	0	0	0	0	0
96796861	15	18733	0	0	0	0	0
96796861	13	18033	0	0	0	0	1
96796861	12	18034	0	0	0	0	0
96796861	11	18033	0	0	0	0	0
96796861	10	18024	0	0	0	0	1
96796861	9	18025	0	0	0	0	0
96796861	8	18024	0	0	0	0	0
96796861	7	18032	0	0	0	0	1
96796861	6	18032	0	0	0	0	0
96796861	5	18018	0	0	0	0	0
96796861	4	18017	0	0	0	0	0
96796861	2	18016	0	0	0	0	0
96796861	1	18015	0	0	0	0	0
96796861	0	18019	0	0	0	0	0
96796857	2	18026	0	0	0	0	1
96796857	1	18026	0	0	0	0	0
96796857	0	18035	0	0	0	0	0
96796855	9	18825	0	0	0	0	0
96796855	8	18204	0	0	0	0	1
96796855	7	18201	0	0	0	0	0
96796855	6	18204	0	0	0	0	0
96796855	5	18202	0	0	0	0	0
96796855	4	18202	0	0	0	0	0
96796855	3	18200	0	0	0	0	1
96796855	2	18201	0	0	0	0	0
96796855	1	18200	0	0	0	0	0
96796854	1	21244	0	0	0	0	1
96796854	0	21244	0	0	0	0	0
96796852	6	18038	0	0	0	0	0
96796852	5	18038	0	0	0	0	0
96796852	4	18037	0	0	0	0	1
96796852	3	18037	0	0	0	0	0
96796852	2	18027	0	0	0	0	1
96796852	1	18028	0	0	0	0	0
96796852	0	18027	0	0	0	0	0
96796850	15	21863	0	0	0	0	0
96796850	13	18033	0	0	0	0	1
96796850	12	18034	0	0	0	0	0
96796850	11	18033	0	0	0	0	0
96796850	10	18024	0	0	0	0	1
96796850	9	18025	0	0	0	0	0
96796850	8	18024	0	0	0	0	0
96796850	7	18032	0	0	0	0	1
96796850	6	18032	0	0	0	0	0
96796850	5	18018	0	0	0	0	0
96796850	4	18017	0	0	0	0	0
96796850	2	18016	0	0	0	0	0
96796850	1	18015	0	0	0	0	0
96796850	0	18019	0	0	0	0	0
96796847	2	18026	0	0	0	0	1
96796847	1	18026	0	0	0	0	0
96796847	0	18035	0	0	0	0	0
96796845	9	18825	0	0	0	0	0
96796845	8	18204	0	0	0	0	1
96796845	7	18201	0	0	0	0	0
96796845	6	18204	0	0	0	0	0
96796845	5	18202	0	0	0	0	0
96796845	4	18202	0	0	0	0	0
96796845	3	18200	0	0	0	0	1
96796845	2	18201	0	0	0	0	0
96796845	1	18200	0	0	0	0	0
96796844	1	21244	0	0	0	0	1
96796844	0	21244	0	0	0	0	0
96796842	6	18038	0	0	0	0	0
96796842	5	18038	0	0	0	0	0
96796842	4	18037	0	0	0	0	1
96796842	3	18037	0	0	0	0	0
96796842	2	18027	0	0	0	0	1
96796842	1	18028	0	0	0	0	0
96796842	0	18027	0	0	0	0	0
96796840	15	21173	0	0	0	0	0
96796840	13	18033	0	0	0	0	1
96796840	12	18034	0	0	0	0	0
96796840	11	18033	0	0	0	0	0
96796840	10	18024	0	0	0	0	1
96796840	9	18025	0	0	0	0	0
96796840	8	18024	0	0	0	0	0
96796840	7	18032	0	0	0	0	1
96796840	6	18032	0	0	0	0	0
96796840	5	18018	0	0	0	0	0
96796840	4	18017	0	0	0	0	0
96796840	2	18016	0	0	0	0	0
96796840	1	18015	0	0	0	0	0
96796840	0	18019	0	0	0	0	0
96796837	2	18026	0	0	0	0	1
96796837	1	18026	0	0	0	0	0
96796837	0	18035	0	0	0	0	0
96796835	9	18825	0	0	0	0	0
96796835	8	18204	0	0	0	0	1
96796835	7	18201	0	0	0	0	0
96796835	6	18204	0	0	0	0	0
96796835	5	18202	0	0	0	0	0
96796835	4	18202	0	0	0	0	0
96796835	3	18200	0	0	0	0	1
96796835	2	18201	0	0	0	0	0
96796835	1	18200	0	0	0	0	0
96796834	1	21244	0	0	0	0	1
96796834	0	21244	0	0	0	0	0
96796832	6	18038	0	0	0	0	0
96796832	5	18038	0	0	0	0	0
96796832	4	18037	0	0	0	0	1
96796832	3	18037	0	0	0	0	0
96796832	2	18027	0	0	0	0	1
96796832	1	18028	0	0	0	0	0
96796832	0	18027	0	0	0	0	0
96796830	15	18731	0	0	0	0	0
96796830	13	18033	0	0	0	0	1
96796830	12	18034	0	0	0	0	0
96796830	11	18033	0	0	0	0	0
96796830	10	18024	0	0	0	0	1
96796830	9	18025	0	0	0	0	0
96796830	8	18024	0	0	0	0	0
96796830	7	18032	0	0	0	0	1
96796830	6	18032	0	0	0	0	0
96796830	5	18018	0	0	0	0	0
96796830	4	18017	0	0	0	0	0
96796830	2	18016	0	0	0	0	0
96796830	1	18015	0	0	0	0	0
96796830	0	18019	0	0	0	0	0
96796827	2	18026	0	0	0	0	1
96796827	1	18026	0	0	0	0	0
96796827	0	18035	0	0	0	0	0
96796825	9	18825	0	0	0	0	0
96796825	8	18204	0	0	0	0	1
96796825	7	18201	0	0	0	0	0
96796825	6	18204	0	0	0	0	0
96796825	5	18202	0	0	0	0	0
96796825	4	18202	0	0	0	0	0
96796825	3	18200	0	0	0	0	1
96796825	2	18201	0	0	0	0	0
96796825	1	18200	0	0	0	0	0
96796824	1	21244	0	0	0	0	1
96796824	0	21244	0	0	0	0	0
96796822	6	18038	0	0	0	0	0
96796822	5	18038	0	0	0	0	0
96796822	4	18037	0	0	0	0	1
96796822	3	18037	0	0	0	0	0
96796822	2	18027	0	0	0	0	1
96796822	1	18028	0	0	0	0	0
96796822	0	18027	0	0	0	0	0
96796820	15	18729	0	0	0	0	0
96796820	13	18033	0	0	0	0	1
96796820	12	18034	0	0	0	0	0
96796820	11	18033	0	0	0	0	0
96796820	10	18024	0	0	0	0	1
96796820	9	18025	0	0	0	0	0
96796820	8	18024	0	0	0	0	0
96796820	7	18032	0	0	0	0	1
96796820	6	18032	0	0	0	0	0
96796820	5	18018	0	0	0	0	0
96796820	4	18017	0	0	0	0	0
96796820	2	18016	0	0	0	0	0
96796820	1	18015	0	0	0	0	0
96796820	0	18019	0	0	0	0	0
96796817	2	18026	0	0	0	0	1
96796817	1	18026	0	0	0	0	0
96796817	0	18035	0	0	0	0	0
96796815	9	18825	0	0	0	0	0
96796815	8	18204	0	0	0	0	1
96796815	7	18201	0	0	0	0	0
96796815	6	18204	0	0	0	0	0
96796815	5	18202	0	0	0	0	0
96796815	4	18202	0	0	0	0	0
96796815	3	18200	0	0	0	0	1
96796815	2	18201	0	0	0	0	0
96796815	1	18200	0	0	0	0	0
96796814	1	21244	0	0	0	0	1
96796814	0	21244	0	0	0	0	0
96796812	6	18038	0	0	0	0	0
96796812	5	18038	0	0	0	0	0
96796812	4	18037	0	0	0	0	1
96796812	3	18037	0	0	0	0	0
96796812	2	18027	0	0	0	0	1
96796812	1	18028	0	0	0	0	0
96796812	0	18027	0	0	0	0	0
96796810	15	18728	0	0	0	0	0
96796810	13	18033	0	0	0	0	1
96796810	12	18034	0	0	0	0	0
96796810	11	18033	0	0	0	0	0
96796810	10	18024	0	0	0	0	1
96796810	9	18025	0	0	0	0	0
96796810	8	18024	0	0	0	0	0
96796810	7	18032	0	0	0	0	1
96796810	6	18032	0	0	0	0	0
96796810	5	18018	0	0	0	0	0
96796810	4	18017	0	0	0	0	0
96796810	2	18016	0	0	0	0	0
96796810	1	18015	0	0	0	0	0
96796810	0	18019	0	0	0	0	0
96796807	2	18026	0	0	0	0	1
96796807	1	18026	0	0	0	0	0
96796807	0	18035	0	0	0	0	0
96796805	9	18825	0	0	0	0	0
96796805	8	18204	0	0	0	0	1
96796805	7	18201	0	0	0	0	0
96796805	6	18204	0	0	0	0	0
96796805	5	18202	0	0	0	0	0
96796805	4	18202	0	0	0	0	0
96796805	3	18200	0	0	0	0	1
96796805	2	18201	0	0	0	0	0
96796805	1	18200	0	0	0	0	0
96796804	1	21244	0	0	0	0	1
96796804	0	21244	0	0	0	0	0
96796802	6	18038	0	0	0	0	0
96796802	5	18038	0	0	0	0	0
96796802	4	18037	0	0	0	0	1
96796802	3	18037	0	0	0	0	0
96796802	2	18027	0	0	0	0	1
96796802	1	18028	0	0	0	0	0
96796802	0	18027	0	0	0	0	0
96796800	15	18727	0	0	0	0	0
96796800	13	18033	0	0	0	0	1
96796800	12	18034	0	0	0	0	0
96796800	11	18033	0	0	0	0	0
96796800	10	18024	0	0	0	0	1
96796800	9	18025	0	0	0	0	0
96796800	8	18024	0	0	0	0	0
96796800	7	18032	0	0	0	0	1
96796800	6	18032	0	0	0	0	0
96796800	5	18018	0	0	0	0	0
96796800	4	18017	0	0	0	0	0
96796800	2	18016	0	0	0	0	0
96796800	1	18015	0	0	0	0	0
96796800	0	18019	0	0	0	0	0
96796797	2	18026	0	0	0	0	1
96796797	1	18026	0	0	0	0	0
96796797	0	18035	0	0	0	0	0
96796795	9	18825	0	0	0	0	0
96796795	8	18204	0	0	0	0	1
96796795	7	18201	0	0	0	0	0
96796795	6	18204	0	0	0	0	0
96796795	5	18202	0	0	0	0	0
96796795	4	18202	0	0	0	0	0
96796795	3	18200	0	0	0	0	1
96796795	2	18201	0	0	0	0	0
96796795	1	18200	0	0	0	0	0
96796794	1	21244	0	0	0	0	1
96796794	0	21244	0	0	0	0	0
96796792	6	18038	0	0	0	0	0
96796792	5	18038	0	0	0	0	0
96796792	4	18037	0	0	0	0	1
96796792	3	18037	0	0	0	0	0
96796792	2	18027	0	0	0	0	1
96796792	1	18028	0	0	0	0	0
96796792	0	18027	0	0	0	0	0
96796790	15	18726	0	0	0	0	0
96796790	13	18033	0	0	0	0	1
96796790	12	18034	0	0	0	0	0
96796790	11	18033	0	0	0	0	0
96796790	10	18024	0	0	0	0	1
96796790	9	18025	0	0	0	0	0
96796790	8	18024	0	0	0	0	0
96796790	7	18032	0	0	0	0	1
96796790	6	18032	0	0	0	0	0
96796790	5	18018	0	0	0	0	0
96796790	4	18017	0	0	0	0	0
96796790	2	18016	0	0	0	0	0
96796790	1	18015	0	0	0	0	0
96796790	0	18019	0	0	0	0	0
96796786	2	18026	0	0	0	0	1
96796786	1	18026	0	0	0	0	0
96796786	0	18035	0	0	0	0	0
96796784	9	18825	0	0	0	0	0
96796784	8	18204	0	0	0	0	1
96796784	7	18201	0	0	0	0	0
96796784	6	18204	0	0	0	0	0
96796784	5	18202	0	0	0	0	0
96796784	4	18202	0	0	0	0	0
96796784	3	18200	0	0	0	0	1
96796784	2	18201	0	0	0	0	0
96796784	1	18200	0	0	0	0	0
96796783	1	21244	0	0	0	0	1
96796783	0	21244	0	0	0	0	0
96796781	6	18038	0	0	0	0	0
96796781	5	18038	0	0	0	0	0
96796781	4	18037	0	0	0	0	1
96796781	3	18037	0	0	0	0	0
96796781	2	18027	0	0	0	0	1
96796781	1	18028	0	0	0	0	0
96796781	0	18027	0	0	0	0	0
96796779	15	18732	0	0	0	0	0
96796779	13	18033	0	0	0	0	1
96796779	12	18034	0	0	0	0	0
96796779	11	18033	0	0	0	0	0
96796779	10	18024	0	0	0	0	1
96796779	9	18025	0	0	0	0	0
96796779	8	18024	0	0	0	0	0
96796779	7	18032	0	0	0	0	1
96796779	6	18032	0	0	0	0	0
96796779	5	18018	0	0	0	0	0
96796779	4	18017	0	0	0	0	0
96796779	2	18016	0	0	0	0	0
96796779	1	18015	0	0	0	0	0
96796779	0	18019	0	0	0	0	0
96796775	2	18026	0	0	0	0	1
96796775	1	18026	0	0	0	0	0
96796775	0	18035	0	0	0	0	0
96796772	1	21244	0	0	0	0	1
96796772	0	21244	0	0	0	0	0
96796770	6	18038	0	0	0	0	0
96796770	5	18038	0	0	0	0	0
96796770	4	18037	0	0	0	0	1
96796770	3	18037	0	0	0	0	0
96796770	2	18027	0	0	0	0	1
96796770	1	18028	0	0	0	0	0
96796770	0	18027	0	0	0	0	0
96796768	15	18741	0	0	0	0	0
96796768	13	18033	0	0	0	0	1
96796768	12	18034	0	0	0	0	0
96796768	11	18033	0	0	0	0	0
96796768	10	18024	0	0	0	0	1
96796768	9	18025	0	0	0	0	0
96796768	8	18024	0	0	0	0	0
96796768	7	18032	0	0	0	0	1
96796768	6	18032	0	0	0	0	0
96796768	5	18018	0	0	0	0	0
96796768	4	18017	0	0	0	0	0
96796768	2	18016	0	0	0	0	0
96796768	1	18015	0	0	0	0	0
96796768	0	18019	0	0	0	0	0
96796764	2	18026	0	0	0	0	1
96796764	1	18026	0	0	0	0	0
96796764	0	18035	0	0	0	0	0
96796762	9	18825	0	0	0	0	0
96796762	8	18204	0	0	0	0	1
96796762	7	18201	0	0	0	0	0
96796762	6	18204	0	0	0	0	0
96796762	5	18202	0	0	0	0	0
96796762	4	18202	0	0	0	0	0
96796762	3	18200	0	0	0	0	1
96796762	2	18201	0	0	0	0	0
96796762	1	18200	0	0	0	0	0
96796761	1	20255	0	0	0	0	0
96796761	0	18036	0	0	0	0	0
96796760	15	18742	0	0	0	0	0
96796760	13	18033	0	0	0	0	1
96796760	12	18034	0	0	0	0	0
96796760	11	18033	0	0	0	0	0
96796760	10	18024	0	0	0	0	1
96796760	9	18025	0	0	0	0	0
96796760	8	18024	0	0	0	0	0
96796760	7	18032	0	0	0	0	1
96796760	6	18032	0	0	0	0	0
96796760	5	18018	0	0	0	0	0
96796760	4	18017	0	0	0	0	0
96796760	2	18016	0	0	0	0	0
96796760	1	18015	0	0	0	0	0
96796760	0	18019	0	0	0	0	0
96796755	2	18026	0	0	0	0	1
96796755	1	18026	0	0	0	0	0
96796755	0	18035	0	0	0	0	0
96796751	13	18195	0	0	0	0	1
96796751	12	18197	0	0	0	0	0
96796751	11	18195	0	0	0	0	0
96796751	7	18194	0	0	0	0	1
96796751	6	18194	0	0	0	0	0
96796751	5	18196	0	0	0	0	0
96796751	2	18193	0	0	0	0	1
96796751	1	18193	0	0	0	0	0
96796750	0	18198	0	0	0	0	0
96796746	13	18195	0	0	0	0	1
96796746	12	18197	0	0	0	0	0
96796746	11	18195	0	0	0	0	0
96796746	7	18194	0	0	0	0	1
96796746	6	18194	0	0	0	0	0
96796746	5	18196	0	0	0	0	0
96796746	2	18193	0	0	0	0	1
96796746	1	18193	0	0	0	0	0
96796745	0	18198	0	0	0	0	0
96796741	13	18195	0	0	0	0	1
96796741	12	18197	0	0	0	0	0
96796741	11	18195	0	0	0	0	0
96796741	7	18194	0	0	0	0	1
96796741	6	18194	0	0	0	0	0
96796741	5	18196	0	0	0	0	0
96796741	2	18193	0	0	0	0	1
96796741	1	18193	0	0	0	0	0
96796740	0	18198	0	0	0	0	0
96796736	13	18195	0	0	0	0	1
96796736	12	18197	0	0	0	0	0
96796736	11	18195	0	0	0	0	0
96796736	7	18194	0	0	0	0	1
96796736	6	18194	0	0	0	0	0
96796736	5	18196	0	0	0	0	0
96796736	2	18193	0	0	0	0	1
96796736	1	18193	0	0	0	0	0
96796735	0	18198	0	0	0	0	0
96796733	1	18612	0	0	0	0	0
96796731	13	18195	0	0	0	0	1
96796731	12	18197	0	0	0	0	0
96796731	11	18195	0	0	0	0	0
96796731	7	18194	0	0	0	0	1
96796731	6	18194	0	0	0	0	0
96796731	5	18196	0	0	0	0	0
96796731	2	18193	0	0	0	0	1
96796731	1	18193	0	0	0	0	0
96796730	0	18198	0	0	0	0	0
96796728	9	18825	0	0	0	0	0
96796728	8	18204	0	0	0	0	1
96796728	7	18201	0	0	0	0	0
96796728	6	18204	0	0	0	0	0
96796728	5	18202	0	0	0	0	0
96796728	4	18202	0	0	0	0	0
96796728	3	18200	0	0	0	0	1
96796728	2	18201	0	0	0	0	0
96796728	1	18200	0	0	0	0	0
96796725	13	18195	0	0	0	0	1
96796725	12	18197	0	0	0	0	0
96796725	11	18195	0	0	0	0	0
96796725	7	18194	0	0	0	0	1
96796725	6	18194	0	0	0	0	0
96796725	5	18196	0	0	0	0	0
96796725	2	18193	0	0	0	0	1
96796725	1	18193	0	0	0	0	0
96796724	0	18198	0	0	0	0	0
96796714	15	18747	0	0	0	0	0
96796714	13	18033	0	0	0	0	1
96796714	12	18034	0	0	0	0	0
96796714	11	18033	0	0	0	0	0
96796714	10	18024	0	0	0	0	1
96796714	9	18025	0	0	0	0	0
96796714	8	18024	0	0	0	0	0
96796714	7	18032	0	0	0	0	1
96796714	6	18032	0	0	0	0	0
96796714	5	18018	0	0	0	0	0
96796714	4	18017	0	0	0	0	0
96796714	2	18016	0	0	0	0	0
96796714	1	18015	0	0	0	0	0
96796714	0	18019	0	0	0	0	0
96796711	-1	10261	0	0	0	0	0
96796692	2	18026	0	0	0	0	1
96796692	1	18026	0	0	0	0	0
96796692	0	18035	0	0	0	0	0
96600099	-1	22800	0	0	0	0	0
96600098	-1	18266	0	0	0	0	0
96600095	-1	22169	0	0	0	0	0
96600094	-1	18266	0	0	0	0	0
96600087	-1	18612	0	0	0	0	0
96600085	-1	18865	0	0	0	0	0
96534562	-1	22800	0	0	0	0	0
96534561	-1	18266	0	0	0	0	0
96534558	-1	22169	0	0	0	0	0
96534557	-1	18266	0	0	0	0	0
96534550	-1	18612	0	0	0	0	0
96534548	-1	18865	0	0	0	0	0
96534531	3	791	0	0	0	0	0
96534531	2	789	0	0	0	0	0
96534531	1	790	0	0	0	0	0
96534531	4	773	0	0	0	0	0
96534531	5	788	0	0	0	0	0
96534531	6	792	0	0	0	0	0
96534528	10	24449	0	0	0	0	0
96534528	9	18566	0	0	0	0	0
96534528	7	19384	0	0	0	0	1
96534528	6	18566	0	0	0	0	0
96534528	5	22628	0	0	0	0	1
96534528	4	18566	0	0	0	0	0
96534528	3	22169	0	0	0	0	1
96534528	2	18566	0	0	0	0	0
96534528	1	26537	0	0	0	0	1
96534528	0	18566	0	0	0	0	0
96469180	-1	18034	0	0	1	0	0
96469175	-1	2558	0	0	0	0	0
96469174	-1	2559	0	0	0	0	1
96469173	-1	2558	0	0	0	0	1
96469168	-1	2519	0	0	0	0	1
96469167	-1	2519	0	0	0	0	0
96469166	-1	2518	0	0	0	1	0
96469165	-1	2515	0	0	0	0	0
96469164	-1	2517	0	0	0	1	1
96469163	-1	2517	0	0	0	1	0
96469162	-1	2514	0	0	0	0	1
96469161	-1	2514	0	0	0	0	0
96469156	-1	2519	0	0	0	0	1
96469155	-1	2519	0	0	0	0	0
96469154	-1	2518	0	0	0	1	0
96469153	-1	2515	0	0	0	0	0
96469152	-1	2517	0	0	0	1	1
96469151	-1	2517	0	0	0	1	0
96469150	-1	2514	0	0	0	0	1
96469149	-1	2514	0	0	0	0	0
96469144	-1	2519	0	0	0	0	1
96469143	-1	2519	0	0	0	0	0
96469142	-1	2518	0	0	0	1	0
96469141	-1	2515	0	0	0	0	0
96469140	-1	2517	0	0	0	1	1
96469139	-1	2517	0	0	0	1	0
96469138	-1	2514	0	0	0	0	1
96469137	-1	2514	0	0	0	0	0
96469135	-1	1250	0	0	0	0	0
96469134	-1	2527	0	0	0	0	1
96469133	-1	2528	0	0	0	0	0
96469132	-1	2527	0	0	0	0	0
96469130	-1	2519	0	0	0	0	1
96469129	-1	2519	0	0	0	0	0
96469128	-1	2518	0	0	0	1	0
96469127	-1	2515	0	0	0	0	0
96469126	-1	2517	0	0	0	1	1
96469125	-1	2517	0	0	0	1	0
96469124	-1	2514	0	0	0	0	1
96469123	-1	2514	0	0	0	0	0
96469119	-1	1250	0	0	0	0	0
96469118	-1	2527	0	0	0	0	1
96469117	-1	2528	0	0	0	0	0
96469116	-1	2527	0	0	0	0	0
96469114	-1	2519	0	0	0	0	1
96469113	-1	2519	0	0	0	0	0
96469112	-1	2518	0	0	0	1	0
96469111	-1	2515	0	0	0	0	0
96469110	-1	2517	0	0	0	1	1
96469109	-1	2517	0	0	0	1	0
96469108	-1	2514	0	0	0	0	1
96469107	-1	2514	0	0	0	0	0
96469103	-1	1250	0	0	0	0	0
96469102	-1	2527	0	0	0	0	1
96469101	-1	2528	0	0	0	0	0
96469100	-1	2527	0	0	0	0	0
96469098	-1	2519	0	0	0	0	1
96469097	-1	2519	0	0	0	0	0
96469096	-1	2518	0	0	0	1	0
96469095	-1	2515	0	0	0	0	0
96469094	-1	2517	0	0	0	1	1
96469093	-1	2517	0	0	0	1	0
96469092	-1	2514	0	0	0	0	1
96469091	-1	2514	0	0	0	0	0
96469083	-1	2519	0	0	0	0	1
96469082	-1	2519	0	0	0	0	0
96469081	-1	2518	0	0	0	1	0
96469080	-1	2515	0	0	0	0	0
96469079	-1	2517	0	0	0	1	1
96469078	-1	2517	0	0	0	1	0
96469077	-1	2514	0	0	0	0	1
96469076	-1	2514	0	0	0	0	0
96469073	-1	2499	0	0	0	0	0
96469069	-1	2519	0	0	0	0	1
96469068	-1	2519	0	0	0	0	0
96469067	-1	2518	0	0	0	1	0
96469066	-1	2515	0	0	0	0	0
96469065	-1	2517	0	0	0	1	1
96469064	-1	2517	0	0	0	1	0
96469063	-1	2514	0	0	0	0	1
96469062	-1	2514	0	0	0	0	0
96469048	-1	18034	0	0	1	0	0
96468998	-1	18641	0	0	0	0	0
96468997	-1	18638	0	0	0	0	0
96403644	-1	18034	0	0	1	0	0
96403639	-1	2558	0	0	0	0	0
96403638	-1	2559	0	0	0	0	1
96403637	-1	2558	0	0	0	0	1
96403632	-1	2519	0	0	0	0	1
96403631	-1	2519	0	0	0	0	0
96403630	-1	2518	0	0	0	1	0
96403629	-1	2515	0	0	0	0	0
96403628	-1	2517	0	0	0	1	1
96403627	-1	2517	0	0	0	1	0
96403626	-1	2514	0	0	0	0	1
96403625	-1	2514	0	0	0	0	0
96403620	-1	2519	0	0	0	0	1
96403619	-1	2519	0	0	0	0	0
96403618	-1	2518	0	0	0	1	0
96403617	-1	2515	0	0	0	0	0
96403616	-1	2517	0	0	0	1	1
96403615	-1	2517	0	0	0	1	0
96403614	-1	2514	0	0	0	0	1
96403613	-1	2514	0	0	0	0	0
96403608	-1	2519	0	0	0	0	1
96403607	-1	2519	0	0	0	0	0
96403606	-1	2518	0	0	0	1	0
96403605	-1	2515	0	0	0	0	0
96403604	-1	2517	0	0	0	1	1
96403603	-1	2517	0	0	0	1	0
96403602	-1	2514	0	0	0	0	1
96403601	-1	2514	0	0	0	0	0
96403599	-1	1250	0	0	0	0	0
96403598	-1	2527	0	0	0	0	1
96403597	-1	2528	0	0	0	0	0
96403596	-1	2527	0	0	0	0	0
96403594	-1	2519	0	0	0	0	1
96403593	-1	2519	0	0	0	0	0
96403592	-1	2518	0	0	0	1	0
96403591	-1	2515	0	0	0	0	0
96403590	-1	2517	0	0	0	1	1
96403589	-1	2517	0	0	0	1	0
96403588	-1	2514	0	0	0	0	1
96403587	-1	2514	0	0	0	0	0
96403583	-1	1250	0	0	0	0	0
96403582	-1	2527	0	0	0	0	1
96403581	-1	2528	0	0	0	0	0
96403580	-1	2527	0	0	0	0	0
96403578	-1	2519	0	0	0	0	1
96403577	-1	2519	0	0	0	0	0
96403576	-1	2518	0	0	0	1	0
96403575	-1	2515	0	0	0	0	0
96403574	-1	2517	0	0	0	1	1
96403573	-1	2517	0	0	0	1	0
96403572	-1	2514	0	0	0	0	1
96403571	-1	2514	0	0	0	0	0
96403567	-1	1250	0	0	0	0	0
96403566	-1	2527	0	0	0	0	1
96403565	-1	2528	0	0	0	0	0
96403564	-1	2527	0	0	0	0	0
96403562	-1	2519	0	0	0	0	1
96403561	-1	2519	0	0	0	0	0
96403560	-1	2518	0	0	0	1	0
96403559	-1	2515	0	0	0	0	0
96403558	-1	2517	0	0	0	1	1
96403557	-1	2517	0	0	0	1	0
96403556	-1	2514	0	0	0	0	1
96403555	-1	2514	0	0	0	0	0
96403547	-1	2519	0	0	0	0	1
96403546	-1	2519	0	0	0	0	0
96403545	-1	2518	0	0	0	1	0
96403544	-1	2515	0	0	0	0	0
96403543	-1	2517	0	0	0	1	1
96403542	-1	2517	0	0	0	1	0
96403541	-1	2514	0	0	0	0	1
96403540	-1	2514	0	0	0	0	0
96403537	-1	2499	0	0	0	0	0
96403533	-1	2519	0	0	0	0	1
96403532	-1	2519	0	0	0	0	0
96403531	-1	2518	0	0	0	1	0
96403530	-1	2515	0	0	0	0	0
96403529	-1	2517	0	0	0	1	1
96403528	-1	2517	0	0	0	1	0
96403527	-1	2514	0	0	0	0	1
96403526	-1	2514	0	0	0	0	0
96403512	-1	18034	0	0	1	0	0
96403462	-1	18641	0	0	0	0	0
96403461	-1	18638	0	0	0	0	0
96338108	-1	18034	0	0	1	0	0
96338103	-1	2519	0	0	0	0	1
96338102	-1	2519	0	0	0	0	0
96338101	-1	2518	0	0	0	1	0
96338100	-1	2515	0	0	0	0	0
96338099	-1	2517	0	0	0	1	1
96338098	-1	2517	0	0	0	1	0
96338097	-1	2514	0	0	0	0	1
96338096	-1	2514	0	0	0	0	0
96338088	-1	2519	0	0	0	0	1
96338087	-1	2519	0	0	0	0	0
96338086	-1	2518	0	0	0	1	0
96338085	-1	2515	0	0	0	0	0
96338084	-1	2517	0	0	0	1	1
96338083	-1	2517	0	0	0	1	0
96338082	-1	2514	0	0	0	0	1
96338081	-1	2514	0	0	0	0	0
96338076	-1	2519	0	0	0	0	1
96338075	-1	2519	0	0	0	0	0
96338074	-1	2518	0	0	0	1	0
96338073	-1	2515	0	0	0	0	0
96338072	-1	2517	0	0	0	1	1
96338071	-1	2517	0	0	0	1	0
96338070	-1	2514	0	0	0	0	1
96338069	-1	2514	0	0	0	0	0
96338064	-1	2519	0	0	0	0	1
96338063	-1	2519	0	0	0	0	0
96338062	-1	2518	0	0	0	1	0
96338061	-1	2515	0	0	0	0	0
96338060	-1	2517	0	0	0	1	1
96338059	-1	2517	0	0	0	1	0
96338058	-1	2514	0	0	0	0	1
96338057	-1	2514	0	0	0	0	0
96338055	-1	1250	0	0	0	0	0
96338054	-1	2527	0	0	0	0	1
96338053	-1	2528	0	0	0	0	0
96338052	-1	2527	0	0	0	0	0
96338050	-1	2519	0	0	0	0	1
96338049	-1	2519	0	0	0	0	0
96338048	-1	2518	0	0	0	1	0
96338047	-1	2515	0	0	0	0	0
96338046	-1	2517	0	0	0	1	1
96338045	-1	2517	0	0	0	1	0
96338044	-1	2514	0	0	0	0	1
96338043	-1	2514	0	0	0	0	0
96338039	-1	1250	0	0	0	0	0
96338038	-1	2527	0	0	0	0	1
96338037	-1	2528	0	0	0	0	0
96338036	-1	2527	0	0	0	0	0
96338034	-1	2519	0	0	0	0	1
96338033	-1	2519	0	0	0	0	0
96338032	-1	2518	0	0	0	1	0
96338031	-1	2515	0	0	0	0	0
96338030	-1	2517	0	0	0	1	1
96338029	-1	2517	0	0	0	1	0
96338028	-1	2514	0	0	0	0	1
96338027	-1	2514	0	0	0	0	0
96338023	-1	1250	0	0	0	0	0
96338022	-1	2527	0	0	0	0	1
96338021	-1	2528	0	0	0	0	0
96338020	-1	2527	0	0	0	0	0
96338018	-1	2519	0	0	0	0	1
96338017	-1	2519	0	0	0	0	0
96338016	-1	2518	0	0	0	1	0
96338015	-1	2515	0	0	0	0	0
96338014	-1	2517	0	0	0	1	1
96338013	-1	2517	0	0	0	1	0
96338012	-1	2514	0	0	0	0	1
96338011	-1	2514	0	0	0	0	0
96338002	-1	2558	0	0	0	0	0
96338001	-1	2559	0	0	0	0	1
96338000	-1	2558	0	0	0	0	1
96337999	-1	2519	0	0	0	0	1
96337998	-1	2519	0	0	0	0	0
96337997	-1	2518	0	0	0	1	0
96337996	-1	2515	0	0	0	0	0
96337995	-1	2517	0	0	0	1	1
96337994	-1	2517	0	0	0	1	0
96337993	-1	2514	0	0	0	0	1
96337992	-1	2514	0	0	0	0	0
96337989	-1	2499	0	0	0	0	0
96337976	-1	18034	0	0	1	0	0
96337926	-1	18641	0	0	0	0	0
96337925	-1	18638	0	0	0	0	0
96141499	-1	18034	0	0	1	0	0
96141494	-1	2558	0	0	0	0	0
96141493	-1	2559	0	0	0	0	1
96141492	-1	2558	0	0	0	0	1
96141487	-1	2519	0	0	0	0	1
96141486	-1	2519	0	0	0	0	0
96141485	-1	2518	0	0	0	1	0
96141484	-1	2515	0	0	0	0	0
96141483	-1	2517	0	0	0	1	1
96141482	-1	2517	0	0	0	1	0
96141481	-1	2514	0	0	0	0	1
96141480	-1	2514	0	0	0	0	0
96141475	-1	2519	0	0	0	0	1
96141474	-1	2519	0	0	0	0	0
96141473	-1	2518	0	0	0	1	0
96141472	-1	2515	0	0	0	0	0
96141471	-1	2517	0	0	0	1	1
96141470	-1	2517	0	0	0	1	0
96141469	-1	2514	0	0	0	0	1
96141468	-1	2514	0	0	0	0	0
96141463	-1	2519	0	0	0	0	1
96141462	-1	2519	0	0	0	0	0
96141461	-1	2518	0	0	0	1	0
96141460	-1	2515	0	0	0	0	0
96141459	-1	2517	0	0	0	1	1
96141458	-1	2517	0	0	0	1	0
96141457	-1	2514	0	0	0	0	1
96141456	-1	2514	0	0	0	0	0
96141454	-1	1250	0	0	0	0	0
96141453	-1	2527	0	0	0	0	1
96141452	-1	2528	0	0	0	0	0
96141451	-1	2527	0	0	0	0	0
96141449	-1	2519	0	0	0	0	1
96141448	-1	2519	0	0	0	0	0
96141447	-1	2518	0	0	0	1	0
96141446	-1	2515	0	0	0	0	0
96141445	-1	2517	0	0	0	1	1
96141444	-1	2517	0	0	0	1	0
96141443	-1	2514	0	0	0	0	1
96141442	-1	2514	0	0	0	0	0
96141438	-1	1250	0	0	0	0	0
96141437	-1	2527	0	0	0	0	1
96141436	-1	2528	0	0	0	0	0
96141435	-1	2527	0	0	0	0	0
96141433	-1	2519	0	0	0	0	1
96141432	-1	2519	0	0	0	0	0
96141431	-1	2518	0	0	0	1	0
96141430	-1	2515	0	0	0	0	0
96141429	-1	2517	0	0	0	1	1
96141428	-1	2517	0	0	0	1	0
96141427	-1	2514	0	0	0	0	1
96141426	-1	2514	0	0	0	0	0
96141422	-1	1250	0	0	0	0	0
96141421	-1	2527	0	0	0	0	1
96141420	-1	2528	0	0	0	0	0
96141419	-1	2527	0	0	0	0	0
96141417	-1	2519	0	0	0	0	1
96141416	-1	2519	0	0	0	0	0
96141415	-1	2518	0	0	0	1	0
96141414	-1	2515	0	0	0	0	0
96141413	-1	2517	0	0	0	1	1
96141412	-1	2517	0	0	0	1	0
96141411	-1	2514	0	0	0	0	1
96141410	-1	2514	0	0	0	0	0
96141402	-1	2519	0	0	0	0	1
96141401	-1	2519	0	0	0	0	0
96141400	-1	2518	0	0	0	1	0
96141399	-1	2515	0	0	0	0	0
96141398	-1	2517	0	0	0	1	1
96141397	-1	2517	0	0	0	1	0
96141396	-1	2514	0	0	0	0	1
96141395	-1	2514	0	0	0	0	0
96141392	-1	2499	0	0	0	0	0
96141388	-1	2519	0	0	0	0	1
96141387	-1	2519	0	0	0	0	0
96141386	-1	2518	0	0	0	1	0
96141385	-1	2515	0	0	0	0	0
96141384	-1	2517	0	0	0	1	1
96141383	-1	2517	0	0	0	1	0
96141382	-1	2514	0	0	0	0	1
96141381	-1	2514	0	0	0	0	0
96141368	-1	18034	0	0	1	0	0
96141318	-1	18641	0	0	0	0	0
96141317	-1	18638	0	0	0	0	0
96075787	0	24429	0	0	0	0	0
96075784	3	791	0	0	0	0	0
96075784	2	789	0	0	0	0	0
96075784	1	790	0	0	0	0	0
96075784	4	773	0	0	0	0	0
96075784	5	788	0	0	0	0	0
96075784	6	792	0	0	0	0	0
96075779	26	26542	0	0	0	0	0
96075779	25	9170	0	0	0	0	0
96075779	24	3028	0	0	0	0	0
96075779	23	222	0	0	0	0	0
96075779	22	220	0	0	0	0	0
96075779	21	221	0	0	0	0	0
96075779	20	217	0	0	0	0	0
96075779	19	216	0	0	0	0	0
96075779	18	215	0	0	0	0	0
96075779	17	214	0	0	0	0	0
96075779	16	208	0	0	0	0	0
96075779	15	202	0	0	0	0	0
96075779	14	213	0	0	0	0	0
96075779	13	207	0	0	0	0	0
96075779	12	201	0	0	0	0	0
96075779	11	212	0	0	0	0	0
96075779	10	206	0	0	0	0	0
96075779	9	200	0	0	0	0	0
96075779	8	211	0	0	0	0	0
96075779	7	205	0	0	0	0	0
96075779	6	199	0	0	0	0	0
96075779	5	210	0	0	0	0	0
96075779	4	204	0	0	0	0	0
96075779	3	198	0	0	0	0	0
96075779	2	209	0	0	0	0	0
96075779	1	203	0	0	0	0	0
96075779	0	197	0	0	0	0	0
96075778	26	26554	0	0	0	0	0
96075778	25	9178	0	0	0	0	0
96075778	24	9178	0	0	0	0	0
96075778	23	9178	0	0	0	0	0
96075778	22	9178	0	0	0	0	0
96075778	21	9178	0	0	0	0	0
96075778	20	9178	0	0	0	0	0
96075778	19	9178	0	0	0	0	0
96075778	18	9178	0	0	0	0	0
96075778	17	9178	0	0	0	0	0
96075778	16	9178	0	0	0	0	0
96075778	15	9178	0	0	0	0	0
96075778	14	9178	0	0	0	0	0
96075778	13	9178	0	0	0	0	0
96075778	12	9178	0	0	0	0	0
96075778	11	9178	0	0	0	0	0
96075778	10	9178	0	0	0	0	0
96075778	9	9178	0	0	0	0	0
96075778	8	9178	0	0	0	0	0
96075778	7	9178	0	0	0	0	0
96075778	6	9178	0	0	0	0	0
96075778	5	9178	0	0	0	0	0
96075778	4	9178	0	0	0	0	0
96075778	3	9178	0	0	0	0	0
96075778	2	9178	0	0	0	0	0
96075778	1	9178	0	0	0	0	0
96075778	0	9178	0	0	0	0	0
96010258	-1	18816	0	0	0	0	0
96010255	-1	18819	0	0	0	0	0
96010254	-1	18812	0	0	0	0	0
96010253	-1	20270	0	0	0	0	0
96010252	-1	18807	0	0	0	0	0
96010251	-1	18807	0	0	0	0	0
96010249	-1	18813	0	0	0	0	0
96010245	-1	18806	0	0	0	0	1
96010244	-1	18806	0	0	0	0	0
96010243	-1	18805	0	0	0	0	1
96010242	-1	18805	0	0	0	0	0
95944727	13	24449	0	0	0	0	0
95944727	12	18566	0	0	0	0	0
95944727	10	18691	0	0	0	0	0
95944727	9	22169	0	0	0	0	1
95944727	8	18566	0	0	0	0	0
95944727	7	21006	0	0	0	0	0
95944727	6	18566	0	0	0	0	0
95944727	5	24780	0	0	0	0	0
95944727	4	18566	0	0	0	0	0
95944727	3	24778	0	0	0	0	0
95944727	2	18566	0	0	0	0	0
95944727	1	24771	0	0	0	0	0
95944727	0	18566	0	0	0	0	0
95944719	18	24445	0	0	0	0	0
95944719	17	24443	0	0	0	0	0
95944719	14	24442	0	0	0	0	0
95944719	13	24441	0	0	0	0	0
95944719	12	24435	0	0	0	0	0
95944719	10	24440	0	0	0	0	0
95944719	9	24439	0	0	0	0	0
95944719	7	24438	0	0	0	0	0
95944719	5	24437	0	0	0	0	0
95944719	4	24436	0	0	0	0	0
95944719	3	24434	0	0	0	0	0
95944719	2	24433	0	0	0	0	0
95944719	1	24432	0	0	0	0	0
95944719	0	24431	0	0	0	0	0
95944718	18	18269	0	0	0	0	0
95944718	17	18269	0	0	0	0	0
95944718	16	18269	0	0	0	0	0
95944718	15	18269	0	0	0	0	0
95944718	14	18269	0	0	0	0	0
95944718	13	18269	0	0	0	0	0
95944718	12	18269	0	0	0	0	0
95944718	11	18269	0	0	0	0	0
95944718	10	18269	0	0	0	0	0
95944718	9	18269	0	0	0	0	0
95944718	8	18269	0	0	0	0	0
95944718	7	18269	0	0	0	0	0
95944718	6	18269	0	0	0	0	0
95944718	5	18269	0	0	0	0	0
95944718	4	18269	0	0	0	0	0
95944718	3	18269	0	0	0	0	0
95944718	2	18269	0	0	0	0	0
95944718	1	18269	0	0	0	0	0
95944718	0	18269	0	0	0	0	0
95944714	-1	18289	0	0	0	1	0
95944713	-1	18289	0	0	0	1	1
95944712	-1	18289	0	0	0	0	1
95944711	-1	18289	0	0	0	0	0
95944710	-1	18290	0	0	0	1	1
95944709	-1	18290	0	0	0	1	0
95944708	-1	18290	0	0	0	0	1
95944707	-1	18290	0	0	0	0	0
95813645	-1	18289	0	0	0	1	0
95813644	-1	18289	0	0	0	1	1
95813643	-1	18289	0	0	0	0	1
95813642	-1	18289	0	0	0	0	0
95813641	-1	18290	0	0	0	1	1
95813640	-1	18290	0	0	0	1	0
95813639	-1	18290	0	0	0	0	1
95813638	-1	18290	0	0	0	0	0
95748107	3	791	0	0	0	0	0
95748107	2	789	0	0	0	0	0
95748107	1	790	0	0	0	0	0
95748107	4	773	0	0	0	0	0
95748107	5	788	0	0	0	0	0
95748107	6	792	0	0	0	0	0
95682567	3	791	0	0	0	0	0
95682567	2	789	0	0	0	0	0
95682567	1	790	0	0	0	0	0
95682567	4	773	0	0	0	0	0
95682567	5	788	0	0	0	0	0
95682567	6	792	0	0	0	0	0
95551534	8	23150	0	0	0	0	0
95551534	7	23149	0	0	0	0	0
95551534	6	23148	0	0	0	0	0
95551534	5	23147	0	0	0	0	0
95551534	4	23146	0	0	0	0	0
95551534	3	23145	0	0	0	0	0
95551534	2	23144	0	0	0	0	0
95551534	1	23143	0	0	0	0	0
95551534	0	23142	0	0	0	0	0
95551531	-1	8654	0	0	0	0	0
95551527	21	26010	0	0	0	0	0
95551527	20	26018	0	0	0	0	0
95551527	19	26009	0	0	0	0	0
95551527	18	26011	0	0	0	0	0
95551527	17	26008	0	0	0	0	0
95551527	16	26000	0	0	0	0	0
95551527	15	25998	0	0	0	0	0
95551527	14	25999	0	0	0	0	0
95551527	13	25997	0	0	0	0	0
95551527	12	25996	0	0	0	0	0
95551527	11	25995	0	0	0	0	0
95551527	10	26007	0	0	0	0	0
95551527	9	25991	0	0	0	0	0
95551527	8	25990	0	0	0	0	0
95551527	7	25989	0	0	0	0	0
95551527	6	26002	0	0	0	0	0
95551527	5	26012	0	0	0	0	0
95551527	4	26001	0	0	0	0	0
95551527	3	26015	0	0	0	0	0
95551527	2	25985	0	0	0	0	0
95551527	1	25984	0	0	0	0	0
95551527	0	25947	0	0	0	0	0
95551522	-1	21116	0	0	1	0	0
95551519	8	23150	0	0	0	0	0
95551519	7	23149	0	0	0	0	0
95551519	6	23148	0	0	0	0	0
95551519	5	23147	0	0	0	0	0
95551519	4	23146	0	0	0	0	0
95551519	3	23145	0	0	0	0	0
95551519	2	23144	0	0	0	0	0
95551519	1	23143	0	0	0	0	0
95551519	0	23142	0	0	0	0	0
95551516	-1	18857	0	0	0	0	0
95551513	8	23150	0	0	0	0	0
95551513	7	23149	0	0	0	0	0
95551513	6	23148	0	0	0	0	0
95551513	5	23147	0	0	0	0	0
95551513	4	23146	0	0	0	0	0
95551513	3	23145	0	0	0	0	0
95551513	2	23144	0	0	0	0	0
95551513	1	23143	0	0	0	0	0
95551513	0	23142	0	0	0	0	0
95551505	8	23150	0	0	0	0	0
95551505	7	23149	0	0	0	0	0
95551505	6	23148	0	0	0	0	0
95551505	5	23147	0	0	0	0	0
95551505	4	23146	0	0	0	0	0
95551505	3	23145	0	0	0	0	0
95551505	2	23144	0	0	0	0	0
95551505	1	23143	0	0	0	0	0
95551505	0	23142	0	0	0	0	0
95486005	-1	8654	0	0	0	0	0
95485988	-1	21116	0	0	1	0	0
95485985	8	23150	0	0	0	0	0
95485985	7	23149	0	0	0	0	0
95485985	6	23148	0	0	0	0	0
95485985	5	23147	0	0	0	0	0
95485985	4	23146	0	0	0	0	0
95485985	3	23145	0	0	0	0	0
95485985	2	23144	0	0	0	0	0
95485985	1	23143	0	0	0	0	0
95485985	0	23142	0	0	0	0	0
95485982	-1	18857	0	0	0	0	0
95485979	8	23150	0	0	0	0	0
95485979	7	23149	0	0	0	0	0
95485979	6	23148	0	0	0	0	0
95485979	5	23147	0	0	0	0	0
95485979	4	23146	0	0	0	0	0
95485979	3	23145	0	0	0	0	0
95485979	2	23144	0	0	0	0	0
95485979	1	23143	0	0	0	0	0
95485979	0	23142	0	0	0	0	0
95158283	3	791	0	0	0	0	0
95158283	2	789	0	0	0	0	0
95158283	1	790	0	0	0	0	0
95158283	4	773	0	0	0	0	0
95158283	5	788	0	0	0	0	0
95158283	6	792	0	0	0	0	0
94961675	3	791	0	0	0	0	0
94961675	2	789	0	0	0	0	0
94961675	1	790	0	0	0	0	0
94961675	4	773	0	0	0	0	0
94961675	5	788	0	0	0	0	0
94961675	6	792	0	0	0	0	0
94437463	-1	6030	0	0	0	0	0
94437462	-1	6024	0	0	0	0	0
94437461	-1	6028	0	0	0	0	0
94437460	-1	6022	0	0	0	0	0
94437455	-1	23783	0	0	0	0	0
94437447	-1	6245	0	0	0	0	0
94437439	-1	6246	0	0	0	0	0
94437425	-1	1848	0	0	0	0	0
94437421	-1	23783	0	0	0	0	0
94437414	-1	6250	0	0	0	0	0
94437407	-1	6243	0	0	0	0	0
94437400	-1	6242	0	0	0	0	0
94372018	-1	5471	0	0	0	0	0
94372016	-1	24515	0	0	0	0	0
94372014	-1	6252	0	0	0	0	0
94372006	-1	6240	0	0	0	0	0
94371998	-1	6256	0	0	0	0	0
94371988	-1	6028	0	0	0	0	0
94371987	-1	6022	0	0	0	0	0
94371986	-1	6029	0	0	0	0	0
94371985	-1	6023	0	0	0	0	0
94371984	-1	6030	0	0	0	0	0
94371983	-1	6024	0	0	0	0	0
94371981	-1	6254	0	0	0	0	0
94371973	-1	6242	0	0	0	0	0
94371965	-1	6241	0	0	0	0	0
94371957	-1	6252	0	0	0	0	0
94371949	-1	6240	0	0	0	0	0
94371941	-1	6255	0	0	0	0	0
94371930	-1	6034	0	0	0	0	0
94371927	-1	6251	0	0	0	0	0
94371920	-1	6246	0	0	0	0	0
94371913	-1	6253	0	0	0	0	0
94371906	-1	1848	0	0	0	0	0
94371883	-1	1848	0	0	0	0	0
94371870	-1	6245	0	0	0	0	0
94371863	-1	6246	0	0	0	0	0
94240795	-1	741	0	0	0	0	0
94240781	-1	3172	0	0	0	0	0
93782026	-1	20983	0	0	0	0	0
93782025	-1	18867	0	0	0	0	0
93782020	-1	23548	0	0	0	0	0
93782019	-1	23548	0	0	0	0	0
93716744	-1	18865	0	0	0	0	0
93716742	-1	18861	0	0	0	0	0
93716739	-1	18563	0	0	0	0	1
93716738	-1	18563	0	0	0	0	0
93716736	-1	19370	0	0	0	0	0
93716735	-1	19369	0	0	0	0	0
93716734	-1	18199	0	0	0	0	0
93716714	-1	14521	0	0	0	0	0
93716713	-1	14520	0	0	0	0	0
93716711	-1	14710	0	0	0	0	0
93716701	-1	14521	0	0	0	0	0
93716700	-1	14520	0	0	0	0	0
93716698	-1	14710	0	0	0	0	0
93716688	-1	14521	0	0	0	0	0
93716687	-1	14520	0	0	0	0	0
93716685	-1	14710	0	0	0	0	0
93716675	-1	14521	0	0	0	0	0
93716674	-1	14520	0	0	0	0	0
93716672	-1	14710	0	0	0	0	0
93716662	-1	14521	0	0	0	0	0
93716661	-1	14520	0	0	0	0	0
93716659	-1	14710	0	0	0	0	0
93716649	-1	14521	0	0	0	0	0
93716648	-1	14520	0	0	0	0	0
93716646	-1	14710	0	0	0	0	0
93716636	-1	14521	0	0	0	0	0
93716635	-1	14520	0	0	0	0	0
93716633	-1	14710	0	0	0	0	0
93716623	-1	14521	0	0	0	0	0
93716622	-1	14520	0	0	0	0	0
93716620	-1	14710	0	0	0	0	0
93716610	-1	14521	0	0	0	0	0
93716609	-1	14520	0	0	0	0	0
93716607	-1	14710	0	0	0	0	0
93716597	-1	14521	0	0	0	0	0
93716596	-1	14520	0	0	0	0	0
93716594	-1	14710	0	0	0	0	0
93716584	-1	14521	0	0	0	0	0
93716583	-1	14520	0	0	0	0	0
93716581	-1	14710	0	0	0	0	0
93716571	-1	14521	0	0	0	0	0
93716570	-1	14520	0	0	0	0	0
93716568	-1	14710	0	0	0	0	0
93716558	-1	14521	0	0	0	0	0
93716557	-1	14520	0	0	0	0	0
93716555	-1	14710	0	0	0	0	0
93716545	-1	14521	0	0	0	0	0
93716544	-1	14520	0	0	0	0	0
93716542	-1	14710	0	0	0	0	0
93716537	-1	18853	0	0	0	0	0
93716534	-1	18617	0	0	0	0	0
93716502	-1	18855	0	0	0	0	0
93716499	-1	18621	0	0	0	0	0
93716497	-1	18857	0	0	0	0	0
93716493	-1	18619	0	0	0	0	0
93716491	-1	18851	0	0	0	0	0
93716486	-1	18615	0	0	0	0	0
93519931	-1	29065	0	0	0	0	0
93519924	-1	18686	0	0	0	0	0
93519917	-1	6253	0	0	0	0	0
93519911	-1	6241	0	0	0	0	0
93519910	-1	6256	0	0	0	0	0
93519908	-1	23803	0	0	0	0	0
93519907	-1	1848	0	0	0	0	0
92798998	-1	29234	0	0	0	0	0
92798997	-1	16933	0	0	0	0	0
92798996	-1	16947	0	0	0	0	0
92798995	-1	16948	0	0	0	0	0
92798993	-1	16925	0	0	0	0	0
92798992	-1	16925	0	0	0	0	0
92798991	-1	16937	0	0	0	0	0
92798990	-1	16945	0	0	0	0	0
92798989	-1	16941	0	0	0	0	0
72745142	-1	6028	0	0	0	0	0
72745141	-1	6022	0	0	0	0	0
72745140	-1	6029	0	0	0	0	0
72745139	-1	6023	0	0	0	0	0
72745138	-1	6030	0	0	0	0	0
72745137	-1	6024	0	0	0	0	0
72745132	-1	6254	0	0	0	0	0
72745124	-1	6242	0	0	0	0	0
72745122	-1	18569	0	0	0	0	0
72745115	-1	6241	0	0	0	0	0
72745107	-1	6252	0	0	0	0	0
72745099	-1	6240	0	0	0	0	0
72745091	-1	6255	0	0	0	0	0
72745082	-1	18686	0	0	0	0	0
72745074	-1	6034	0	0	0	0	0
72745071	-1	6251	0	0	0	0	0
72745064	-1	6246	0	0	0	0	0
72745057	-1	6253	0	0	0	0	0
72745050	-1	1848	0	0	0	0	0
72745037	-1	1515	0	0	0	0	0
72745032	-1	6252	0	0	0	0	0
72745024	-1	6240	0	0	0	0	0
72745016	-1	6256	0	0	0	0	0
72745004	-1	1848	0	0	0	0	0
72744986	-1	6245	0	0	0	0	0
72744978	-1	6246	0	0	0	0	0
72744970	-1	18686	0	0	0	0	0
72744968	-1	18568	0	0	0	0	0
72744967	-1	18567	0	0	0	0	0
72744966	-1	18566	0	0	0	0	0
72679486	-1	29065	0	0	0	0	0
72679479	-1	18686	0	0	0	0	0
72679472	-1	6253	0	0	0	0	0
72679465	-1	23803	0	0	0	0	0
72679464	-1	6241	0	0	0	0	0
72679463	-1	6256	0	0	0	0	0
72679462	-1	1848	0	0	0	0	0
43384919	-1	18571	0	0	0	0	0
43384916	-1	17759	0	0	0	0	0
43384913	-1	24508	0	0	0	0	0
43384911	-1	24503	0	0	0	0	0
43384910	-1	18571	0	0	0	0	0
43384908	-1	1729	0	0	0	0	0
43384907	-1	18571	0	0	0	0	0
43384905	-1	24506	0	0	0	0	0
43384904	-1	18571	0	0	0	0	0
43384901	-1	24505	0	0	0	0	0
43384900	-1	18571	0	0	0	0	0
43384886	-1	1176	0	0	0	0	0
43384883	-1	1177	0	0	0	0	0
43384881	-1	18826	0	0	0	0	0
43384880	-1	18571	0	0	0	0	0
43384878	-1	24504	0	0	0	0	0
43384877	-1	18571	0	0	0	0	0
43384875	-1	24507	0	0	0	0	0
43384874	-1	18571	0	0	0	0	0
43384865	6	18373	0	0	0	0	0
43384865	5	18372	0	0	0	0	0
43384865	4	18371	0	0	0	0	0
43384865	3	18376	0	0	0	0	0
43384865	2	18370	0	0	0	0	0
43384865	1	18369	0	0	0	0	0
43384865	0	18368	0	0	0	0	0
43384864	6	18373	0	0	0	0	0
43384864	5	18372	0	0	0	0	0
43384864	4	18371	0	0	0	0	0
43384864	3	18375	0	0	0	0	0
43384864	2	18370	0	0	0	0	0
43384864	1	18369	0	0	0	0	0
43384864	0	18368	0	0	0	0	0
43384863	-1	18826	0	0	0	0	0
43384862	-1	18566	0	0	0	0	0
43384860	-1	18566	0	0	0	0	0
43384858	-1	24505	0	0	0	0	0
43384857	-1	18566	0	0	0	0	0
43384855	-1	24504	0	0	0	0	0
43384854	-1	18566	0	0	0	0	0
43384852	-1	24503	0	0	0	0	0
43384851	-1	18566	0	0	0	0	0
43384849	-1	1729	0	0	0	0	0
43384848	-1	18566	0	0	0	0	0
43384846	-1	24506	0	0	0	0	0
43384845	-1	18566	0	0	0	0	0
43384843	-1	24507	0	0	0	0	0
43384842	-1	18566	0	0	0	0	0
43384838	3	791	0	0	0	0	0
43384838	2	789	0	0	0	0	0
43384838	1	790	0	0	0	0	0
43384838	4	773	0	0	0	0	0
43384838	5	788	0	0	0	0	0
43384838	6	792	0	0	0	0	0
43384836	31	18266	0	0	0	0	0
43384836	30	18266	0	0	0	0	0
43384836	29	18266	0	0	0	0	0
43384836	28	18266	0	0	0	0	0
43384836	27	18266	0	0	0	0	0
43384836	26	18266	0	0	0	0	0
43384836	25	18266	0	0	0	0	0
43384836	24	18266	0	0	0	0	0
43384836	23	18266	0	0	0	0	0
43384836	22	18266	0	0	0	0	0
43384836	21	18266	0	0	0	0	0
43384836	20	18266	0	0	0	0	0
43384836	19	18266	0	0	0	0	0
43384836	18	18266	0	0	0	0	0
43384836	17	18266	0	0	0	0	0
43384836	16	18266	0	0	0	0	0
43384836	15	18266	0	0	0	0	0
43384836	14	18266	0	0	0	0	0
43384836	13	18266	0	0	0	0	0
43384836	12	18266	0	0	0	0	0
43384836	11	18266	0	0	0	0	0
43384836	10	18266	0	0	0	0	0
43384836	9	18266	0	0	0	0	0
43384836	8	18266	0	0	0	0	0
43384836	7	18266	0	0	0	0	0
43384836	6	18266	0	0	0	0	0
43384836	5	18266	0	0	0	0	0
43384836	4	18266	0	0	0	0	0
43384836	3	18266	0	0	0	0	0
43384836	2	18266	0	0	0	0	0
43384836	1	18266	0	0	0	0	0
43384836	0	18266	0	0	0	0	0
41615371	-1	23769	0	0	0	0	0
41615370	13	18195	0	0	0	0	1
41615370	12	18197	0	0	0	0	0
41615370	11	18195	0	0	0	0	0
41615370	7	18194	0	0	0	0	1
41615370	6	18194	0	0	0	0	0
41615370	5	18196	0	0	0	0	0
41615370	2	18193	0	0	0	0	1
41615370	1	18193	0	0	0	0	0
41615365	0	18198	0	0	0	0	0
41615362	-1	21106	0	0	0	0	0
38666265	-1	3172	0	0	0	0	0
38666258	-1	741	0	0	0	0	0
38666251	2	18518	0	0	0	0	0
38666251	1	18517	0	0	0	0	0
38666251	0	18516	0	0	0	0	0
38666247	3	791	0	0	0	0	0
38666247	2	789	0	0	0	0	0
38666247	1	790	0	0	0	0	0
38666247	4	773	0	0	0	0	0
38666247	5	788	0	0	0	0	0
38666247	6	792	0	0	0	0	0
30408892	-1	18034	0	0	1	0	0
30408841	-1	18641	0	0	0	0	0
30408840	-1	18638	0	0	0	0	0
30408832	-1	2519	0	0	0	0	1
30408831	-1	2519	0	0	0	0	0
30408830	-1	2518	0	0	0	1	0
30408829	-1	2515	0	0	0	0	0
30408828	-1	2517	0	0	0	1	1
30408827	-1	2517	0	0	0	1	0
30408826	-1	2514	0	0	0	0	1
30408825	-1	2514	0	0	0	0	0
30408819	-1	2558	0	0	0	0	0
30408818	-1	2559	0	0	0	0	1
30408817	-1	2558	0	0	0	0	1
30408812	-1	2519	0	0	0	0	1
30408811	-1	2519	0	0	0	0	0
30408810	-1	2518	0	0	0	1	0
30408809	-1	2515	0	0	0	0	0
30408808	-1	2517	0	0	0	1	1
30408807	-1	2517	0	0	0	1	0
30408806	-1	2514	0	0	0	0	1
30408805	-1	2514	0	0	0	0	0
30408800	-1	2519	0	0	0	0	1
30408799	-1	2519	0	0	0	0	0
30408798	-1	2518	0	0	0	1	0
30408797	-1	2515	0	0	0	0	0
30408796	-1	2517	0	0	0	1	1
30408795	-1	2517	0	0	0	1	0
30408794	-1	2514	0	0	0	0	1
30408793	-1	2514	0	0	0	0	0
30408788	-1	2519	0	0	0	0	1
30408787	-1	2519	0	0	0	0	0
30408786	-1	2518	0	0	0	1	0
30408785	-1	2515	0	0	0	0	0
30408784	-1	2517	0	0	0	1	1
30408783	-1	2517	0	0	0	1	0
30408782	-1	2514	0	0	0	0	1
30408781	-1	2514	0	0	0	0	0
30408779	-1	1250	0	0	0	0	0
30408778	-1	2527	0	0	0	0	1
30408777	-1	2528	0	0	0	0	0
30408776	-1	2527	0	0	0	0	0
30408774	-1	2519	0	0	0	0	1
30408773	-1	2519	0	0	0	0	0
30408772	-1	2518	0	0	0	1	0
30408771	-1	2515	0	0	0	0	0
30408770	-1	2517	0	0	0	1	1
30408769	-1	2517	0	0	0	1	0
30408768	-1	2514	0	0	0	0	1
30408767	-1	2514	0	0	0	0	0
30408763	-1	1250	0	0	0	0	0
30408762	-1	2527	0	0	0	0	1
30408761	-1	2528	0	0	0	0	0
30408760	-1	2527	0	0	0	0	0
30408758	-1	2519	0	0	0	0	1
30408757	-1	2519	0	0	0	0	0
30408756	-1	2518	0	0	0	1	0
30408755	-1	2515	0	0	0	0	0
30408754	-1	2517	0	0	0	1	1
30408753	-1	2517	0	0	0	1	0
30408752	-1	2514	0	0	0	0	1
30408751	-1	2514	0	0	0	0	0
30408747	-1	1250	0	0	0	0	0
30408746	-1	2527	0	0	0	0	1
30408745	-1	2528	0	0	0	0	0
30408744	-1	2527	0	0	0	0	0
30408742	-1	2519	0	0	0	0	1
30408741	-1	2519	0	0	0	0	0
30408740	-1	2518	0	0	0	1	0
30408739	-1	2515	0	0	0	0	0
30408738	-1	2517	0	0	0	1	1
30408737	-1	2517	0	0	0	1	0
30408736	-1	2514	0	0	0	0	1
30408735	-1	2514	0	0	0	0	0
30408727	-1	2519	0	0	0	0	1
30408726	-1	2519	0	0	0	0	0
30408725	-1	2518	0	0	0	1	0
30408724	-1	2515	0	0	0	0	0
30408723	-1	2517	0	0	0	1	1
30408722	-1	2517	0	0	0	1	0
30408721	-1	2514	0	0	0	0	1
30408720	-1	2514	0	0	0	0	0
30408717	-1	2499	0	0	0	0	0
30408708	-1	18034	0	0	1	0	0
18087954	13	18160	0	0	0	0	1
18087954	12	18161	0	0	0	0	0
18087954	11	18160	0	0	0	0	0
18087954	7	18159	0	0	0	0	1
18087954	6	18159	0	0	0	0	0
18087954	5	18158	0	0	0	0	0
18087954	2	18157	0	0	0	0	1
18087954	1	18157	0	0	0	0	0
18087954	0	18158	0	0	0	0	0
18087953	0	18162	0	0	0	0	0
18087949	13	18160	0	0	0	0	1
18087949	12	18161	0	0	0	0	0
18087949	11	18160	0	0	0	0	0
18087949	7	18159	0	0	0	0	1
18087949	6	18159	0	0	0	0	0
18087949	5	18158	0	0	0	0	0
18087949	2	18157	0	0	0	0	1
18087949	1	18157	0	0	0	0	0
18087949	0	18158	0	0	0	0	0
18087948	0	18162	0	0	0	0	0
18087947	13	18166	0	0	0	0	1
18087947	12	18167	0	0	0	0	0
18087947	11	18166	0	0	0	0	0
18087947	7	18165	0	0	0	0	1
18087947	6	18165	0	0	0	0	0
18087947	5	18164	0	0	0	0	0
18087947	2	18163	0	0	0	0	1
18087947	1	18163	0	0	0	0	0
18087947	0	18164	0	0	0	0	0
18087945	0	18168	0	0	0	0	0
15138833	-1	24420	0	0	0	0	0
15138832	-1	24423	0	0	0	0	0
15138831	-1	23641	0	0	0	0	0
15138830	-1	23638	0	0	0	0	0
15138821	-1	23658	0	0	0	0	0
15138817	-1	23660	0	0	0	0	0
15138816	-1	23659	0	0	0	0	0
14942210	-1	8569	0	0	1	0	0
14942209	-1	8569	0	0	1	0	0
12451844	3	791	0	0	0	0	0
12451844	2	789	0	0	0	0	0
12451844	1	790	0	0	0	0	0
12451844	4	773	0	0	0	0	0
12451844	5	788	0	0	0	0	0
12451844	6	792	0	0	0	0	0
12255255	-1	16925	0	0	0	0	0
12255254	-1	29234	0	0	0	0	0
12255253	-1	16933	0	0	0	0	0
12255252	-1	16947	0	0	0	0	0
12255251	-1	16948	0	0	0	0	0
12255249	-1	16925	0	0	0	0	0
12255248	-1	16937	0	0	0	0	0
12255247	-1	16945	0	0	0	0	0
12255246	-1	16941	0	0	0	0	0
8978701	-1	26350	0	0	0	0	0
8978700	-1	23764	0	0	0	0	0
8978699	-1	18727	0	0	0	0	0
8978698	-1	19381	0	0	0	0	0
8978696	-1	29752	0	0	0	0	0
8978690	-1	23635	0	0	0	0	0
8978688	-1	1019	0	0	0	0	0
8978685	-1	24795	0	0	0	0	0
8978683	-1	1019	0	0	0	0	0
8978678	-1	1019	0	0	0	0	0
8978673	-1	1019	0	0	0	0	0
8978668	-1	1019	0	0	0	0	0
8978663	-1	1019	0	0	0	0	0
8978658	-1	1019	0	0	0	0	0
8978653	-1	1019	0	0	0	0	0
8978648	-1	1019	0	0	0	0	0
8978643	-1	1019	0	0	0	0	0
8978638	-1	1019	0	0	0	0	0
8978634	-1	1019	0	0	0	0	0
8978630	-1	2519	0	0	0	0	1
8978629	-1	2519	0	0	0	0	0
8978628	-1	2518	0	0	0	1	0
8978627	-1	2515	0	0	0	0	0
8978626	-1	2517	0	0	0	1	1
8978625	-1	2517	0	0	0	1	0
8978624	-1	2514	0	0	0	0	1
8978623	-1	2514	0	0	0	0	0
8978617	-1	2558	0	0	0	0	0
8978616	-1	2559	0	0	0	0	1
8978615	-1	2558	0	0	0	0	1
8978610	-1	2519	0	0	0	0	1
8978609	-1	2519	0	0	0	0	0
8978608	-1	2518	0	0	0	1	0
8978607	-1	2515	0	0	0	0	0
8978606	-1	2517	0	0	0	1	1
8978605	-1	2517	0	0	0	1	0
8978604	-1	2514	0	0	0	0	1
8978603	-1	2514	0	0	0	0	0
8978598	-1	2519	0	0	0	0	1
8978597	-1	2519	0	0	0	0	0
8978596	-1	2518	0	0	0	1	0
8978595	-1	2515	0	0	0	0	0
8978594	-1	2517	0	0	0	1	1
8978593	-1	2517	0	0	0	1	0
8978592	-1	2514	0	0	0	0	1
8978591	-1	2514	0	0	0	0	0
8978586	-1	2519	0	0	0	0	1
8978585	-1	2519	0	0	0	0	0
8978584	-1	2518	0	0	0	1	0
8978583	-1	2515	0	0	0	0	0
8978582	-1	2517	0	0	0	1	1
8978581	-1	2517	0	0	0	1	0
8978580	-1	2514	0	0	0	0	1
8978579	-1	2514	0	0	0	0	0
8978577	-1	1250	0	0	0	0	0
8978576	-1	2527	0	0	0	0	1
8978575	-1	2528	0	0	0	0	0
8978574	-1	2527	0	0	0	0	0
8978572	-1	2519	0	0	0	0	1
8978571	-1	2519	0	0	0	0	0
8978570	-1	2518	0	0	0	1	0
8978569	-1	2515	0	0	0	0	0
8978568	-1	2517	0	0	0	1	1
8978567	-1	2517	0	0	0	1	0
8978566	-1	2514	0	0	0	0	1
8978565	-1	2514	0	0	0	0	0
8978561	-1	1250	0	0	0	0	0
8978560	-1	2527	0	0	0	0	1
8978559	-1	2528	0	0	0	0	0
8978558	-1	2527	0	0	0	0	0
8978556	-1	2519	0	0	0	0	1
8978555	-1	2519	0	0	0	0	0
8978554	-1	2518	0	0	0	1	0
8978553	-1	2515	0	0	0	0	0
8978552	-1	2517	0	0	0	1	1
8978551	-1	2517	0	0	0	1	0
8978550	-1	2514	0	0	0	0	1
8978549	-1	2514	0	0	0	0	0
8978545	-1	1250	0	0	0	0	0
8978544	-1	2527	0	0	0	0	1
8978543	-1	2528	0	0	0	0	0
8978542	-1	2527	0	0	0	0	0
8978540	-1	2519	0	0	0	0	1
8978539	-1	2519	0	0	0	0	0
8978538	-1	2518	0	0	0	1	0
8978537	-1	2515	0	0	0	0	0
8978536	-1	2517	0	0	0	1	1
8978535	-1	2517	0	0	0	1	0
8978534	-1	2514	0	0	0	0	1
8978533	-1	2514	0	0	0	0	0
8978525	-1	2519	0	0	0	0	1
8978524	-1	2519	0	0	0	0	0
8978523	-1	2518	0	0	0	1	0
8978522	-1	2515	0	0	0	0	0
8978521	-1	2517	0	0	0	1	1
8978520	-1	2517	0	0	0	1	0
8978519	-1	2514	0	0	0	0	1
8978518	-1	2514	0	0	0	0	0
8978515	-1	2499	0	0	0	0	0
8978503	-1	18034	0	0	1	0	0
8978501	-1	18034	0	0	1	0	0
8978443	-1	18641	0	0	0	0	0
8978442	-1	18638	0	0	0	0	0
8978437	-1	2749	0	0	0	0	1
99156112	-1	18381	0	0	0	0	0
99156097	9	23840	0	0	0	0	0
99156097	8	23186	0	0	0	0	0
99156097	7	23185	0	0	0	0	0
99156097	6	23184	0	0	0	0	0
99156097	5	23183	0	0	0	0	0
99156097	4	23182	0	0	0	0	0
99156097	3	23181	0	0	0	0	0
99156097	2	23180	0	0	0	0	0
99156097	1	23179	0	0	0	0	0
99156097	0	23178	0	0	0	0	0
99156095	9	23846	0	0	0	0	0
99156095	8	23177	0	0	0	0	0
99156095	7	23176	0	0	0	0	0
99156095	6	23175	0	0	0	0	0
99156095	5	23174	0	0	0	0	0
99156095	4	23173	0	0	0	0	0
99156095	3	23172	0	0	0	0	0
99156095	2	23171	0	0	0	0	0
99156095	1	23170	0	0	0	0	0
99156095	0	23169	0	0	0	0	0
99156094	9	23846	0	0	0	0	0
99156094	8	23168	0	0	0	0	0
99156094	7	23167	0	0	0	0	0
99156094	6	23166	0	0	0	0	0
99156094	5	23165	0	0	0	0	0
99156094	4	23164	0	0	0	0	0
99156094	3	23163	0	0	0	0	0
99156094	2	23162	0	0	0	0	0
99156094	1	23161	0	0	0	0	0
99156094	0	23160	0	0	0	0	0
99156093	9	23843	0	0	0	0	0
99156093	8	23159	0	0	0	0	0
99156093	7	23158	0	0	0	0	0
99156093	6	23157	0	0	0	0	0
99156093	5	23156	0	0	0	0	0
99156093	4	23155	0	0	0	0	0
99156093	3	23154	0	0	0	0	0
99156093	2	23153	0	0	0	0	0
99156093	1	23152	0	0	0	0	0
99156093	0	23151	0	0	0	0	0
99156092	9	23840	0	0	0	0	0
99156092	8	23150	0	0	0	0	0
99156092	7	23149	0	0	0	0	0
99156092	6	23148	0	0	0	0	0
99156092	5	23147	0	0	0	0	0
99156092	4	23146	0	0	0	0	0
99156092	3	23145	0	0	0	0	0
99156092	2	23144	0	0	0	0	0
99156092	1	23143	0	0	0	0	0
99156092	0	23142	0	0	0	0	0
99156043	-1	18537	0	0	0	0	0
99156039	-1	18380	0	0	0	0	0
99156008	3	791	0	0	0	0	0
99156008	2	789	0	0	0	0	0
99156008	1	790	0	0	0	0	0
99156008	4	773	0	0	0	0	0
99156008	5	788	0	0	0	0	0
99156008	6	792	0	0	0	0	0
99155971	-1	3129	0	0	0	0	0
99155970	-1	18378	0	0	0	0	1
99155969	-1	18379	0	0	0	0	0
99155968	-1	18378	0	0	0	0	0
96797512	-1	33375	0	0	0	1	1
96797511	-1	33375	0	0	0	1	0
96797510	-1	33375	0	0	0	0	1
96797509	-1	33375	0	0	0	0	0
96797395	-1	18827	0	0	0	0	0
96797394	-1	18826	0	0	0	0	0
96797393	-1	18228	0	0	0	0	1
96797392	-1	18225	0	0	0	0	0
96797391	-1	18228	0	0	0	0	0
96797390	-1	18226	0	0	0	0	0
96797389	-1	18226	0	0	0	0	0
96797388	-1	18224	0	0	0	0	1
96797387	-1	18225	0	0	0	0	0
96797386	-1	18224	0	0	0	0	0
96797383	-1	18222	0	0	0	0	1
96797382	-1	18219	0	0	0	0	0
96797381	-1	18222	0	0	0	0	0
96797380	-1	18220	0	0	0	0	0
96797379	-1	18220	0	0	0	0	0
96797378	-1	18218	0	0	0	0	1
96797377	-1	18219	0	0	0	0	0
96797376	-1	18218	0	0	0	0	0
96797374	-1	18210	0	0	0	0	1
96797373	-1	18207	0	0	0	0	0
96797372	-1	18210	0	0	0	0	0
96797371	-1	18208	0	0	0	0	0
96797370	-1	18208	0	0	0	0	0
96797369	-1	18206	0	0	0	0	1
96797368	-1	18207	0	0	0	0	0
96797367	-1	18206	0	0	0	0	0
96796711	-1	10261	0	0	0	0	0
59965628	2	18467	0	0	0	0	0
59965628	1	18465	0	0	0	0	0
59965628	0	18466	0	0	0	0	0
59965626	2	18464	0	0	0	0	0
59965626	1	18462	0	0	0	0	0
59965626	0	18463	0	0	0	0	0
59965625	2	18461	0	0	0	0	0
59965625	1	18459	0	0	0	0	0
59965625	0	18460	0	0	0	0	0
59965624	2	18458	0	0	0	0	0
59965624	1	18456	0	0	0	0	0
59965624	0	18457	0	0	0	0	0
59965623	2	18455	0	0	0	0	0
59965623	1	18453	0	0	0	0	0
59965623	0	18454	0	0	0	0	0
59965620	8	18512	0	0	0	0	0
59965620	7	18511	0	0	0	0	0
59965620	6	18510	0	0	0	0	0
59965620	5	18509	0	0	0	0	0
59965620	4	18508	0	0	0	0	0
59965620	3	18507	0	0	0	0	0
59965620	2	18506	0	0	0	0	0
59965620	1	18505	0	0	0	0	0
59965620	0	18504	0	0	0	0	0
59965618	8	18503	0	0	0	0	0
59965618	7	18502	0	0	0	0	0
59965618	6	18501	0	0	0	0	0
59965618	5	18500	0	0	0	0	0
59965618	4	18499	0	0	0	0	0
59965618	3	18498	0	0	0	0	0
59965618	2	18497	0	0	0	0	0
59965618	1	18496	0	0	0	0	0
59965618	0	18495	0	0	0	0	0
59965617	8	18494	0	0	0	0	0
59965617	7	18493	0	0	0	0	0
59965617	6	18492	0	0	0	0	0
59965617	5	18491	0	0	0	0	0
59965617	4	18490	0	0	0	0	0
59965617	3	18489	0	0	0	0	0
59965617	2	18488	0	0	0	0	0
59965617	1	18487	0	0	0	0	0
59965617	0	18486	0	0	0	0	0
59965616	8	18485	0	0	0	0	0
59965616	7	18484	0	0	0	0	0
59965616	6	18483	0	0	0	0	0
59965616	5	18482	0	0	0	0	0
59965616	4	18481	0	0	0	0	0
59965616	3	18480	0	0	0	0	0
59965616	2	18479	0	0	0	0	0
59965616	1	18478	0	0	0	0	0
59965616	0	18477	0	0	0	0	0
59965615	8	18476	0	0	0	0	0
59965615	7	18475	0	0	0	0	0
59965615	6	18474	0	0	0	0	0
59965615	5	18473	0	0	0	0	0
59965615	4	18472	0	0	0	0	0
59965615	3	18471	0	0	0	0	0
59965615	2	18470	0	0	0	0	0
59965615	1	18469	0	0	0	0	0
59965615	0	18468	0	0	0	0	0
59965612	8	18512	0	0	0	0	0
59965612	7	18511	0	0	0	0	0
59965612	6	18510	0	0	0	0	0
59965612	5	18509	0	0	0	0	0
59965612	4	18508	0	0	0	0	0
59965612	3	18507	0	0	0	0	0
59965612	2	18506	0	0	0	0	0
59965612	1	18505	0	0	0	0	0
59965612	0	18504	0	0	0	0	0
59965610	8	18503	0	0	0	0	0
59965610	7	18502	0	0	0	0	0
59965610	6	18501	0	0	0	0	0
59965610	5	18500	0	0	0	0	0
59965610	4	18499	0	0	0	0	0
59965610	3	18498	0	0	0	0	0
59965610	2	18497	0	0	0	0	0
59965610	1	18496	0	0	0	0	0
59965610	0	18495	0	0	0	0	0
59965609	8	18494	0	0	0	0	0
59965609	7	18493	0	0	0	0	0
59965609	6	18492	0	0	0	0	0
59965609	5	18491	0	0	0	0	0
59965609	4	18490	0	0	0	0	0
59965609	3	18489	0	0	0	0	0
59965609	2	18488	0	0	0	0	0
59965609	1	18487	0	0	0	0	0
59965609	0	18486	0	0	0	0	0
59965608	8	18485	0	0	0	0	0
59965608	7	18484	0	0	0	0	0
59965608	6	18483	0	0	0	0	0
59965608	5	18482	0	0	0	0	0
59965608	4	18481	0	0	0	0	0
59965608	3	18480	0	0	0	0	0
59965608	2	18479	0	0	0	0	0
59965608	1	18478	0	0	0	0	0
59965608	0	18477	0	0	0	0	0
59965607	8	18476	0	0	0	0	0
59965607	7	18475	0	0	0	0	0
59965607	6	18474	0	0	0	0	0
59965607	5	18473	0	0	0	0	0
59965607	4	18472	0	0	0	0	0
59965607	3	18471	0	0	0	0	0
59965607	2	18470	0	0	0	0	0
59965607	1	18469	0	0	0	0	0
59965607	0	18468	0	0	0	0	0
59965604	8	18512	0	0	0	0	0
59965604	7	18511	0	0	0	0	0
59965604	6	18510	0	0	0	0	0
59965604	5	18509	0	0	0	0	0
59965604	4	18508	0	0	0	0	0
59965604	3	18507	0	0	0	0	0
59965604	2	18506	0	0	0	0	0
59965604	1	18505	0	0	0	0	0
59965604	0	18504	0	0	0	0	0
59965602	8	18503	0	0	0	0	0
59965602	7	18502	0	0	0	0	0
59965602	6	18501	0	0	0	0	0
59965602	5	18500	0	0	0	0	0
59965602	4	18499	0	0	0	0	0
59965602	3	18498	0	0	0	0	0
59965602	2	18497	0	0	0	0	0
59965602	1	18496	0	0	0	0	0
59965602	0	18495	0	0	0	0	0
59965601	8	18494	0	0	0	0	0
59965601	7	18493	0	0	0	0	0
59965601	6	18492	0	0	0	0	0
59965601	5	18491	0	0	0	0	0
59965601	4	18490	0	0	0	0	0
59965601	3	18489	0	0	0	0	0
59965601	2	18488	0	0	0	0	0
59965601	1	18487	0	0	0	0	0
59965601	0	18486	0	0	0	0	0
59965600	8	18485	0	0	0	0	0
59965600	7	18484	0	0	0	0	0
59965600	6	18483	0	0	0	0	0
59965600	5	18482	0	0	0	0	0
59965600	4	18481	0	0	0	0	0
59965600	3	18480	0	0	0	0	0
59965600	2	18479	0	0	0	0	0
59965600	1	18478	0	0	0	0	0
59965600	0	18477	0	0	0	0	0
59965599	8	18476	0	0	0	0	0
59965599	7	18475	0	0	0	0	0
59965599	6	18474	0	0	0	0	0
59965599	5	18473	0	0	0	0	0
59965599	4	18472	0	0	0	0	0
59965599	3	18471	0	0	0	0	0
59965599	2	18470	0	0	0	0	0
59965599	1	18469	0	0	0	0	0
59965599	0	18468	0	0	0	0	0
59965596	8	18512	0	0	0	0	0
59965596	7	18511	0	0	0	0	0
59965596	6	18510	0	0	0	0	0
59965596	5	18509	0	0	0	0	0
59965596	4	18508	0	0	0	0	0
59965596	3	18507	0	0	0	0	0
59965596	2	18506	0	0	0	0	0
59965596	1	18505	0	0	0	0	0
59965596	0	18504	0	0	0	0	0
59965594	8	18503	0	0	0	0	0
59965594	7	18502	0	0	0	0	0
59965594	6	18501	0	0	0	0	0
59965594	5	18500	0	0	0	0	0
59965594	4	18499	0	0	0	0	0
59965594	3	18498	0	0	0	0	0
59965594	2	18497	0	0	0	0	0
59965594	1	18496	0	0	0	0	0
59965594	0	18495	0	0	0	0	0
59965593	8	18494	0	0	0	0	0
59965593	7	18493	0	0	0	0	0
59965593	6	18492	0	0	0	0	0
59965593	5	18491	0	0	0	0	0
59965593	4	18490	0	0	0	0	0
59965593	3	18489	0	0	0	0	0
59965593	2	18488	0	0	0	0	0
59965593	1	18487	0	0	0	0	0
59965593	0	18486	0	0	0	0	0
59965592	8	18485	0	0	0	0	0
59965592	7	18484	0	0	0	0	0
59965592	6	18483	0	0	0	0	0
59965592	5	18482	0	0	0	0	0
59965592	4	18481	0	0	0	0	0
59965592	3	18480	0	0	0	0	0
59965592	2	18479	0	0	0	0	0
59965592	1	18478	0	0	0	0	0
59965592	0	18477	0	0	0	0	0
59965591	8	18476	0	0	0	0	0
59965591	7	18475	0	0	0	0	0
59965591	6	18474	0	0	0	0	0
59965591	5	18473	0	0	0	0	0
59965591	4	18472	0	0	0	0	0
59965591	3	18471	0	0	0	0	0
59965591	2	18470	0	0	0	0	0
59965591	1	18469	0	0	0	0	0
59965591	0	18468	0	0	0	0	0
59965588	8	18512	0	0	0	0	0
59965588	7	18511	0	0	0	0	0
59965588	6	18510	0	0	0	0	0
59965588	5	18509	0	0	0	0	0
59965588	4	18508	0	0	0	0	0
59965588	3	18507	0	0	0	0	0
59965588	2	18506	0	0	0	0	0
59965588	1	18505	0	0	0	0	0
59965588	0	18504	0	0	0	0	0
59965586	8	18503	0	0	0	0	0
59965586	7	18502	0	0	0	0	0
59965586	6	18501	0	0	0	0	0
59965586	5	18500	0	0	0	0	0
59965586	4	18499	0	0	0	0	0
59965586	3	18498	0	0	0	0	0
59965586	2	18497	0	0	0	0	0
59965586	1	18496	0	0	0	0	0
59965586	0	18495	0	0	0	0	0
59965585	8	18494	0	0	0	0	0
59965585	7	18493	0	0	0	0	0
59965585	6	18492	0	0	0	0	0
59965585	5	18491	0	0	0	0	0
59965585	4	18490	0	0	0	0	0
59965585	3	18489	0	0	0	0	0
59965585	2	18488	0	0	0	0	0
59965585	1	18487	0	0	0	0	0
59965585	0	18486	0	0	0	0	0
59965584	8	18485	0	0	0	0	0
59965584	7	18484	0	0	0	0	0
59965584	6	18483	0	0	0	0	0
59965584	5	18482	0	0	0	0	0
59965584	4	18481	0	0	0	0	0
59965584	3	18480	0	0	0	0	0
59965584	2	18479	0	0	0	0	0
59965584	1	18478	0	0	0	0	0
59965584	0	18477	0	0	0	0	0
59965583	8	18476	0	0	0	0	0
59965583	7	18475	0	0	0	0	0
59965583	6	18474	0	0	0	0	0
59965583	5	18473	0	0	0	0	0
59965583	4	18472	0	0	0	0	0
59965583	3	18471	0	0	0	0	0
59965583	2	18470	0	0	0	0	0
59965583	1	18469	0	0	0	0	0
59965583	0	18468	0	0	0	0	0
59965580	8	18512	0	0	0	0	0
59965580	7	18511	0	0	0	0	0
59965580	6	18510	0	0	0	0	0
59965580	5	18509	0	0	0	0	0
59965580	4	18508	0	0	0	0	0
59965580	3	18507	0	0	0	0	0
59965580	2	18506	0	0	0	0	0
59965580	1	18505	0	0	0	0	0
59965580	0	18504	0	0	0	0	0
59965578	8	18503	0	0	0	0	0
59965578	7	18502	0	0	0	0	0
59965578	6	18501	0	0	0	0	0
59965578	5	18500	0	0	0	0	0
59965578	4	18499	0	0	0	0	0
59965578	3	18498	0	0	0	0	0
59965578	2	18497	0	0	0	0	0
59965578	1	18496	0	0	0	0	0
59965578	0	18495	0	0	0	0	0
59965577	8	18494	0	0	0	0	0
59965577	7	18493	0	0	0	0	0
59965577	6	18492	0	0	0	0	0
59965577	5	18491	0	0	0	0	0
59965577	4	18490	0	0	0	0	0
59965577	3	18489	0	0	0	0	0
59965577	2	18488	0	0	0	0	0
59965577	1	18487	0	0	0	0	0
59965577	0	18486	0	0	0	0	0
59965576	8	18485	0	0	0	0	0
59965576	7	18484	0	0	0	0	0
59965576	6	18483	0	0	0	0	0
59965576	5	18482	0	0	0	0	0
59965576	4	18481	0	0	0	0	0
59965576	3	18480	0	0	0	0	0
59965576	2	18479	0	0	0	0	0
59965576	1	18478	0	0	0	0	0
59965576	0	18477	0	0	0	0	0
59965575	8	18476	0	0	0	0	0
59965575	7	18475	0	0	0	0	0
59965575	6	18474	0	0	0	0	0
59965575	5	18473	0	0	0	0	0
59965575	4	18472	0	0	0	0	0
59965575	3	18471	0	0	0	0	0
59965575	2	18470	0	0	0	0	0
59965575	1	18469	0	0	0	0	0
59965575	0	18468	0	0	0	0	0
59965572	8	18512	0	0	0	0	0
59965572	7	18511	0	0	0	0	0
59965572	6	18510	0	0	0	0	0
59965572	5	18509	0	0	0	0	0
59965572	4	18508	0	0	0	0	0
59965572	3	18507	0	0	0	0	0
59965572	2	18506	0	0	0	0	0
59965572	1	18505	0	0	0	0	0
59965572	0	18504	0	0	0	0	0
59965570	8	18503	0	0	0	0	0
59965570	7	18502	0	0	0	0	0
59965570	6	18501	0	0	0	0	0
59965570	5	18500	0	0	0	0	0
59965570	4	18499	0	0	0	0	0
59965570	3	18498	0	0	0	0	0
59965570	2	18497	0	0	0	0	0
59965570	1	18496	0	0	0	0	0
59965570	0	18495	0	0	0	0	0
59965569	8	18494	0	0	0	0	0
59965569	7	18493	0	0	0	0	0
59965569	6	18492	0	0	0	0	0
59965569	5	18491	0	0	0	0	0
59965569	4	18490	0	0	0	0	0
59965569	3	18489	0	0	0	0	0
59965569	2	18488	0	0	0	0	0
59965569	1	18487	0	0	0	0	0
59965569	0	18486	0	0	0	0	0
59965568	8	18485	0	0	0	0	0
59965568	7	18484	0	0	0	0	0
59965568	6	18483	0	0	0	0	0
59965568	5	18482	0	0	0	0	0
59965568	4	18481	0	0	0	0	0
59965568	3	18480	0	0	0	0	0
59965568	2	18479	0	0	0	0	0
59965568	1	18478	0	0	0	0	0
59965568	0	18477	0	0	0	0	0
59965567	8	18476	0	0	0	0	0
59965567	7	18475	0	0	0	0	0
59965567	6	18474	0	0	0	0	0
59965567	5	18473	0	0	0	0	0
59965567	4	18472	0	0	0	0	0
59965567	3	18471	0	0	0	0	0
59965567	2	18470	0	0	0	0	0
59965567	1	18469	0	0	0	0	0
59965567	0	18468	0	0	0	0	0
59965564	8	18512	0	0	0	0	0
59965564	7	18511	0	0	0	0	0
59965564	6	18510	0	0	0	0	0
59965564	5	18509	0	0	0	0	0
59965564	4	18508	0	0	0	0	0
59965564	3	18507	0	0	0	0	0
59965564	2	18506	0	0	0	0	0
59965564	1	18505	0	0	0	0	0
59965564	0	18504	0	0	0	0	0
59965562	8	18503	0	0	0	0	0
59965562	7	18502	0	0	0	0	0
59965562	6	18501	0	0	0	0	0
59965562	5	18500	0	0	0	0	0
59965562	4	18499	0	0	0	0	0
59965562	3	18498	0	0	0	0	0
59965562	2	18497	0	0	0	0	0
59965562	1	18496	0	0	0	0	0
59965562	0	18495	0	0	0	0	0
59965561	8	18494	0	0	0	0	0
59965561	7	18493	0	0	0	0	0
59965561	6	18492	0	0	0	0	0
59965561	5	18491	0	0	0	0	0
59965561	4	18490	0	0	0	0	0
59965561	3	18489	0	0	0	0	0
59965561	2	18488	0	0	0	0	0
59965561	1	18487	0	0	0	0	0
59965561	0	18486	0	0	0	0	0
59965560	8	18485	0	0	0	0	0
59965560	7	18484	0	0	0	0	0
59965560	6	18483	0	0	0	0	0
59965560	5	18482	0	0	0	0	0
59965560	4	18481	0	0	0	0	0
59965560	3	18480	0	0	0	0	0
59965560	2	18479	0	0	0	0	0
59965560	1	18478	0	0	0	0	0
59965560	0	18477	0	0	0	0	0
59965559	8	18476	0	0	0	0	0
59965559	7	18475	0	0	0	0	0
59965559	6	18474	0	0	0	0	0
59965559	5	18473	0	0	0	0	0
59965559	4	18472	0	0	0	0	0
59965559	3	18471	0	0	0	0	0
59965559	2	18470	0	0	0	0	0
59965559	1	18469	0	0	0	0	0
59965559	0	18468	0	0	0	0	0
59965556	8	18512	0	0	0	0	0
59965556	7	18511	0	0	0	0	0
59965556	6	18510	0	0	0	0	0
59965556	5	18509	0	0	0	0	0
59965556	4	18508	0	0	0	0	0
59965556	3	18507	0	0	0	0	0
59965556	2	18506	0	0	0	0	0
59965556	1	18505	0	0	0	0	0
59965556	0	18504	0	0	0	0	0
59965554	8	18503	0	0	0	0	0
59965554	7	18502	0	0	0	0	0
59965554	6	18501	0	0	0	0	0
59965554	5	18500	0	0	0	0	0
59965554	4	18499	0	0	0	0	0
59965554	3	18498	0	0	0	0	0
59965554	2	18497	0	0	0	0	0
59965554	1	18496	0	0	0	0	0
59965554	0	18495	0	0	0	0	0
59965553	8	18494	0	0	0	0	0
59965553	7	18493	0	0	0	0	0
59965553	6	18492	0	0	0	0	0
59965553	5	18491	0	0	0	0	0
59965553	4	18490	0	0	0	0	0
59965553	3	18489	0	0	0	0	0
59965553	2	18488	0	0	0	0	0
59965553	1	18487	0	0	0	0	0
59965553	0	18486	0	0	0	0	0
59965552	8	18485	0	0	0	0	0
59965552	7	18484	0	0	0	0	0
59965552	6	18483	0	0	0	0	0
59965552	5	18482	0	0	0	0	0
59965552	4	18481	0	0	0	0	0
59965552	3	18480	0	0	0	0	0
59965552	2	18479	0	0	0	0	0
59965552	1	18478	0	0	0	0	0
59965552	0	18477	0	0	0	0	0
59965551	8	18476	0	0	0	0	0
59965551	7	18475	0	0	0	0	0
59965551	6	18474	0	0	0	0	0
59965551	5	18473	0	0	0	0	0
59965551	4	18472	0	0	0	0	0
59965551	3	18471	0	0	0	0	0
59965551	2	18470	0	0	0	0	0
59965551	1	18469	0	0	0	0	0
59965551	0	18468	0	0	0	0	0
59965548	8	18512	0	0	0	0	0
59965548	7	18511	0	0	0	0	0
59965548	6	18510	0	0	0	0	0
59965548	5	18509	0	0	0	0	0
59965548	4	18508	0	0	0	0	0
59965548	3	18507	0	0	0	0	0
59965548	2	18506	0	0	0	0	0
59965548	1	18505	0	0	0	0	0
59965548	0	18504	0	0	0	0	0
59965546	8	18503	0	0	0	0	0
59965546	7	18502	0	0	0	0	0
59965546	6	18501	0	0	0	0	0
59965546	5	18500	0	0	0	0	0
59965546	4	18499	0	0	0	0	0
59965546	3	18498	0	0	0	0	0
59965546	2	18497	0	0	0	0	0
59965546	1	18496	0	0	0	0	0
59965546	0	18495	0	0	0	0	0
59965545	8	18494	0	0	0	0	0
59965545	7	18493	0	0	0	0	0
59965545	6	18492	0	0	0	0	0
59965545	5	18491	0	0	0	0	0
59965545	4	18490	0	0	0	0	0
59965545	3	18489	0	0	0	0	0
59965545	2	18488	0	0	0	0	0
59965545	1	18487	0	0	0	0	0
59965545	0	18486	0	0	0	0	0
59965544	8	18485	0	0	0	0	0
59965544	7	18484	0	0	0	0	0
59965544	6	18483	0	0	0	0	0
59965544	5	18482	0	0	0	0	0
59965544	4	18481	0	0	0	0	0
59965544	3	18480	0	0	0	0	0
59965544	2	18479	0	0	0	0	0
59965544	1	18478	0	0	0	0	0
59965544	0	18477	0	0	0	0	0
59965543	8	18476	0	0	0	0	0
59965543	7	18475	0	0	0	0	0
59965543	6	18474	0	0	0	0	0
59965543	5	18473	0	0	0	0	0
59965543	4	18472	0	0	0	0	0
59965543	3	18471	0	0	0	0	0
59965543	2	18470	0	0	0	0	0
59965543	1	18469	0	0	0	0	0
59965543	0	18468	0	0	0	0	0
59965540	8	18512	0	0	0	0	0
59965540	7	18511	0	0	0	0	0
59965540	6	18510	0	0	0	0	0
59965540	5	18509	0	0	0	0	0
59965540	4	18508	0	0	0	0	0
59965540	3	18507	0	0	0	0	0
59965540	2	18506	0	0	0	0	0
59965540	1	18505	0	0	0	0	0
59965540	0	18504	0	0	0	0	0
59965538	8	18503	0	0	0	0	0
59965538	7	18502	0	0	0	0	0
59965538	6	18501	0	0	0	0	0
59965538	5	18500	0	0	0	0	0
59965538	4	18499	0	0	0	0	0
59965538	3	18498	0	0	0	0	0
59965538	2	18497	0	0	0	0	0
59965538	1	18496	0	0	0	0	0
59965538	0	18495	0	0	0	0	0
59965537	8	18494	0	0	0	0	0
59965537	7	18493	0	0	0	0	0
59965537	6	18492	0	0	0	0	0
59965537	5	18491	0	0	0	0	0
59965537	4	18490	0	0	0	0	0
59965537	3	18489	0	0	0	0	0
59965537	2	18488	0	0	0	0	0
59965537	1	18487	0	0	0	0	0
59965537	0	18486	0	0	0	0	0
59965536	8	18485	0	0	0	0	0
59965536	7	18484	0	0	0	0	0
59965536	6	18483	0	0	0	0	0
59965536	5	18482	0	0	0	0	0
59965536	4	18481	0	0	0	0	0
59965536	3	18480	0	0	0	0	0
59965536	2	18479	0	0	0	0	0
59965536	1	18478	0	0	0	0	0
59965536	0	18477	0	0	0	0	0
59965535	8	18476	0	0	0	0	0
59965535	7	18475	0	0	0	0	0
59965535	6	18474	0	0	0	0	0
59965535	5	18473	0	0	0	0	0
59965535	4	18472	0	0	0	0	0
59965535	3	18471	0	0	0	0	0
59965535	2	18470	0	0	0	0	0
59965535	1	18469	0	0	0	0	0
59965535	0	18468	0	0	0	0	0
59965532	8	18512	0	0	0	0	0
59965532	7	18511	0	0	0	0	0
59965532	6	18510	0	0	0	0	0
59965532	5	18509	0	0	0	0	0
59965532	4	18508	0	0	0	0	0
59965532	3	18507	0	0	0	0	0
59965532	2	18506	0	0	0	0	0
59965532	1	18505	0	0	0	0	0
59965532	0	18504	0	0	0	0	0
59965530	8	18503	0	0	0	0	0
59965530	7	18502	0	0	0	0	0
59965530	6	18501	0	0	0	0	0
59965530	5	18500	0	0	0	0	0
59965530	4	18499	0	0	0	0	0
59965530	3	18498	0	0	0	0	0
59965530	2	18497	0	0	0	0	0
59965530	1	18496	0	0	0	0	0
59965530	0	18495	0	0	0	0	0
59965529	8	18494	0	0	0	0	0
59965529	7	18493	0	0	0	0	0
59965529	6	18492	0	0	0	0	0
59965529	5	18491	0	0	0	0	0
59965529	4	18490	0	0	0	0	0
59965529	3	18489	0	0	0	0	0
59965529	2	18488	0	0	0	0	0
59965529	1	18487	0	0	0	0	0
59965529	0	18486	0	0	0	0	0
59965528	8	18485	0	0	0	0	0
59965528	7	18484	0	0	0	0	0
59965528	6	18483	0	0	0	0	0
59965528	5	18482	0	0	0	0	0
59965528	4	18481	0	0	0	0	0
59965528	3	18480	0	0	0	0	0
59965528	2	18479	0	0	0	0	0
59965528	1	18478	0	0	0	0	0
59965528	0	18477	0	0	0	0	0
59965527	8	18476	0	0	0	0	0
59965527	7	18475	0	0	0	0	0
59965527	6	18474	0	0	0	0	0
59965527	5	18473	0	0	0	0	0
59965527	4	18472	0	0	0	0	0
59965527	3	18471	0	0	0	0	0
59965527	2	18470	0	0	0	0	0
59965527	1	18469	0	0	0	0	0
59965527	0	18468	0	0	0	0	0
59965524	8	18512	0	0	0	0	0
59965524	7	18511	0	0	0	0	0
59965524	6	18510	0	0	0	0	0
59965524	5	18509	0	0	0	0	0
59965524	4	18508	0	0	0	0	0
59965524	3	18507	0	0	0	0	0
59965524	2	18506	0	0	0	0	0
59965524	1	18505	0	0	0	0	0
59965524	0	18504	0	0	0	0	0
59965522	8	18503	0	0	0	0	0
59965522	7	18502	0	0	0	0	0
59965522	6	18501	0	0	0	0	0
59965522	5	18500	0	0	0	0	0
59965522	4	18499	0	0	0	0	0
59965522	3	18498	0	0	0	0	0
59965522	2	18497	0	0	0	0	0
59965522	1	18496	0	0	0	0	0
59965522	0	18495	0	0	0	0	0
59965521	8	18494	0	0	0	0	0
59965521	7	18493	0	0	0	0	0
59965521	6	18492	0	0	0	0	0
59965521	5	18491	0	0	0	0	0
59965521	4	18490	0	0	0	0	0
59965521	3	18489	0	0	0	0	0
59965521	2	18488	0	0	0	0	0
59965521	1	18487	0	0	0	0	0
59965521	0	18486	0	0	0	0	0
59965520	8	18485	0	0	0	0	0
59965520	7	18484	0	0	0	0	0
59965520	6	18483	0	0	0	0	0
59965520	5	18482	0	0	0	0	0
59965520	4	18481	0	0	0	0	0
59965520	3	18480	0	0	0	0	0
59965520	2	18479	0	0	0	0	0
59965520	1	18478	0	0	0	0	0
59965520	0	18477	0	0	0	0	0
59965519	8	18476	0	0	0	0	0
59965519	7	18475	0	0	0	0	0
59965519	6	18474	0	0	0	0	0
59965519	5	18473	0	0	0	0	0
59965519	4	18472	0	0	0	0	0
59965519	3	18471	0	0	0	0	0
59965519	2	18470	0	0	0	0	0
59965519	1	18469	0	0	0	0	0
59965519	0	18468	0	0	0	0	0
59965516	8	18512	0	0	0	0	0
59965516	7	18511	0	0	0	0	0
59965516	6	18510	0	0	0	0	0
59965516	5	18509	0	0	0	0	0
59965516	4	18508	0	0	0	0	0
59965516	3	18507	0	0	0	0	0
59965516	2	18506	0	0	0	0	0
59965516	1	18505	0	0	0	0	0
59965516	0	18504	0	0	0	0	0
59965514	8	18503	0	0	0	0	0
59965514	7	18502	0	0	0	0	0
59965514	6	18501	0	0	0	0	0
59965514	5	18500	0	0	0	0	0
59965514	4	18499	0	0	0	0	0
59965514	3	18498	0	0	0	0	0
59965514	2	18497	0	0	0	0	0
59965514	1	18496	0	0	0	0	0
59965514	0	18495	0	0	0	0	0
59965513	8	18494	0	0	0	0	0
59965513	7	18493	0	0	0	0	0
59965513	6	18492	0	0	0	0	0
59965513	5	18491	0	0	0	0	0
59965513	4	18490	0	0	0	0	0
59965513	3	18489	0	0	0	0	0
59965513	2	18488	0	0	0	0	0
59965513	1	18487	0	0	0	0	0
59965513	0	18486	0	0	0	0	0
59965512	8	18485	0	0	0	0	0
59965512	7	18484	0	0	0	0	0
59965512	6	18483	0	0	0	0	0
59965512	5	18482	0	0	0	0	0
59965512	4	18481	0	0	0	0	0
59965512	3	18480	0	0	0	0	0
59965512	2	18479	0	0	0	0	0
59965512	1	18478	0	0	0	0	0
59965512	0	18477	0	0	0	0	0
59965511	8	18476	0	0	0	0	0
59965511	7	18475	0	0	0	0	0
59965511	6	18474	0	0	0	0	0
59965511	5	18473	0	0	0	0	0
59965511	4	18472	0	0	0	0	0
59965511	3	18471	0	0	0	0	0
59965511	2	18470	0	0	0	0	0
59965511	1	18469	0	0	0	0	0
59965511	0	18468	0	0	0	0	0
59965508	8	18512	0	0	0	0	0
59965508	7	18511	0	0	0	0	0
59965508	6	18510	0	0	0	0	0
59965508	5	18509	0	0	0	0	0
59965508	4	18508	0	0	0	0	0
59965508	3	18507	0	0	0	0	0
59965508	2	18506	0	0	0	0	0
59965508	1	18505	0	0	0	0	0
59965508	0	18504	0	0	0	0	0
59965506	8	18503	0	0	0	0	0
59965506	7	18502	0	0	0	0	0
59965506	6	18501	0	0	0	0	0
59965506	5	18500	0	0	0	0	0
59965506	4	18499	0	0	0	0	0
59965506	3	18498	0	0	0	0	0
59965506	2	18497	0	0	0	0	0
59965506	1	18496	0	0	0	0	0
59965506	0	18495	0	0	0	0	0
59965505	8	18494	0	0	0	0	0
59965505	7	18493	0	0	0	0	0
59965505	6	18492	0	0	0	0	0
59965505	5	18491	0	0	0	0	0
59965505	4	18490	0	0	0	0	0
59965505	3	18489	0	0	0	0	0
59965505	2	18488	0	0	0	0	0
59965505	1	18487	0	0	0	0	0
59965505	0	18486	0	0	0	0	0
59965504	8	18485	0	0	0	0	0
59965504	7	18484	0	0	0	0	0
59965504	6	18483	0	0	0	0	0
59965504	5	18482	0	0	0	0	0
59965504	4	18481	0	0	0	0	0
59965504	3	18480	0	0	0	0	0
59965504	2	18479	0	0	0	0	0
59965504	1	18478	0	0	0	0	0
59965504	0	18477	0	0	0	0	0
59965503	8	18476	0	0	0	0	0
59965503	7	18475	0	0	0	0	0
59965503	6	18474	0	0	0	0	0
59965503	5	18473	0	0	0	0	0
59965503	4	18472	0	0	0	0	0
59965503	3	18471	0	0	0	0	0
59965503	2	18470	0	0	0	0	0
59965503	1	18469	0	0	0	0	0
59965503	0	18468	0	0	0	0	0
59965500	8	18512	0	0	0	0	0
59965500	7	18511	0	0	0	0	0
59965500	6	18510	0	0	0	0	0
59965500	5	18509	0	0	0	0	0
59965500	4	18508	0	0	0	0	0
59965500	3	18507	0	0	0	0	0
59965500	2	18506	0	0	0	0	0
59965500	1	18505	0	0	0	0	0
59965500	0	18504	0	0	0	0	0
59965498	8	18503	0	0	0	0	0
59965498	7	18502	0	0	0	0	0
59965498	6	18501	0	0	0	0	0
59965498	5	18500	0	0	0	0	0
59965498	4	18499	0	0	0	0	0
59965498	3	18498	0	0	0	0	0
59965498	2	18497	0	0	0	0	0
59965498	1	18496	0	0	0	0	0
59965498	0	18495	0	0	0	0	0
59965497	8	18494	0	0	0	0	0
59965497	7	18493	0	0	0	0	0
59965497	6	18492	0	0	0	0	0
59965497	5	18491	0	0	0	0	0
59965497	4	18490	0	0	0	0	0
59965497	3	18489	0	0	0	0	0
59965497	2	18488	0	0	0	0	0
59965497	1	18487	0	0	0	0	0
59965497	0	18486	0	0	0	0	0
59965496	8	18485	0	0	0	0	0
59965496	7	18484	0	0	0	0	0
59965496	6	18483	0	0	0	0	0
59965496	5	18482	0	0	0	0	0
59965496	4	18481	0	0	0	0	0
59965496	3	18480	0	0	0	0	0
59965496	2	18479	0	0	0	0	0
59965496	1	18478	0	0	0	0	0
59965496	0	18477	0	0	0	0	0
59965495	8	18476	0	0	0	0	0
59965495	7	18475	0	0	0	0	0
59965495	6	18474	0	0	0	0	0
59965495	5	18473	0	0	0	0	0
59965495	4	18472	0	0	0	0	0
59965495	3	18471	0	0	0	0	0
59965495	2	18470	0	0	0	0	0
59965495	1	18469	0	0	0	0	0
59965495	0	18468	0	0	0	0	0
59965492	-1	4131	0	0	0	0	0
59965487	-1	2696	0	0	0	1	1
59965486	-1	2696	0	0	0	0	1
59965485	-1	2696	0	0	0	1	0
59965484	-1	2696	0	0	0	0	0
59965467	-1	18641	0	0	0	0	0
59965464	-1	20268	0	0	0	0	0
59965462	-1	18641	0	0	0	0	0
59965460	-1	18641	0	0	0	0	0
59965458	-1	18641	0	0	0	0	0
59965456	-1	1764	0	0	0	0	0
59965455	-1	1763	0	0	0	0	0
59965454	-1	1762	0	0	0	0	0
59965449	15	21402	0	0	0	0	0
59965449	13	21399	0	0	0	0	1
59965449	12	21400	0	0	0	0	0
59965449	11	21399	0	0	0	0	0
59965449	7	21398	0	0	0	0	1
59965449	6	21398	0	0	0	0	0
59965449	5	21397	0	0	0	0	0
59965449	2	21396	0	0	0	0	1
59965449	1	21396	0	0	0	0	0
59965445	0	18198	0	0	0	0	0
59899933	2	18467	0	0	0	0	0
59899933	1	18465	0	0	0	0	0
59899933	0	18466	0	0	0	0	0
59899931	2	18464	0	0	0	0	0
59899931	1	18462	0	0	0	0	0
59899931	0	18463	0	0	0	0	0
59899930	2	18461	0	0	0	0	0
59899930	1	18459	0	0	0	0	0
59899930	0	18460	0	0	0	0	0
59899929	2	18458	0	0	0	0	0
59899929	1	18456	0	0	0	0	0
59899929	0	18457	0	0	0	0	0
59899928	2	18455	0	0	0	0	0
59899928	1	18453	0	0	0	0	0
59899928	0	18454	0	0	0	0	0
59899924	2	17830	0	0	0	0	0
59899924	1	17828	0	0	0	0	0
59899924	0	17829	0	0	0	0	0
59899922	2	17827	0	0	0	0	0
59899922	1	17825	0	0	0	0	0
59899922	0	17826	0	0	0	0	0
59899921	2	17824	0	0	0	0	0
59899921	1	17822	0	0	0	0	0
59899921	0	17823	0	0	0	0	0
59899920	2	17821	0	0	0	0	0
59899920	1	17819	0	0	0	0	0
59899920	0	17820	0	0	0	0	0
59899919	2	17818	0	0	0	0	0
59899919	1	17816	0	0	0	0	0
59899919	0	17817	0	0	0	0	0
59899915	-1	20268	0	0	0	0	0
59899911	15	21402	0	0	0	0	0
59899911	13	21399	0	0	0	0	1
59899911	12	21400	0	0	0	0	0
59899911	11	21399	0	0	0	0	0
59899911	7	21398	0	0	0	0	1
59899911	6	21398	0	0	0	0	0
59899911	5	21397	0	0	0	0	0
59899911	2	21396	0	0	0	0	1
59899911	1	21396	0	0	0	0	0
59899909	0	18198	0	0	0	0	0
59899908	8	18238	0	0	0	0	0
59899908	7	18237	0	0	0	0	0
59899908	6	18236	0	0	0	0	0
59899908	5	18235	0	0	0	0	0
59899908	4	18234	0	0	0	0	0
59899908	3	18233	0	0	0	0	0
59899908	2	18232	0	0	0	0	0
59899908	1	18231	0	0	0	0	0
59899908	0	18230	0	0	0	0	0
59834395	8	18512	0	0	0	0	0
59834395	7	18511	0	0	0	0	0
59834395	6	18510	0	0	0	0	0
59834395	5	18509	0	0	0	0	0
59834395	4	18508	0	0	0	0	0
59834395	3	18507	0	0	0	0	0
59834395	2	18506	0	0	0	0	0
59834395	1	18505	0	0	0	0	0
59834395	0	18504	0	0	0	0	0
59834393	8	18503	0	0	0	0	0
59834393	7	18502	0	0	0	0	0
59834393	6	18501	0	0	0	0	0
59834393	5	18500	0	0	0	0	0
59834393	4	18499	0	0	0	0	0
59834393	3	18498	0	0	0	0	0
59834393	2	18497	0	0	0	0	0
59834393	1	18496	0	0	0	0	0
59834393	0	18495	0	0	0	0	0
59834392	8	18494	0	0	0	0	0
59834392	7	18493	0	0	0	0	0
59834392	6	18492	0	0	0	0	0
59834392	5	18491	0	0	0	0	0
59834392	4	18490	0	0	0	0	0
59834392	3	18489	0	0	0	0	0
59834392	2	18488	0	0	0	0	0
59834392	1	18487	0	0	0	0	0
59834392	0	18486	0	0	0	0	0
59834391	8	18485	0	0	0	0	0
59834391	7	18484	0	0	0	0	0
59834391	6	18483	0	0	0	0	0
59834391	5	18482	0	0	0	0	0
59834391	4	18481	0	0	0	0	0
59834391	3	18480	0	0	0	0	0
59834391	2	18479	0	0	0	0	0
59834391	1	18478	0	0	0	0	0
59834391	0	18477	0	0	0	0	0
59834390	8	18476	0	0	0	0	0
59834390	7	18475	0	0	0	0	0
59834390	6	18474	0	0	0	0	0
59834390	5	18473	0	0	0	0	0
59834390	4	18472	0	0	0	0	0
59834390	3	18471	0	0	0	0	0
59834390	2	18470	0	0	0	0	0
59834390	1	18469	0	0	0	0	0
59834390	0	18468	0	0	0	0	0
59834387	8	18512	0	0	0	0	0
59834387	7	18511	0	0	0	0	0
59834387	6	18510	0	0	0	0	0
59834387	5	18509	0	0	0	0	0
59834387	4	18508	0	0	0	0	0
59834387	3	18507	0	0	0	0	0
59834387	2	18506	0	0	0	0	0
59834387	1	18505	0	0	0	0	0
59834387	0	18504	0	0	0	0	0
59834385	8	18503	0	0	0	0	0
59834385	7	18502	0	0	0	0	0
59834385	6	18501	0	0	0	0	0
59834385	5	18500	0	0	0	0	0
59834385	4	18499	0	0	0	0	0
59834385	3	18498	0	0	0	0	0
59834385	2	18497	0	0	0	0	0
59834385	1	18496	0	0	0	0	0
59834385	0	18495	0	0	0	0	0
59834384	8	18494	0	0	0	0	0
59834384	7	18493	0	0	0	0	0
59834384	6	18492	0	0	0	0	0
59834384	5	18491	0	0	0	0	0
59834384	4	18490	0	0	0	0	0
59834384	3	18489	0	0	0	0	0
59834384	2	18488	0	0	0	0	0
59834384	1	18487	0	0	0	0	0
59834384	0	18486	0	0	0	0	0
59834383	8	18485	0	0	0	0	0
59834383	7	18484	0	0	0	0	0
59834383	6	18483	0	0	0	0	0
59834383	5	18482	0	0	0	0	0
59834383	4	18481	0	0	0	0	0
59834383	3	18480	0	0	0	0	0
59834383	2	18479	0	0	0	0	0
59834383	1	18478	0	0	0	0	0
59834383	0	18477	0	0	0	0	0
59834382	8	18476	0	0	0	0	0
59834382	7	18475	0	0	0	0	0
59834382	6	18474	0	0	0	0	0
59834382	5	18473	0	0	0	0	0
59834382	4	18472	0	0	0	0	0
59834382	3	18471	0	0	0	0	0
59834382	2	18470	0	0	0	0	0
59834382	1	18469	0	0	0	0	0
59834382	0	18468	0	0	0	0	0
59834381	-1	18641	0	0	0	0	0
59834375	-1	4131	0	0	0	0	0
59834372	15	21402	0	0	0	0	0
59834372	13	21399	0	0	0	0	1
59834372	12	21400	0	0	0	0	0
59834372	11	21399	0	0	0	0	0
59834372	7	21398	0	0	0	0	1
59834372	6	21398	0	0	0	0	0
59834372	5	21397	0	0	0	0	0
59834372	2	21396	0	0	0	0	1
59834372	1	21396	0	0	0	0	0
59834370	0	18198	0	0	0	0	0
59768890	1	23828	0	0	0	0	0
59768890	0	18570	0	0	0	0	0
59768888	1	23827	0	0	0	0	0
59768888	0	18569	0	0	0	0	0
59768887	1	23828	0	0	0	0	0
59768887	0	18568	0	0	0	0	0
59768886	1	23827	0	0	0	0	0
59768886	0	18567	0	0	0	0	0
59768885	1	23826	0	0	0	0	0
59768885	0	18566	0	0	0	0	0
59768884	1	23831	0	0	0	0	0
59768884	0	18570	0	0	0	0	0
59768882	1	23830	0	0	0	0	0
59768882	0	18569	0	0	0	0	0
59768881	1	23831	0	0	0	0	0
59768881	0	18568	0	0	0	0	0
59768880	1	23830	0	0	0	0	0
59768880	0	18567	0	0	0	0	0
59768879	1	23829	0	0	0	0	0
59768879	0	18566	0	0	0	0	0
59768872	3	791	0	0	0	0	0
59768872	2	789	0	0	0	0	0
59768872	1	790	0	0	0	0	0
59768872	4	773	0	0	0	0	0
59768872	5	788	0	0	0	0	0
59768872	6	792	0	0	0	0	0
59768862	8	21289	0	0	0	0	0
59768862	7	21288	0	0	0	0	0
59768862	6	21287	0	0	0	0	0
59768862	5	21286	0	0	0	0	0
59768862	4	21285	0	0	0	0	0
59768862	3	21284	0	0	0	0	0
59768862	2	21283	0	0	0	0	0
59768862	1	21282	0	0	0	0	0
59768862	0	21281	0	0	0	0	0
59768849	3	791	0	0	0	0	0
59768849	2	789	0	0	0	0	0
59768849	1	790	0	0	0	0	0
59768849	4	773	0	0	0	0	0
59768849	5	788	0	0	0	0	0
59768849	6	792	0	0	0	0	0
59768842	8	18238	0	0	0	0	0
59768842	7	18237	0	0	0	0	0
59768842	6	18236	0	0	0	0	0
59768842	5	18235	0	0	0	0	0
59768842	4	18234	0	0	0	0	0
59768842	3	18233	0	0	0	0	0
59768842	2	18232	0	0	0	0	0
59768842	1	18231	0	0	0	0	0
59768842	0	18230	0	0	0	0	0
59768834	8	18238	0	0	0	0	0
59768834	7	18237	0	0	0	0	0
59768834	6	18236	0	0	0	0	0
59768834	5	18235	0	0	0	0	0
59768834	4	18234	0	0	0	0	0
59768834	3	18233	0	0	0	0	0
59768834	2	18232	0	0	0	0	0
59768834	1	18231	0	0	0	0	0
59768834	0	18230	0	0	0	0	0
59768833	8	18247	0	0	0	0	0
59768833	7	18246	0	0	0	0	0
59768833	6	18245	0	0	0	0	0
59768833	5	18244	0	0	0	0	0
59768833	4	18243	0	0	0	0	0
59768833	3	18242	0	0	0	0	0
59768833	2	18241	0	0	0	0	0
59768833	1	18240	0	0	0	0	0
59768833	0	18239	0	0	0	0	0
59768832	-1	17481	0	0	0	0	0
59637939	1	23792	0	0	0	0	0
59637939	0	18570	0	0	0	0	0
59637937	1	23791	0	0	0	0	0
59637937	0	18569	0	0	0	0	0
59637936	1	23790	0	0	0	0	0
59637936	0	18568	0	0	0	0	0
59637935	1	23789	0	0	0	0	0
59637935	0	18567	0	0	0	0	0
59637934	1	23788	0	0	0	0	0
59637934	0	18566	0	0	0	0	0
59637932	1	23787	0	0	0	0	0
59637932	0	18570	0	0	0	0	0
59637930	1	23786	0	0	0	0	0
59637930	0	18569	0	0	0	0	0
59637929	1	23785	0	0	0	0	0
59637929	0	18568	0	0	0	0	0
59637928	1	23784	0	0	0	0	0
59637928	0	18567	0	0	0	0	0
59637927	1	23783	0	0	0	0	0
59637927	0	18566	0	0	0	0	0
59637925	1	23792	0	0	0	0	0
59637925	0	18570	0	0	0	0	0
59637923	1	23791	0	0	0	0	0
59637923	0	18569	0	0	0	0	0
59637922	1	23790	0	0	0	0	0
59637922	0	18568	0	0	0	0	0
59637921	1	23789	0	0	0	0	0
59637921	0	18567	0	0	0	0	0
59637920	1	23788	0	0	0	0	0
59637920	0	18566	0	0	0	0	0
59637919	1	23787	0	0	0	0	0
59637919	0	18570	0	0	0	0	0
59637917	1	23786	0	0	0	0	0
59637917	0	18569	0	0	0	0	0
59637916	1	23785	0	0	0	0	0
59637916	0	18568	0	0	0	0	0
59637915	1	23784	0	0	0	0	0
59637915	0	18567	0	0	0	0	0
59637914	1	23783	0	0	0	0	0
59637914	0	18566	0	0	0	0	0
59637913	1	23792	0	0	0	0	0
59637913	0	18570	0	0	0	0	0
59637911	1	23791	0	0	0	0	0
59637911	0	18569	0	0	0	0	0
59637910	1	23790	0	0	0	0	0
59637910	0	18568	0	0	0	0	0
59637909	1	23789	0	0	0	0	0
59637909	0	18567	0	0	0	0	0
59637908	1	23788	0	0	0	0	0
59637908	0	18566	0	0	0	0	0
59637907	1	23787	0	0	0	0	0
59637907	0	18570	0	0	0	0	0
59637905	1	23786	0	0	0	0	0
59637905	0	18569	0	0	0	0	0
59637904	1	23785	0	0	0	0	0
59637904	0	18568	0	0	0	0	0
59637903	1	23784	0	0	0	0	0
59637903	0	18567	0	0	0	0	0
59637902	1	23783	0	0	0	0	0
59637902	0	18566	0	0	0	0	0
59637901	1	23792	0	0	0	0	0
59637901	0	18570	0	0	0	0	0
59637899	1	23791	0	0	0	0	0
59637899	0	18569	0	0	0	0	0
59637898	1	23790	0	0	0	0	0
59637898	0	18568	0	0	0	0	0
59637897	1	23789	0	0	0	0	0
59637897	0	18567	0	0	0	0	0
59637896	1	23788	0	0	0	0	0
59637896	0	18566	0	0	0	0	0
59637895	1	23787	0	0	0	0	0
59637895	0	18570	0	0	0	0	0
59637893	1	23786	0	0	0	0	0
59637893	0	18569	0	0	0	0	0
59637892	1	23785	0	0	0	0	0
59637892	0	18568	0	0	0	0	0
59637891	1	23784	0	0	0	0	0
59637891	0	18567	0	0	0	0	0
59637890	1	23783	0	0	0	0	0
59637890	0	18566	0	0	0	0	0
59637889	1	23792	0	0	0	0	0
59637889	0	18570	0	0	0	0	0
59637887	1	23791	0	0	0	0	0
59637887	0	18569	0	0	0	0	0
59637886	1	23790	0	0	0	0	0
59637886	0	18568	0	0	0	0	0
59637885	1	23789	0	0	0	0	0
59637885	0	18567	0	0	0	0	0
59637884	1	23788	0	0	0	0	0
59637884	0	18566	0	0	0	0	0
59637883	1	23787	0	0	0	0	0
59637883	0	18570	0	0	0	0	0
59637881	1	23786	0	0	0	0	0
59637881	0	18569	0	0	0	0	0
59637880	1	23785	0	0	0	0	0
59637880	0	18568	0	0	0	0	0
59637879	1	23784	0	0	0	0	0
59637879	0	18567	0	0	0	0	0
59637878	1	23783	0	0	0	0	0
59637878	0	18566	0	0	0	0	0
59637877	1	23792	0	0	0	0	0
59637877	0	18570	0	0	0	0	0
59637875	1	23791	0	0	0	0	0
59637875	0	18569	0	0	0	0	0
59637874	1	23790	0	0	0	0	0
59637874	0	18568	0	0	0	0	0
59637873	1	23789	0	0	0	0	0
59637873	0	18567	0	0	0	0	0
59637872	1	23788	0	0	0	0	0
59637872	0	18566	0	0	0	0	0
59637871	1	23787	0	0	0	0	0
59637871	0	18570	0	0	0	0	0
59637869	1	23786	0	0	0	0	0
59637869	0	18569	0	0	0	0	0
59637868	1	23785	0	0	0	0	0
59637868	0	18568	0	0	0	0	0
59637867	1	23784	0	0	0	0	0
59637867	0	18567	0	0	0	0	0
59637866	1	23783	0	0	0	0	0
59637866	0	18566	0	0	0	0	0
59637865	1	23792	0	0	0	0	0
59637865	0	18570	0	0	0	0	0
59637863	1	23791	0	0	0	0	0
59637863	0	18569	0	0	0	0	0
59637862	1	23790	0	0	0	0	0
59637862	0	18568	0	0	0	0	0
59637861	1	23789	0	0	0	0	0
59637861	0	18567	0	0	0	0	0
59637860	1	23788	0	0	0	0	0
59637860	0	18566	0	0	0	0	0
59637859	1	23787	0	0	0	0	0
59637859	0	18570	0	0	0	0	0
59637857	1	23786	0	0	0	0	0
59637857	0	18569	0	0	0	0	0
59637856	1	23785	0	0	0	0	0
59637856	0	18568	0	0	0	0	0
59637855	1	23784	0	0	0	0	0
59637855	0	18567	0	0	0	0	0
59637854	1	23783	0	0	0	0	0
59637854	0	18566	0	0	0	0	0
59637852	1	23801	0	0	0	0	0
59637852	0	18575	0	0	0	0	0
59637850	1	23800	0	0	0	0	0
59637850	0	18574	0	0	0	0	0
59637849	1	23801	0	0	0	0	0
59637849	0	18573	0	0	0	0	0
59637848	1	23800	0	0	0	0	0
59637848	0	18572	0	0	0	0	0
59637847	1	23799	0	0	0	0	0
59637847	0	18571	0	0	0	0	0
59637803	-1	23802	0	0	0	0	0
59572352	2	18467	0	0	0	0	0
59572352	1	18465	0	0	0	0	0
59572352	0	18466	0	0	0	0	0
59572350	2	18464	0	0	0	0	0
59572350	1	18462	0	0	0	0	0
59572350	0	18463	0	0	0	0	0
59572349	2	18461	0	0	0	0	0
59572349	1	18459	0	0	0	0	0
59572349	0	18460	0	0	0	0	0
59572348	2	18458	0	0	0	0	0
59572348	1	18456	0	0	0	0	0
59572348	0	18457	0	0	0	0	0
59572347	2	18455	0	0	0	0	0
59572347	1	18453	0	0	0	0	0
59572347	0	18454	0	0	0	0	0
59572344	2	17830	0	0	0	0	0
59572344	1	17828	0	0	0	0	0
59572344	0	17829	0	0	0	0	0
59572342	2	17827	0	0	0	0	0
59572342	1	17825	0	0	0	0	0
59572342	0	17826	0	0	0	0	0
59572341	2	17824	0	0	0	0	0
59572341	1	17822	0	0	0	0	0
59572341	0	17823	0	0	0	0	0
59572340	2	17821	0	0	0	0	0
59572340	1	17819	0	0	0	0	0
59572340	0	17820	0	0	0	0	0
59572339	2	17818	0	0	0	0	0
59572339	1	17816	0	0	0	0	0
59572339	0	17817	0	0	0	0	0
59572338	13	20278	0	0	0	0	1
59572338	12	20279	0	0	0	0	0
59572338	11	20278	0	0	0	0	0
59572338	7	20275	0	0	0	0	1
59572338	6	20275	0	0	0	0	0
59572338	5	20273	0	0	0	0	0
59572338	2	20272	0	0	0	0	1
59572338	1	20272	0	0	0	0	0
59572338	0	20274	0	0	0	0	0
59572334	0	18035	0	0	0	0	0
59572333	1	23828	0	0	0	0	0
59572333	0	18570	0	0	0	0	0
59572331	1	23827	0	0	0	0	0
59572331	0	18569	0	0	0	0	0
59572330	1	23828	0	0	0	0	0
59572330	0	18568	0	0	0	0	0
59572329	1	23827	0	0	0	0	0
59572329	0	18567	0	0	0	0	0
59572328	1	23826	0	0	0	0	0
59572328	0	18566	0	0	0	0	0
59572325	8	18512	0	0	0	0	0
59572325	7	18511	0	0	0	0	0
59572325	6	18510	0	0	0	0	0
59572325	5	18509	0	0	0	0	0
59572325	4	18508	0	0	0	0	0
59572325	3	18507	0	0	0	0	0
59572325	2	18506	0	0	0	0	0
59572325	1	18505	0	0	0	0	0
59572325	0	18504	0	0	0	0	0
59572323	8	18503	0	0	0	0	0
59572323	7	18502	0	0	0	0	0
59572323	6	18501	0	0	0	0	0
59572323	5	18500	0	0	0	0	0
59572323	4	18499	0	0	0	0	0
59572323	3	18498	0	0	0	0	0
59572323	2	18497	0	0	0	0	0
59572323	1	18496	0	0	0	0	0
59572323	0	18495	0	0	0	0	0
59572322	8	18494	0	0	0	0	0
59572322	7	18493	0	0	0	0	0
59572322	6	18492	0	0	0	0	0
59572322	5	18491	0	0	0	0	0
59572322	4	18490	0	0	0	0	0
59572322	3	18489	0	0	0	0	0
59572322	2	18488	0	0	0	0	0
59572322	1	18487	0	0	0	0	0
59572322	0	18486	0	0	0	0	0
59572321	8	18485	0	0	0	0	0
59572321	7	18484	0	0	0	0	0
59572321	6	18483	0	0	0	0	0
59572321	5	18482	0	0	0	0	0
59572321	4	18481	0	0	0	0	0
59572321	3	18480	0	0	0	0	0
59572321	2	18479	0	0	0	0	0
59572321	1	18478	0	0	0	0	0
59572321	0	18477	0	0	0	0	0
59572320	8	18476	0	0	0	0	0
59572320	7	18475	0	0	0	0	0
59572320	6	18474	0	0	0	0	0
59572320	5	18473	0	0	0	0	0
59572320	4	18472	0	0	0	0	0
59572320	3	18471	0	0	0	0	0
59572320	2	18470	0	0	0	0	0
59572320	1	18469	0	0	0	0	0
59572320	0	18468	0	0	0	0	0
59572317	8	18512	0	0	0	0	0
59572317	7	18511	0	0	0	0	0
59572317	6	18510	0	0	0	0	0
59572317	5	18509	0	0	0	0	0
59572317	4	18508	0	0	0	0	0
59572317	3	18507	0	0	0	0	0
59572317	2	18506	0	0	0	0	0
59572317	1	18505	0	0	0	0	0
59572317	0	18504	0	0	0	0	0
59572315	8	18503	0	0	0	0	0
59572315	7	18502	0	0	0	0	0
59572315	6	18501	0	0	0	0	0
59572315	5	18500	0	0	0	0	0
59572315	4	18499	0	0	0	0	0
59572315	3	18498	0	0	0	0	0
59572315	2	18497	0	0	0	0	0
59572315	1	18496	0	0	0	0	0
59572315	0	18495	0	0	0	0	0
59572314	8	18494	0	0	0	0	0
59572314	7	18493	0	0	0	0	0
59572314	6	18492	0	0	0	0	0
59572314	5	18491	0	0	0	0	0
59572314	4	18490	0	0	0	0	0
59572314	3	18489	0	0	0	0	0
59572314	2	18488	0	0	0	0	0
59572314	1	18487	0	0	0	0	0
59572314	0	18486	0	0	0	0	0
59572313	8	18485	0	0	0	0	0
59572313	7	18484	0	0	0	0	0
59572313	6	18483	0	0	0	0	0
59572313	5	18482	0	0	0	0	0
59572313	4	18481	0	0	0	0	0
59572313	3	18480	0	0	0	0	0
59572313	2	18479	0	0	0	0	0
59572313	1	18478	0	0	0	0	0
59572313	0	18477	0	0	0	0	0
59572312	8	18476	0	0	0	0	0
59572312	7	18475	0	0	0	0	0
59572312	6	18474	0	0	0	0	0
59572312	5	18473	0	0	0	0	0
59572312	4	18472	0	0	0	0	0
59572312	3	18471	0	0	0	0	0
59572312	2	18470	0	0	0	0	0
59572312	1	18469	0	0	0	0	0
59572312	0	18468	0	0	0	0	0
59572309	8	18512	0	0	0	0	0
59572309	7	18511	0	0	0	0	0
59572309	6	18510	0	0	0	0	0
59572309	5	18509	0	0	0	0	0
59572309	4	18508	0	0	0	0	0
59572309	3	18507	0	0	0	0	0
59572309	2	18506	0	0	0	0	0
59572309	1	18505	0	0	0	0	0
59572309	0	18504	0	0	0	0	0
59572307	8	18503	0	0	0	0	0
59572307	7	18502	0	0	0	0	0
59572307	6	18501	0	0	0	0	0
59572307	5	18500	0	0	0	0	0
59572307	4	18499	0	0	0	0	0
59572307	3	18498	0	0	0	0	0
59572307	2	18497	0	0	0	0	0
59572307	1	18496	0	0	0	0	0
59572307	0	18495	0	0	0	0	0
59572306	8	18494	0	0	0	0	0
59572306	7	18493	0	0	0	0	0
59572306	6	18492	0	0	0	0	0
59572306	5	18491	0	0	0	0	0
59572306	4	18490	0	0	0	0	0
59572306	3	18489	0	0	0	0	0
59572306	2	18488	0	0	0	0	0
59572306	1	18487	0	0	0	0	0
59572306	0	18486	0	0	0	0	0
59572305	8	18485	0	0	0	0	0
59572305	7	18484	0	0	0	0	0
59572305	6	18483	0	0	0	0	0
59572305	5	18482	0	0	0	0	0
59572305	4	18481	0	0	0	0	0
59572305	3	18480	0	0	0	0	0
59572305	2	18479	0	0	0	0	0
59572305	1	18478	0	0	0	0	0
59572305	0	18477	0	0	0	0	0
59572304	8	18476	0	0	0	0	0
59572304	7	18475	0	0	0	0	0
59572304	6	18474	0	0	0	0	0
59572304	5	18473	0	0	0	0	0
59572304	4	18472	0	0	0	0	0
59572304	3	18471	0	0	0	0	0
59572304	2	18470	0	0	0	0	0
59572304	1	18469	0	0	0	0	0
59572304	0	18468	0	0	0	0	0
59572301	8	18512	0	0	0	0	0
59572301	7	18511	0	0	0	0	0
59572301	6	18510	0	0	0	0	0
59572301	5	18509	0	0	0	0	0
59572301	4	18508	0	0	0	0	0
59572301	3	18507	0	0	0	0	0
59572301	2	18506	0	0	0	0	0
59572301	1	18505	0	0	0	0	0
59572301	0	18504	0	0	0	0	0
59572299	8	18503	0	0	0	0	0
59572299	7	18502	0	0	0	0	0
59572299	6	18501	0	0	0	0	0
59572299	5	18500	0	0	0	0	0
59572299	4	18499	0	0	0	0	0
59572299	3	18498	0	0	0	0	0
59572299	2	18497	0	0	0	0	0
59572299	1	18496	0	0	0	0	0
59572299	0	18495	0	0	0	0	0
59572298	8	18494	0	0	0	0	0
59572298	7	18493	0	0	0	0	0
59572298	6	18492	0	0	0	0	0
59572298	5	18491	0	0	0	0	0
59572298	4	18490	0	0	0	0	0
59572298	3	18489	0	0	0	0	0
59572298	2	18488	0	0	0	0	0
59572298	1	18487	0	0	0	0	0
59572298	0	18486	0	0	0	0	0
59572297	8	18485	0	0	0	0	0
59572297	7	18484	0	0	0	0	0
59572297	6	18483	0	0	0	0	0
59572297	5	18482	0	0	0	0	0
59572297	4	18481	0	0	0	0	0
59572297	3	18480	0	0	0	0	0
59572297	2	18479	0	0	0	0	0
59572297	1	18478	0	0	0	0	0
59572297	0	18477	0	0	0	0	0
59572296	8	18476	0	0	0	0	0
59572296	7	18475	0	0	0	0	0
59572296	6	18474	0	0	0	0	0
59572296	5	18473	0	0	0	0	0
59572296	4	18472	0	0	0	0	0
59572296	3	18471	0	0	0	0	0
59572296	2	18470	0	0	0	0	0
59572296	1	18469	0	0	0	0	0
59572296	0	18468	0	0	0	0	0
59572286	3	791	0	0	0	0	0
59572286	2	789	0	0	0	0	0
59572286	1	790	0	0	0	0	0
59572286	4	773	0	0	0	0	0
59572286	5	788	0	0	0	0	0
59572286	6	792	0	0	0	0	0
59572276	8	21289	0	0	0	0	0
59572276	7	21288	0	0	0	0	0
59572276	6	21287	0	0	0	0	0
59572276	5	21286	0	0	0	0	0
59572276	4	21285	0	0	0	0	0
59572276	3	21284	0	0	0	0	0
59572276	2	21283	0	0	0	0	0
59572276	1	21282	0	0	0	0	0
59572276	0	21281	0	0	0	0	0
59572272	-1	23832	0	0	1	0	0
59572265	4	18526	0	0	0	0	0
59572265	2	18526	0	0	0	0	0
59572265	0	18526	0	0	0	0	0
59572264	8	18238	0	0	0	0	0
59572264	7	18237	0	0	0	0	0
59572264	6	18236	0	0	0	0	0
59572264	5	18235	0	0	0	0	0
59572264	4	18234	0	0	0	0	0
59572264	3	18233	0	0	0	0	0
59572264	2	18232	0	0	0	0	0
59572264	1	18231	0	0	0	0	0
59572264	0	18230	0	0	0	0	0
59572262	3	791	0	0	0	0	0
59572262	2	789	0	0	0	0	0
59572262	1	790	0	0	0	0	0
59572262	4	773	0	0	0	0	0
59572262	5	788	0	0	0	0	0
59572262	6	792	0	0	0	0	0
59572259	8	18247	0	0	0	0	0
59572259	7	18246	0	0	0	0	0
59572259	6	18245	0	0	0	0	0
59572259	5	18244	0	0	0	0	0
59572259	4	18243	0	0	0	0	0
59572259	3	18242	0	0	0	0	0
59572259	2	18241	0	0	0	0	0
59572259	1	18240	0	0	0	0	0
59572259	0	18239	0	0	0	0	0
59572256	3	791	0	0	0	0	0
59572256	2	789	0	0	0	0	0
59572256	1	790	0	0	0	0	0
59572256	4	773	0	0	0	0	0
59572256	5	788	0	0	0	0	0
59572256	6	792	0	0	0	0	0
59572235	8	21289	0	0	0	0	0
59572235	7	21288	0	0	0	0	0
59572235	6	21287	0	0	0	0	0
59572235	5	21286	0	0	0	0	0
59572235	4	21285	0	0	0	0	0
59572235	3	21284	0	0	0	0	0
59572235	2	21283	0	0	0	0	0
59572235	1	21282	0	0	0	0	0
59572235	0	21281	0	0	0	0	0
59441276	2	18515	0	0	0	0	0
59441276	1	18514	0	0	0	0	0
59441276	0	18513	0	0	0	0	0
59441271	1	21004	0	0	0	0	0
59441270	13	21001	0	0	0	0	1
59441270	12	21002	0	0	0	0	0
59441270	11	21001	0	0	0	0	0
59441270	7	21000	0	0	0	0	1
59441270	6	21000	0	0	0	0	0
59441270	4	20998	0	0	0	0	0
59441270	3	20997	0	0	0	0	0
59441270	2	20999	0	0	0	0	0
59441270	1	20995	0	0	0	0	0
59441270	0	20996	0	0	0	0	0
59441268	-1	24958	0	0	0	0	0
59441266	8	18512	0	0	0	0	0
59441266	7	18511	0	0	0	0	0
59441266	6	18510	0	0	0	0	0
59441266	5	18509	0	0	0	0	0
59441266	4	18508	0	0	0	0	0
59441266	3	18507	0	0	0	0	0
59441266	2	18506	0	0	0	0	0
59441266	1	18505	0	0	0	0	0
59441266	0	18504	0	0	0	0	0
59441264	8	18503	0	0	0	0	0
59441264	7	18502	0	0	0	0	0
59441264	6	18501	0	0	0	0	0
59441264	5	18500	0	0	0	0	0
59441264	4	18499	0	0	0	0	0
59441264	3	18498	0	0	0	0	0
59441264	2	18497	0	0	0	0	0
59441264	1	18496	0	0	0	0	0
59441264	0	18495	0	0	0	0	0
59441263	8	18494	0	0	0	0	0
59441263	7	18493	0	0	0	0	0
59441263	6	18492	0	0	0	0	0
59441263	5	18491	0	0	0	0	0
59441263	4	18490	0	0	0	0	0
59441263	3	18489	0	0	0	0	0
59441263	2	18488	0	0	0	0	0
59441263	1	18487	0	0	0	0	0
59441263	0	18486	0	0	0	0	0
59441262	8	18485	0	0	0	0	0
59441262	7	18484	0	0	0	0	0
59441262	6	18483	0	0	0	0	0
59441262	5	18482	0	0	0	0	0
59441262	4	18481	0	0	0	0	0
59441262	3	18480	0	0	0	0	0
59441262	2	18479	0	0	0	0	0
59441262	1	18478	0	0	0	0	0
59441262	0	18477	0	0	0	0	0
59441261	8	18476	0	0	0	0	0
59441261	7	18475	0	0	0	0	0
59441261	6	18474	0	0	0	0	0
59441261	5	18473	0	0	0	0	0
59441261	4	18472	0	0	0	0	0
59441261	3	18471	0	0	0	0	0
59441261	2	18470	0	0	0	0	0
59441261	1	18469	0	0	0	0	0
59441261	0	18468	0	0	0	0	0
59441258	-1	24953	0	0	0	0	0
59441256	8	18512	0	0	0	0	0
59441256	7	18511	0	0	0	0	0
59441256	6	18510	0	0	0	0	0
59441256	5	18509	0	0	0	0	0
59441256	4	18508	0	0	0	0	0
59441256	3	18507	0	0	0	0	0
59441256	2	18506	0	0	0	0	0
59441256	1	18505	0	0	0	0	0
59441256	0	18504	0	0	0	0	0
59441254	8	18503	0	0	0	0	0
59441254	7	18502	0	0	0	0	0
59441254	6	18501	0	0	0	0	0
59441254	5	18500	0	0	0	0	0
59441254	4	18499	0	0	0	0	0
59441254	3	18498	0	0	0	0	0
59441254	2	18497	0	0	0	0	0
59441254	1	18496	0	0	0	0	0
59441254	0	18495	0	0	0	0	0
59441253	8	18494	0	0	0	0	0
59441253	7	18493	0	0	0	0	0
59441253	6	18492	0	0	0	0	0
59441253	5	18491	0	0	0	0	0
59441253	4	18490	0	0	0	0	0
59441253	3	18489	0	0	0	0	0
59441253	2	18488	0	0	0	0	0
59441253	1	18487	0	0	0	0	0
59441253	0	18486	0	0	0	0	0
59441252	8	18485	0	0	0	0	0
59441252	7	18484	0	0	0	0	0
59441252	6	18483	0	0	0	0	0
59441252	5	18482	0	0	0	0	0
59441252	4	18481	0	0	0	0	0
59441252	3	18480	0	0	0	0	0
59441252	2	18479	0	0	0	0	0
59441252	1	18478	0	0	0	0	0
59441252	0	18477	0	0	0	0	0
59441251	8	18476	0	0	0	0	0
59441251	7	18475	0	0	0	0	0
59441251	6	18474	0	0	0	0	0
59441251	5	18473	0	0	0	0	0
59441251	4	18472	0	0	0	0	0
59441251	3	18471	0	0	0	0	0
59441251	2	18470	0	0	0	0	0
59441251	1	18469	0	0	0	0	0
59441251	0	18468	0	0	0	0	0
59441248	-1	24950	0	0	0	0	0
59441246	8	18512	0	0	0	0	0
59441246	7	18511	0	0	0	0	0
59441246	6	18510	0	0	0	0	0
59441246	5	18509	0	0	0	0	0
59441246	4	18508	0	0	0	0	0
59441246	3	18507	0	0	0	0	0
59441246	2	18506	0	0	0	0	0
59441246	1	18505	0	0	0	0	0
59441246	0	18504	0	0	0	0	0
59441244	8	18503	0	0	0	0	0
59441244	7	18502	0	0	0	0	0
59441244	6	18501	0	0	0	0	0
59441244	5	18500	0	0	0	0	0
59441244	4	18499	0	0	0	0	0
59441244	3	18498	0	0	0	0	0
59441244	2	18497	0	0	0	0	0
59441244	1	18496	0	0	0	0	0
59441244	0	18495	0	0	0	0	0
59441243	8	18494	0	0	0	0	0
59441243	7	18493	0	0	0	0	0
59441243	6	18492	0	0	0	0	0
59441243	5	18491	0	0	0	0	0
59441243	4	18490	0	0	0	0	0
59441243	3	18489	0	0	0	0	0
59441243	2	18488	0	0	0	0	0
59441243	1	18487	0	0	0	0	0
59441243	0	18486	0	0	0	0	0
59441242	8	18485	0	0	0	0	0
59441242	7	18484	0	0	0	0	0
59441242	6	18483	0	0	0	0	0
59441242	5	18482	0	0	0	0	0
59441242	4	18481	0	0	0	0	0
59441242	3	18480	0	0	0	0	0
59441242	2	18479	0	0	0	0	0
59441242	1	18478	0	0	0	0	0
59441242	0	18477	0	0	0	0	0
59441241	8	18476	0	0	0	0	0
59441241	7	18475	0	0	0	0	0
59441241	6	18474	0	0	0	0	0
59441241	5	18473	0	0	0	0	0
59441241	4	18472	0	0	0	0	0
59441241	3	18471	0	0	0	0	0
59441241	2	18470	0	0	0	0	0
59441241	1	18469	0	0	0	0	0
59441241	0	18468	0	0	0	0	0
59441238	0	24801	0	0	0	0	0
59441234	8	23631	0	0	0	0	1
59441234	7	23632	0	0	0	0	0
59441234	6	23631	0	0	0	0	0
59441234	5	23630	0	0	0	0	1
59441234	3	23630	0	0	0	0	0
59441234	2	23628	0	0	0	0	1
59441234	1	23629	0	0	0	0	0
59441234	0	23628	0	0	0	0	0
59441223	0	18967	0	0	0	0	0
59441223	1	18968	0	0	0	0	0
59441217	8	23631	0	0	0	0	1
59441217	7	23632	0	0	0	0	0
59441217	6	23631	0	0	0	0	0
59441217	5	23630	0	0	0	0	1
59441217	3	23630	0	0	0	0	0
59441217	2	23628	0	0	0	0	1
59441217	1	23629	0	0	0	0	0
59441217	0	23628	0	0	0	0	0
59441206	0	18967	0	0	0	0	0
59441206	1	18968	0	0	0	0	0
59441198	-1	25024	0	0	0	0	0
59441195	-1	25025	0	0	0	0	0
59441192	8	23631	0	0	0	0	1
59441192	7	23632	0	0	0	0	0
59441192	6	23631	0	0	0	0	0
59441192	5	23630	0	0	0	0	1
59441192	3	23630	0	0	0	0	0
59441192	2	23628	0	0	0	0	1
59441192	1	23629	0	0	0	0	0
59441192	0	23628	0	0	0	0	0
59441190	-1	19455	0	0	0	0	0
59441182	0	18967	0	0	0	0	0
59441182	1	18968	0	0	0	0	0
59441176	8	23631	0	0	0	0	1
59441176	7	23632	0	0	0	0	0
59441176	6	23631	0	0	0	0	0
59441176	5	23630	0	0	0	0	1
59441176	3	23630	0	0	0	0	0
59441176	2	23628	0	0	0	0	1
59441176	1	23629	0	0	0	0	0
59441176	0	23628	0	0	0	0	0
59441175	-1	19455	0	0	0	0	0
59441159	0	18967	0	0	0	0	0
59441159	1	18968	0	0	0	0	0
59376239	13	18195	0	0	0	0	1
59376239	12	18197	0	0	0	0	0
59376239	11	18195	0	0	0	0	0
59376239	7	18194	0	0	0	0	1
59376239	6	18194	0	0	0	0	0
59376239	5	18196	0	0	0	0	0
59376239	2	18193	0	0	0	0	1
59376239	1	18193	0	0	0	0	0
59376234	2	17830	0	0	0	0	0
59376234	1	17828	0	0	0	0	0
59376234	0	17829	0	0	0	0	0
59376232	2	17827	0	0	0	0	0
59376232	1	17825	0	0	0	0	0
59376232	0	17826	0	0	0	0	0
59376231	2	17824	0	0	0	0	0
59376231	1	17822	0	0	0	0	0
59376231	0	17823	0	0	0	0	0
59376230	2	17821	0	0	0	0	0
59376230	1	17819	0	0	0	0	0
59376230	0	17820	0	0	0	0	0
59376229	2	17818	0	0	0	0	0
59376229	1	17816	0	0	0	0	0
59376229	0	17817	0	0	0	0	0
59376224	0	18198	0	0	0	0	0
59376199	-1	18455	0	0	0	0	0
59376198	-1	18454	0	0	0	0	0
59376197	-1	18453	0	0	0	0	0
59376194	-1	18455	0	0	0	0	0
59376193	-1	18454	0	0	0	0	0
59376192	-1	18453	0	0	0	0	0
59376188	-1	19479	0	0	0	0	0
59376187	-1	19477	0	0	0	0	0
59376186	-1	19482	0	0	0	0	0
59376185	-1	19476	0	0	0	0	0
59376184	-1	19481	0	0	0	0	0
59376183	-1	19475	0	0	0	0	0
59376182	-1	19480	0	0	0	0	0
59376181	-1	19474	0	0	0	0	0
59376180	-1	19478	0	0	0	0	0
59376175	13	18195	0	0	0	0	1
59376175	12	18197	0	0	0	0	0
59376175	11	18195	0	0	0	0	0
59376175	7	18194	0	0	0	0	1
59376175	6	18194	0	0	0	0	0
59376175	5	18196	0	0	0	0	0
59376175	2	18193	0	0	0	0	1
59376175	1	18193	0	0	0	0	0
59376170	2	17830	0	0	0	0	0
59376170	1	17828	0	0	0	0	0
59376170	0	17829	0	0	0	0	0
59376168	2	17827	0	0	0	0	0
59376168	1	17825	0	0	0	0	0
59376168	0	17826	0	0	0	0	0
59376167	2	17824	0	0	0	0	0
59376167	1	17822	0	0	0	0	0
59376167	0	17823	0	0	0	0	0
59376166	2	17821	0	0	0	0	0
59376166	1	17819	0	0	0	0	0
59376166	0	17820	0	0	0	0	0
59376165	2	17818	0	0	0	0	0
59376165	1	17816	0	0	0	0	0
59376165	0	17817	0	0	0	0	0
59376160	0	18198	0	0	0	0	0
59376154	-1	17818	0	0	0	0	0
59376153	-1	17817	0	0	0	0	0
59376152	-1	17816	0	0	0	0	0
59376150	-1	17821	0	0	0	0	0
59376149	-1	17820	0	0	0	0	0
59376148	-1	17819	0	0	0	0	0
59376146	-1	17824	0	0	0	0	0
59376145	-1	17823	0	0	0	0	0
59376144	-1	17822	0	0	0	0	0
59376133	-1	19624	0	0	1	0	0
59376132	-1	19626	0	0	1	0	0
59376131	-1	19625	0	0	1	0	0
59376130	-1	19623	0	0	0	0	0
59376126	-1	19643	0	0	0	0	0
59376125	-1	19641	0	0	0	0	0
59376124	-1	19641	0	0	0	0	0
59376123	-1	19640	0	0	0	0	0
59376122	-1	19639	0	0	0	0	0
59376121	-1	19638	0	0	0	0	0
59376120	-1	19637	0	0	0	0	0
59376119	-1	19636	0	0	0	0	0
59376118	-1	19635	0	0	0	0	0
59376116	-1	19666	0	0	1	0	0
59376115	-1	19693	0	0	0	0	0
59376114	-1	19622	0	0	0	0	0
59376113	-1	19621	0	0	0	0	0
59376112	-1	19620	0	0	0	0	0
59376111	-1	19619	0	0	0	0	0
59376107	-1	18455	0	0	0	0	0
59376106	-1	18454	0	0	0	0	0
59376105	-1	18453	0	0	0	0	0
59376103	-1	19695	0	0	0	0	0
59376102	-1	19694	0	0	0	0	0
59376101	-1	19696	0	0	0	0	0
59376096	-1	17818	0	0	0	0	0
59376095	-1	17817	0	0	0	0	0
59376094	-1	17816	0	0	0	0	0
59376092	-1	17821	0	0	0	0	0
59376091	-1	17820	0	0	0	0	0
59376090	-1	17819	0	0	0	0	0
59376088	-1	17824	0	0	0	0	0
59376087	-1	17823	0	0	0	0	0
59376086	-1	17822	0	0	0	0	0
59376081	-1	19643	0	0	0	0	0
59376080	-1	19641	0	0	0	0	0
59376079	-1	19641	0	0	0	0	0
59376078	-1	19640	0	0	0	0	0
59376077	-1	19639	0	0	0	0	0
59376076	-1	19638	0	0	0	0	0
59376075	-1	19637	0	0	0	0	0
59376074	-1	19636	0	0	0	0	0
59376073	-1	19635	0	0	0	0	0
59376069	-1	17818	0	0	0	0	0
59376068	-1	17817	0	0	0	0	0
59376067	-1	17816	0	0	0	0	0
59376065	-1	17821	0	0	0	0	0
59376064	-1	17820	0	0	0	0	0
59376063	-1	17819	0	0	0	0	0
59376061	-1	17824	0	0	0	0	0
59376060	-1	17823	0	0	0	0	0
59376059	-1	17822	0	0	0	0	0
59376057	-1	17830	0	0	0	0	0
59376056	-1	17829	0	0	0	0	0
59376055	-1	17828	0	0	0	0	0
59376050	-1	19643	0	0	0	0	0
59376049	-1	19641	0	0	0	0	0
59376048	-1	19641	0	0	0	0	0
59376047	-1	19640	0	0	0	0	0
59376046	-1	19639	0	0	0	0	0
59376045	-1	19638	0	0	0	0	0
59376044	-1	19637	0	0	0	0	0
59376043	-1	19636	0	0	0	0	0
59376042	-1	19635	0	0	0	0	0
59376031	-1	19624	0	0	1	0	0
59376030	-1	19626	0	0	1	0	0
59376029	-1	19625	0	0	1	0	0
59376028	-1	19623	0	0	0	0	0
59376024	-1	19666	0	0	1	0	0
59376022	-1	19693	0	0	0	0	0
59376021	-1	19622	0	0	0	0	0
59376020	-1	19621	0	0	0	0	0
59376019	-1	19620	0	0	0	0	0
59376018	-1	19619	0	0	0	0	0
59376009	-1	19643	0	0	0	0	0
59376008	-1	19641	0	0	0	0	0
59376007	-1	19641	0	0	0	0	0
59376006	-1	19640	0	0	0	0	0
59376005	-1	19639	0	0	0	0	0
59376004	-1	19638	0	0	0	0	0
59376003	-1	19637	0	0	0	0	0
59376002	-1	19636	0	0	0	0	0
59376001	-1	19635	0	0	0	0	0
59375997	-1	20467	0	0	0	0	0
59375996	-1	20466	0	0	0	0	0
59375995	-1	20465	0	0	0	0	0
59375993	-1	20470	0	0	0	0	0
59375992	-1	20469	0	0	0	0	0
59375991	-1	20468	0	0	0	0	0
59375989	-1	20473	0	0	0	0	0
59375988	-1	20472	0	0	0	0	0
59375987	-1	20471	0	0	0	0	0
59375982	-1	17818	0	0	0	0	0
59375981	-1	17817	0	0	0	0	0
59375980	-1	17816	0	0	0	0	0
59375978	-1	17821	0	0	0	0	0
59375977	-1	17820	0	0	0	0	0
59375976	-1	17819	0	0	0	0	0
59375974	-1	17824	0	0	0	0	0
59375973	-1	17823	0	0	0	0	0
59375972	-1	17822	0	0	0	0	0
59375970	-1	17830	0	0	0	0	0
59375969	-1	17829	0	0	0	0	0
59375968	-1	17828	0	0	0	0	0
59375964	-1	19643	0	0	0	0	0
59375963	-1	19641	0	0	0	0	0
59375962	-1	19641	0	0	0	0	0
59375961	-1	19640	0	0	0	0	0
59375960	-1	19639	0	0	0	0	0
59375959	-1	19638	0	0	0	0	0
59375958	-1	19637	0	0	0	0	0
59375957	-1	19636	0	0	0	0	0
59375956	-1	19635	0	0	0	0	0
59375952	-1	31199	0	0	0	0	0
59375948	-1	19666	0	0	1	0	0
59375946	-1	19693	0	0	0	0	0
59375945	-1	19622	0	0	0	0	0
59375944	-1	19621	0	0	0	0	0
59375943	-1	19620	0	0	0	0	0
59375942	-1	19619	0	0	0	0	0
59375924	1	23725	0	0	0	0	0
59375919	-1	2696	0	0	0	1	1
59375918	-1	2696	0	0	0	0	1
59375917	-1	2696	0	0	0	1	0
59375916	-1	2696	0	0	0	0	0
59375910	-1	2696	0	0	0	1	1
59375909	-1	2696	0	0	0	0	1
59375908	-1	2696	0	0	0	1	0
59375907	-1	2696	0	0	0	0	0
59375901	-1	2696	0	0	0	1	1
59375900	-1	2696	0	0	0	0	1
59375899	-1	2696	0	0	0	1	0
59375898	-1	2696	0	0	0	0	0
59375892	-1	2696	0	0	0	1	1
59375891	-1	2696	0	0	0	0	1
59375890	-1	2696	0	0	0	1	0
59375889	-1	2696	0	0	0	0	0
59375884	-1	2696	0	0	0	1	1
59375883	-1	2696	0	0	0	0	1
59375882	-1	2696	0	0	0	1	0
59375881	-1	2696	0	0	0	0	0
59375870	-1	2520	0	0	0	0	0
59375869	-1	2520	0	0	0	0	1
59375868	-1	2521	0	0	0	0	0
59375867	-1	2514	0	0	0	1	1
59375866	-1	2516	0	0	0	0	1
59375865	-1	2515	0	0	0	1	0
59375864	-1	2514	0	0	0	1	0
59375863	-1	2516	0	0	0	0	0
59375862	-1	2502	0	0	1	0	0
59375856	-1	2696	0	0	0	1	1
59375855	-1	2696	0	0	0	0	1
59375854	-1	2696	0	0	0	1	0
59375853	-1	2696	0	0	0	0	0
59375849	2	18467	0	0	0	0	0
59375849	1	18465	0	0	0	0	0
59375849	0	18466	0	0	0	0	0
59375847	2	18464	0	0	0	0	0
59375847	1	18462	0	0	0	0	0
59375847	0	18463	0	0	0	0	0
59375846	2	18461	0	0	0	0	0
59375846	1	18459	0	0	0	0	0
59375846	0	18460	0	0	0	0	0
59375845	2	18458	0	0	0	0	0
59375845	1	18456	0	0	0	0	0
59375845	0	18457	0	0	0	0	0
59375844	2	18455	0	0	0	0	0
59375844	1	18453	0	0	0	0	0
59375844	0	18454	0	0	0	0	0
59375840	2	17830	0	0	0	0	0
59375840	1	17828	0	0	0	0	0
59375840	0	17829	0	0	0	0	0
59375838	2	17827	0	0	0	0	0
59375838	1	17825	0	0	0	0	0
59375838	0	17826	0	0	0	0	0
59375837	2	17824	0	0	0	0	0
59375837	1	17822	0	0	0	0	0
59375837	0	17823	0	0	0	0	0
59375836	2	17821	0	0	0	0	0
59375836	1	17819	0	0	0	0	0
59375836	0	17820	0	0	0	0	0
59375835	2	17818	0	0	0	0	0
59375835	1	17816	0	0	0	0	0
59375835	0	17817	0	0	0	0	0
59375829	15	21402	0	0	0	0	0
59375829	13	21399	0	0	0	0	1
59375829	12	21400	0	0	0	0	0
59375829	11	21399	0	0	0	0	0
59375829	7	21398	0	0	0	0	1
59375829	6	21398	0	0	0	0	0
59375829	5	21397	0	0	0	0	0
59375829	2	21396	0	0	0	0	1
59375829	1	21396	0	0	0	0	0
59375828	0	18198	0	0	0	0	0
59375823	-1	2696	0	0	0	1	1
59375822	-1	2696	0	0	0	0	1
59375821	-1	2696	0	0	0	1	0
59375820	-1	2696	0	0	0	0	0
59375816	2	18467	0	0	0	0	0
59375816	1	18465	0	0	0	0	0
59375816	0	18466	0	0	0	0	0
59375814	2	18464	0	0	0	0	0
59375814	1	18462	0	0	0	0	0
59375814	0	18463	0	0	0	0	0
59375813	2	18461	0	0	0	0	0
59375813	1	18459	0	0	0	0	0
59375813	0	18460	0	0	0	0	0
59375812	2	18458	0	0	0	0	0
59375812	1	18456	0	0	0	0	0
59375812	0	18457	0	0	0	0	0
59375811	2	18455	0	0	0	0	0
59375811	1	18453	0	0	0	0	0
59375811	0	18454	0	0	0	0	0
59375807	2	17830	0	0	0	0	0
59375807	1	17828	0	0	0	0	0
59375807	0	17829	0	0	0	0	0
59375805	2	17827	0	0	0	0	0
59375805	1	17825	0	0	0	0	0
59375805	0	17826	0	0	0	0	0
59375804	2	17824	0	0	0	0	0
59375804	1	17822	0	0	0	0	0
59375804	0	17823	0	0	0	0	0
59375803	2	17821	0	0	0	0	0
59375803	1	17819	0	0	0	0	0
59375803	0	17820	0	0	0	0	0
59375802	2	17818	0	0	0	0	0
59375802	1	17816	0	0	0	0	0
59375802	0	17817	0	0	0	0	0
59375795	8	18238	0	0	0	0	0
59375795	7	18237	0	0	0	0	0
59375795	6	18236	0	0	0	0	0
59375795	5	18235	0	0	0	0	0
59375795	4	18234	0	0	0	0	0
59375795	3	18233	0	0	0	0	0
59375795	2	18232	0	0	0	0	0
59375795	1	18231	0	0	0	0	0
59375795	0	18230	0	0	0	0	0
59375791	15	21402	0	0	0	0	0
59375791	13	21399	0	0	0	0	1
59375791	12	21400	0	0	0	0	0
59375791	11	21399	0	0	0	0	0
59375791	7	21398	0	0	0	0	1
59375791	6	21398	0	0	0	0	0
59375791	5	21397	0	0	0	0	0
59375791	2	21396	0	0	0	0	1
59375791	1	21396	0	0	0	0	0
59375790	0	18198	0	0	0	0	0
59375785	-1	2696	0	0	0	1	1
59375784	-1	2696	0	0	0	0	1
59375783	-1	2696	0	0	0	1	0
59375782	-1	2696	0	0	0	0	0
59375778	2	18467	0	0	0	0	0
59375778	1	18465	0	0	0	0	0
59375778	0	18466	0	0	0	0	0
59375776	2	18464	0	0	0	0	0
59375776	1	18462	0	0	0	0	0
59375776	0	18463	0	0	0	0	0
59375775	2	18461	0	0	0	0	0
59375775	1	18459	0	0	0	0	0
59375775	0	18460	0	0	0	0	0
59375774	2	18458	0	0	0	0	0
59375774	1	18456	0	0	0	0	0
59375774	0	18457	0	0	0	0	0
59375773	2	18455	0	0	0	0	0
59375773	1	18453	0	0	0	0	0
59375773	0	18454	0	0	0	0	0
59375769	2	18467	0	0	0	0	0
59375769	1	18465	0	0	0	0	0
59375769	0	18466	0	0	0	0	0
59375767	2	18464	0	0	0	0	0
59375767	1	18462	0	0	0	0	0
59375767	0	18463	0	0	0	0	0
59375766	2	18461	0	0	0	0	0
59375766	1	18459	0	0	0	0	0
59375766	0	18460	0	0	0	0	0
59375765	2	18458	0	0	0	0	0
59375765	1	18456	0	0	0	0	0
59375765	0	18457	0	0	0	0	0
59375764	2	18455	0	0	0	0	0
59375764	1	18453	0	0	0	0	0
59375764	0	18454	0	0	0	0	0
59375760	2	18467	0	0	0	0	0
59375760	1	18465	0	0	0	0	0
59375760	0	18466	0	0	0	0	0
59375758	2	18464	0	0	0	0	0
59375758	1	18462	0	0	0	0	0
59375758	0	18463	0	0	0	0	0
59375757	2	18461	0	0	0	0	0
59375757	1	18459	0	0	0	0	0
59375757	0	18460	0	0	0	0	0
59375756	2	18458	0	0	0	0	0
59375756	1	18456	0	0	0	0	0
59375756	0	18457	0	0	0	0	0
59375755	2	18455	0	0	0	0	0
59375755	1	18453	0	0	0	0	0
59375755	0	18454	0	0	0	0	0
59375753	-1	23796	0	0	0	0	0
59375751	-1	23748	0	0	0	0	0
59375749	0	23746	0	0	0	0	0
59375747	0	23746	0	0	0	0	0
59375746	0	23745	0	0	0	0	0
59375745	0	23744	0	0	0	0	0
59375743	-1	6298	0	0	0	0	0
59375736	8	18238	0	0	0	0	0
59375736	7	18237	0	0	0	0	0
59375736	6	18236	0	0	0	0	0
59375736	5	18235	0	0	0	0	0
59375736	4	18234	0	0	0	0	0
59375736	3	18233	0	0	0	0	0
59375736	2	18232	0	0	0	0	0
59375736	1	18231	0	0	0	0	0
59375736	0	18230	0	0	0	0	0
59375734	-1	23837	0	0	0	0	0
59375732	8	18238	0	0	0	0	0
59375732	7	18237	0	0	0	0	0
59375732	6	18236	0	0	0	0	0
59375732	5	18235	0	0	0	0	0
59375732	4	18234	0	0	0	0	0
59375732	3	18233	0	0	0	0	0
59375732	2	18232	0	0	0	0	0
59375732	1	18231	0	0	0	0	0
59375732	0	18230	0	0	0	0	0
59375719	2	23877	0	0	0	0	0
59375719	1	23876	0	0	0	0	0
59375719	0	23875	0	0	0	0	0
59375718	2	23877	0	0	0	0	0
59375718	1	23876	0	0	0	0	0
59375718	0	23875	0	0	0	0	0
59375717	2	23877	0	0	0	0	0
59375717	1	23876	0	0	0	0	0
59375717	0	23875	0	0	0	0	0
59375715	26	23871	0	0	0	0	0
59375715	25	23870	0	0	0	0	0
59375715	24	23869	0	0	0	0	0
59375715	22	23874	0	0	0	0	0
59375715	21	23873	0	0	0	0	0
59375715	20	23872	0	0	0	0	0
59375715	18	23874	0	0	0	0	0
59375715	17	23873	0	0	0	0	0
59375715	16	23872	0	0	0	0	0
59375715	14	23874	0	0	0	0	0
59375715	13	23873	0	0	0	0	0
59375715	12	23872	0	0	0	0	0
59375715	10	23874	0	0	0	0	0
59375715	9	23873	0	0	0	0	0
59375715	8	23872	0	0	0	0	0
59375715	6	23874	0	0	0	0	0
59375715	5	23873	0	0	0	0	0
59375715	4	23872	0	0	0	0	0
59375715	2	23874	0	0	0	0	0
59375715	1	23873	0	0	0	0	0
59375715	0	23872	0	0	0	0	0
59375714	2	23857	0	0	0	0	1
59375714	1	23858	0	0	0	0	0
59375714	0	23857	0	0	0	0	0
59375713	-1	23753	0	0	0	0	0
59375712	13	18195	0	0	0	0	1
59375712	12	18197	0	0	0	0	0
59375712	11	18195	0	0	0	0	0
59375712	7	18194	0	0	0	0	1
59375712	6	18194	0	0	0	0	0
59375712	5	18196	0	0	0	0	0
59375712	2	18193	0	0	0	0	1
59375712	1	18193	0	0	0	0	0
59375708	0	18198	0	0	0	0	0
59375704	1	23810	0	0	0	0	0
59375704	0	18575	0	0	0	0	0
59375702	1	23811	0	0	0	0	0
59375702	0	18574	0	0	0	0	0
59375701	1	23810	0	0	0	0	0
59375701	0	18573	0	0	0	0	0
59375700	1	23811	0	0	0	0	0
59375700	0	18572	0	0	0	0	0
59375699	1	23810	0	0	0	0	0
59375699	0	18571	0	0	0	0	0
59375697	1	23816	0	0	0	0	0
59375697	0	18575	0	0	0	0	0
59375695	1	23817	0	0	0	0	0
59375695	0	18574	0	0	0	0	0
59375694	1	23816	0	0	0	0	0
59375694	0	18573	0	0	0	0	0
59375693	1	23817	0	0	0	0	0
59375693	0	18572	0	0	0	0	0
59375692	1	23816	0	0	0	0	0
59375692	0	18571	0	0	0	0	0
59375690	1	25022	0	0	0	0	0
59375690	0	18575	0	0	0	0	0
59375688	1	25023	0	0	0	0	0
59375688	0	18574	0	0	0	0	0
59375687	1	25022	0	0	0	0	0
59375687	0	18573	0	0	0	0	0
59375686	1	25023	0	0	0	0	0
59375686	0	18572	0	0	0	0	0
59375685	1	25022	0	0	0	0	0
59375685	0	18571	0	0	0	0	0
59375683	1	23812	0	0	0	0	0
59375683	0	18575	0	0	0	0	0
59375681	1	23813	0	0	0	0	0
59375681	0	18574	0	0	0	0	0
59375680	1	23812	0	0	0	0	0
59375680	0	18573	0	0	0	0	0
59375679	1	23813	0	0	0	0	0
59375679	0	18572	0	0	0	0	0
59375678	1	23812	0	0	0	0	0
59375678	0	18571	0	0	0	0	0
59375676	1	23806	0	0	0	0	0
59375676	0	18575	0	0	0	0	0
59375674	1	23807	0	0	0	0	0
59375674	0	18574	0	0	0	0	0
59375673	1	23806	0	0	0	0	0
59375673	0	18573	0	0	0	0	0
59375672	1	23807	0	0	0	0	0
59375672	0	18572	0	0	0	0	0
59375671	1	23806	0	0	0	0	0
59375671	0	18571	0	0	0	0	0
59375669	1	23837	0	0	0	0	0
59375669	0	18575	0	0	0	0	0
59375667	1	23838	0	0	0	0	0
59375667	0	18574	0	0	0	0	0
59375666	1	23837	0	0	0	0	0
59375666	0	18573	0	0	0	0	0
59375665	1	23838	0	0	0	0	0
59375665	0	18572	0	0	0	0	0
59375664	1	23837	0	0	0	0	0
59375664	0	18571	0	0	0	0	0
59375662	3	23823	0	0	0	0	0
59375662	2	23822	0	0	0	0	0
59375662	1	23823	0	0	0	0	0
59375662	0	23822	0	0	0	0	0
59375656	15	23767	0	0	0	0	0
59375656	13	23860	0	0	0	0	1
59375656	12	23861	0	0	0	0	0
59375656	11	23860	0	0	0	0	0
59375656	7	23859	0	0	0	0	1
59375656	6	23859	0	0	0	0	0
59375656	5	23865	0	0	0	0	0
59375656	4	23866	0	0	0	0	0
59375656	3	23864	0	0	0	0	0
59375656	2	23868	0	0	0	0	0
59375656	1	23863	0	0	0	0	0
59375655	1	23856	0	0	0	0	0
59375655	0	23855	0	0	0	0	0
59375653	0	23862	0	0	0	0	0
59375650	-1	19207	0	0	0	0	0
59375647	-1	30459	0	0	0	0	0
59375646	-1	30458	0	0	0	0	0
59375645	-1	30457	0	0	0	0	0
59375644	-1	30456	0	0	0	0	0
59375643	-1	30455	0	0	0	0	0
59375642	-1	30454	0	0	0	0	0
59375641	-1	30453	0	0	0	0	0
59375640	-1	30452	0	0	0	0	0
59375639	-1	30451	0	0	0	0	0
59375637	-1	30461	0	0	0	0	0
59375633	-1	30461	0	0	0	0	0
59375631	-1	30459	0	0	0	0	0
59375630	-1	30458	0	0	0	0	0
59375629	-1	30457	0	0	0	0	0
59375628	-1	30456	0	0	0	0	0
59375627	-1	30455	0	0	0	0	0
59375626	-1	30454	0	0	0	0	0
59375625	-1	30453	0	0	0	0	0
59375624	-1	30452	0	0	0	0	0
59375623	-1	30451	0	0	0	0	0
38600771	1	23831	0	0	0	0	0
38600771	0	18570	0	0	0	0	0
38600769	1	23830	0	0	0	0	0
38600769	0	18569	0	0	0	0	0
38600768	1	23831	0	0	0	0	0
38600768	0	18568	0	0	0	0	0
38600767	1	23830	0	0	0	0	0
38600767	0	18567	0	0	0	0	0
38600766	1	23829	0	0	0	0	0
38600766	0	18566	0	0	0	0	0
38600763	8	18512	0	0	0	0	0
38600763	7	18511	0	0	0	0	0
38600763	6	18510	0	0	0	0	0
38600763	5	18509	0	0	0	0	0
38600763	4	18508	0	0	0	0	0
38600763	3	18507	0	0	0	0	0
38600763	2	18506	0	0	0	0	0
38600763	1	18505	0	0	0	0	0
38600763	0	18504	0	0	0	0	0
38600761	8	18503	0	0	0	0	0
38600761	7	18502	0	0	0	0	0
38600761	6	18501	0	0	0	0	0
38600761	5	18500	0	0	0	0	0
38600761	4	18499	0	0	0	0	0
38600761	3	18498	0	0	0	0	0
38600761	2	18497	0	0	0	0	0
38600761	1	18496	0	0	0	0	0
38600761	0	18495	0	0	0	0	0
38600760	8	18494	0	0	0	0	0
38600760	7	18493	0	0	0	0	0
38600760	6	18492	0	0	0	0	0
38600760	5	18491	0	0	0	0	0
38600760	4	18490	0	0	0	0	0
38600760	3	18489	0	0	0	0	0
38600760	2	18488	0	0	0	0	0
38600760	1	18487	0	0	0	0	0
38600760	0	18486	0	0	0	0	0
38600759	8	18485	0	0	0	0	0
38600759	7	18484	0	0	0	0	0
38600759	6	18483	0	0	0	0	0
38600759	5	18482	0	0	0	0	0
38600759	4	18481	0	0	0	0	0
38600759	3	18480	0	0	0	0	0
38600759	2	18479	0	0	0	0	0
38600759	1	18478	0	0	0	0	0
38600759	0	18477	0	0	0	0	0
38600758	8	18476	0	0	0	0	0
38600758	7	18475	0	0	0	0	0
38600758	6	18474	0	0	0	0	0
38600758	5	18473	0	0	0	0	0
38600758	4	18472	0	0	0	0	0
38600758	3	18471	0	0	0	0	0
38600758	2	18470	0	0	0	0	0
38600758	1	18469	0	0	0	0	0
38600758	0	18468	0	0	0	0	0
38600757	1	23828	0	0	0	0	0
38600757	0	18570	0	0	0	0	0
38600755	1	23827	0	0	0	0	0
38600755	0	18569	0	0	0	0	0
38600754	1	23828	0	0	0	0	0
38600754	0	18568	0	0	0	0	0
38600753	1	23827	0	0	0	0	0
38600753	0	18567	0	0	0	0	0
38600752	1	23826	0	0	0	0	0
38600752	0	18566	0	0	0	0	0
38600746	3	791	0	0	0	0	0
38600746	2	789	0	0	0	0	0
38600746	1	790	0	0	0	0	0
38600746	4	773	0	0	0	0	0
38600746	5	788	0	0	0	0	0
38600746	6	792	0	0	0	0	0
38600739	8	21289	0	0	0	0	0
38600739	7	21288	0	0	0	0	0
38600739	6	21287	0	0	0	0	0
38600739	5	21286	0	0	0	0	0
38600739	4	21285	0	0	0	0	0
38600739	3	21284	0	0	0	0	0
38600739	2	21283	0	0	0	0	0
38600739	1	21282	0	0	0	0	0
38600739	0	21281	0	0	0	0	0
38600725	3	791	0	0	0	0	0
38600725	2	789	0	0	0	0	0
38600725	1	790	0	0	0	0	0
38600725	4	773	0	0	0	0	0
38600725	5	788	0	0	0	0	0
38600725	6	792	0	0	0	0	0
38600722	8	18238	0	0	0	0	0
38600722	7	18237	0	0	0	0	0
38600722	6	18236	0	0	0	0	0
38600722	5	18235	0	0	0	0	0
38600722	4	18234	0	0	0	0	0
38600722	3	18233	0	0	0	0	0
38600722	2	18232	0	0	0	0	0
38600722	1	18231	0	0	0	0	0
38600722	0	18230	0	0	0	0	0
38600721	8	18247	0	0	0	0	0
38600721	7	18246	0	0	0	0	0
38600721	6	18245	0	0	0	0	0
38600721	5	18244	0	0	0	0	0
38600721	4	18243	0	0	0	0	0
38600721	3	18242	0	0	0	0	0
38600721	2	18241	0	0	0	0	0
38600721	1	18240	0	0	0	0	0
38600721	0	18239	0	0	0	0	0
38600718	8	18238	0	0	0	0	0
38600718	7	18237	0	0	0	0	0
38600718	6	18236	0	0	0	0	0
38600718	5	18235	0	0	0	0	0
38600718	4	18234	0	0	0	0	0
38600718	3	18233	0	0	0	0	0
38600718	2	18232	0	0	0	0	0
38600718	1	18231	0	0	0	0	0
38600718	0	18230	0	0	0	0	0
38600714	8	18238	0	0	0	0	0
38600714	7	18237	0	0	0	0	0
38600714	6	18236	0	0	0	0	0
38600714	5	18235	0	0	0	0	0
38600714	4	18234	0	0	0	0	0
38600714	3	18233	0	0	0	0	0
38600714	2	18232	0	0	0	0	0
38600714	1	18231	0	0	0	0	0
38600714	0	18230	0	0	0	0	0
38600707	-1	23747	0	0	0	0	0
4653082	-1	20317	0	0	0	0	0
4653059	-1	20314	0	0	0	0	0
